"../../../Engine/Plugins/2D/Paper2D/Content/PlaceholderTextures/DummySpriteTexture.ubulk" 0
"../../../Engine/Plugins/2D/Paper2D/Content/PlaceholderTextures/DummySpriteTexture.uasset" 1
"../../../Engine/Plugins/2D/Paper2D/Content/PlaceholderTextures/DummySpriteTexture.uexp" 2
"../../../Engine/Plugins/2D/Paper2D/Content/DummySprite.uasset" 3
"../../../Engine/Plugins/2D/Paper2D/Content/DummySprite.uexp" 4
"../../../Engine/Plugins/2D/Paper2D/Content/DefaultPaperTerrainMaterial.uasset" 5
"../../../Engine/Plugins/2D/Paper2D/Content/DefaultPaperTerrainMaterial.uexp" 6
"../../../Engine/Plugins/Animation/ACLPlugin/Content/ACLAnimBoneCompressionSettings.uasset" 7
"../../../Engine/Plugins/Animation/ACLPlugin/Content/ACLAnimBoneCompressionSettings.uexp" 8
"../../../Engine/Content/EngineFonts/Faces/DroidSansFallback.uexp" 9
"../../../Engine/Content/EngineFonts/Faces/DroidSansFallback.uasset" 10
"../../../Engine/Content/EngineFonts/Faces/DroidSansFallback.ufont" 11
"../../../Engine/Content/EngineFonts/Faces/RobotoBold.uexp" 12
"../../../Engine/Content/EngineFonts/Faces/RobotoBold.uasset" 13
"../../../Engine/Content/EngineFonts/Faces/RobotoBold.ufont" 14
"../../../Engine/Content/EngineFonts/Faces/RobotoBoldItalic.uexp" 15
"../../../Engine/Content/EngineFonts/Faces/RobotoBoldItalic.uasset" 16
"../../../Engine/Content/EngineFonts/Faces/RobotoBoldItalic.ufont" 17
"../../../Engine/Content/EngineFonts/Faces/RobotoItalic.uexp" 18
"../../../Engine/Content/EngineFonts/Faces/RobotoItalic.uasset" 19
"../../../Engine/Content/EngineFonts/Faces/RobotoItalic.ufont" 20
"../../../Engine/Content/EngineFonts/Faces/RobotoLight.uexp" 21
"../../../Engine/Content/EngineFonts/Faces/RobotoLight.uasset" 22
"../../../Engine/Content/EngineFonts/Faces/RobotoLight.ufont" 23
"../../../Engine/Content/EngineFonts/Faces/RobotoRegular.uexp" 24
"../../../Engine/Content/EngineFonts/Faces/RobotoRegular.uasset" 25
"../../../Engine/Content/EngineFonts/Faces/RobotoRegular.ufont" 26
"../../../Engine/Content/EngineFonts/Roboto.uasset" 27
"../../../Engine/Content/EngineFonts/Roboto.uexp" 28
"../../../Engine/Content/EngineMaterials/DefaultDestructiblePhysicalMaterial.uasset" 29
"../../../Engine/Content/EngineMaterials/DefaultDestructiblePhysicalMaterial.uexp" 30
"../../../Engine/Content/EngineSounds/Master.uasset" 31
"../../../Engine/Content/EngineSounds/Master.uexp" 32
"../../../Engine/Plugins/Interchange/Runtime/Content/Pipelines/DefaultAssetsPipeline.uasset" 33
"../../../Engine/Plugins/Interchange/Runtime/Content/Pipelines/DefaultAssetsPipeline.uexp" 34
"../../../Engine/Plugins/Interchange/Runtime/Content/Pipelines/DefaultAudioPipeline.uasset" 35
"../../../Engine/Plugins/Interchange/Runtime/Content/Pipelines/DefaultAudioPipeline.uexp" 36
"../../../Engine/Plugins/Interchange/Runtime/Content/Pipelines/DefaultGLTFAssetsPipeline.uasset" 37
"../../../Engine/Plugins/Interchange/Runtime/Content/Pipelines/DefaultGLTFAssetsPipeline.uexp" 38
"../../../Engine/Plugins/Interchange/Runtime/Content/Pipelines/DefaultGLTFPipeline.uasset" 39
"../../../Engine/Plugins/Interchange/Runtime/Content/Pipelines/DefaultGLTFPipeline.uexp" 40
"../../../Engine/Plugins/Interchange/Runtime/Content/Pipelines/DefaultGLTFSceneAssetsPipeline.uasset" 41
"../../../Engine/Plugins/Interchange/Runtime/Content/Pipelines/DefaultGLTFSceneAssetsPipeline.uexp" 42
"../../../Engine/Plugins/Interchange/Runtime/Content/Pipelines/DefaultMaterialPipeline.uasset" 43
"../../../Engine/Plugins/Interchange/Runtime/Content/Pipelines/DefaultMaterialPipeline.uexp" 44
"../../../Engine/Plugins/Interchange/Runtime/Content/Pipelines/DefaultMaterialXPipeline.uasset" 45
"../../../Engine/Plugins/Interchange/Runtime/Content/Pipelines/DefaultMaterialXPipeline.uexp" 46
"../../../Engine/Plugins/Interchange/Runtime/Content/Pipelines/DefaultSceneAssetsPipeline.uasset" 47
"../../../Engine/Plugins/Interchange/Runtime/Content/Pipelines/DefaultSceneAssetsPipeline.uexp" 48
"../../../Engine/Plugins/Interchange/Runtime/Content/Pipelines/DefaultSceneLevelPipeline.uasset" 49
"../../../Engine/Plugins/Interchange/Runtime/Content/Pipelines/DefaultSceneLevelPipeline.uexp" 50
"../../../Engine/Plugins/Interchange/Runtime/Content/Pipelines/DefaultTexturePipeline.uasset" 51
"../../../Engine/Plugins/Interchange/Runtime/Content/Pipelines/DefaultTexturePipeline.uexp" 52
"../../../Engine/Content/EngineMaterials/T_Default_Material_Grid_M.ubulk" 53
"../../../Engine/Content/EngineMaterials/T_Default_Material_Grid_M.uasset" 54
"../../../Engine/Content/EngineMaterials/T_Default_Material_Grid_M.uexp" 55
"../../../Engine/Content/EngineMaterials/T_Default_Material_Grid_N.ubulk" 56
"../../../Engine/Content/EngineMaterials/T_Default_Material_Grid_N.uasset" 57
"../../../Engine/Content/EngineMaterials/T_Default_Material_Grid_N.uexp" 58
"../../../Engine/Content/Functions/Engine_MaterialFunctions01/Opacity/CameraDepthFade.uasset" 59
"../../../Engine/Content/Functions/Engine_MaterialFunctions01/Opacity/CameraDepthFade.uexp" 60
"../../../Engine/Content/EngineMaterials/WorldGridMaterial.uasset" 61
"../../../Engine/Content/EngineMaterials/WorldGridMaterial.uexp" 62
"../../../Engine/Plugins/Media/MediaPlate/Content/SM_MediaPlateScreen.ubulk" 63
"../../../Engine/Plugins/Media/MediaPlate/Content/SM_MediaPlateScreen.uasset" 64
"../../../Engine/Plugins/Media/MediaPlate/Content/SM_MediaPlateScreen.uexp" 65
"../../../Engine/Plugins/NNE/NNEDenoiser/Content/NNEDIM_ColorAlbedoNormal_Alpha.uasset" 66
"../../../Engine/Plugins/NNE/NNEDenoiser/Content/NNEDIM_ColorAlbedoNormal_Alpha.uexp" 67
"../../../Engine/Plugins/NNE/NNEDenoiser/Content/NNEDIM_ColorAlbedoNormal_Default.uasset" 68
"../../../Engine/Plugins/NNE/NNEDenoiser/Content/NNEDIM_ColorAlbedoNormal_Default.uexp" 69
"../../../Engine/Plugins/NNE/NNEDenoiser/Content/NNEDIM_HighQuality_Alpha.uasset" 70
"../../../Engine/Plugins/NNE/NNEDenoiser/Content/NNEDIM_HighQuality_Alpha.uexp" 71
"../../../Engine/Plugins/NNE/NNEDenoiser/Content/NNEDIM_HighQuality_Default.uasset" 72
"../../../Engine/Plugins/NNE/NNEDenoiser/Content/NNEDIM_HighQuality_Default.uexp" 73
"../../../Engine/Plugins/NNE/NNEDenoiser/Content/NNEDOM_Output_Alpha.uasset" 74
"../../../Engine/Plugins/NNE/NNEDenoiser/Content/NNEDOM_Output_Alpha.uexp" 75
"../../../Engine/Plugins/NNE/NNEDenoiser/Content/NNEDOM_Output_Default.uasset" 76
"../../../Engine/Plugins/NNE/NNEDenoiser/Content/NNEDOM_Output_Default.uexp" 77
"../../../Engine/Plugins/NNE/NNEDenoiser/Content/NNEDTIM_ColorAlbedoNormal_Alpha.uasset" 78
"../../../Engine/Plugins/NNE/NNEDenoiser/Content/NNEDTIM_ColorAlbedoNormal_Alpha.uexp" 79
"../../../Engine/Plugins/NNE/NNEDenoiser/Content/NNEDTIM_ColorAlbedoNormal_Default.uasset" 80
"../../../Engine/Plugins/NNE/NNEDenoiser/Content/NNEDTIM_ColorAlbedoNormal_Default.uexp" 81
"../../../Engine/Plugins/NNE/NNEDenoiser/Content/NNEDTOM_Output_Alpha.uasset" 82
"../../../Engine/Plugins/NNE/NNEDenoiser/Content/NNEDTOM_Output_Alpha.uexp" 83
"../../../Engine/Plugins/NNE/NNEDenoiser/Content/NNEDTOM_Output_Default.uasset" 84
"../../../Engine/Plugins/NNE/NNEDenoiser/Content/NNEDTOM_Output_Default.uexp" 85
"../../../Engine/Plugins/NNE/NNEDenoiser/Content/NNEDT_Oidn2-3_Balanced.uasset" 86
"../../../Engine/Plugins/NNE/NNEDenoiser/Content/NNEDT_Oidn2-3_Balanced.uexp" 87
"../../../Engine/Plugins/NNE/NNEDenoiser/Content/NNEDT_Oidn2-3_Balanced_Alpha.uasset" 88
"../../../Engine/Plugins/NNE/NNEDenoiser/Content/NNEDT_Oidn2-3_Balanced_Alpha.uexp" 89
"../../../Engine/Plugins/NNE/NNEDenoiser/Content/NNED_Oidn2-3_Balanced.uasset" 90
"../../../Engine/Plugins/NNE/NNEDenoiser/Content/NNED_Oidn2-3_Balanced.uexp" 91
"../../../Engine/Plugins/NNE/NNEDenoiser/Content/NNED_Oidn2-3_Balanced_Alpha.uasset" 92
"../../../Engine/Plugins/NNE/NNEDenoiser/Content/NNED_Oidn2-3_Balanced_Alpha.uexp" 93
"../../../Engine/Plugins/NNE/NNEDenoiser/Content/NNED_Oidn2-3_Fast.uasset" 94
"../../../Engine/Plugins/NNE/NNEDenoiser/Content/NNED_Oidn2-3_Fast.uexp" 95
"../../../Engine/Plugins/NNE/NNEDenoiser/Content/NNED_Oidn2-3_Fast_Alpha.uasset" 96
"../../../Engine/Plugins/NNE/NNEDenoiser/Content/NNED_Oidn2-3_Fast_Alpha.uexp" 97
"../../../Engine/Plugins/NNE/NNEDenoiser/Content/NNED_Oidn2-3_HighQuality.uasset" 98
"../../../Engine/Plugins/NNE/NNEDenoiser/Content/NNED_Oidn2-3_HighQuality.uexp" 99
"../../../Engine/Plugins/NNE/NNEDenoiser/Content/NNED_Oidn2-3_HighQuality_Alpha.uasset" 100
"../../../Engine/Plugins/NNE/NNEDenoiser/Content/NNED_Oidn2-3_HighQuality_Alpha.uexp" 101
"../../../Engine/Plugins/NNE/NNEDenoiser/Content/NNE_oidn2-3-0_rt_hdr_alb_nrm_small__dyn__fp16_opset11_DenoiseAlpha.uasset" 102
"../../../Engine/Plugins/NNE/NNEDenoiser/Content/NNE_oidn2-3-0_rt_hdr_alb_nrm_small__dyn__fp16_opset11_DenoiseAlpha.uexp" 103
"../../../Engine/Plugins/NNE/NNEDenoiser/Content/NNE_oidn2-3-0_rt_hdr_alb_nrm_small__dyn__fp16_opset11_ForwardAlpha.uasset" 104
"../../../Engine/Plugins/NNE/NNEDenoiser/Content/NNE_oidn2-3-0_rt_hdr_alb_nrm_small__dyn__fp16_opset11_ForwardAlpha.uexp" 105
"../../../Engine/Plugins/NNE/NNEDenoiser/Content/NNE_oidn2-3-0_rt_hdr_alb_nrm__dyn__fp16_opset11_DenoiseAlpha.uasset" 106
"../../../Engine/Plugins/NNE/NNEDenoiser/Content/NNE_oidn2-3-0_rt_hdr_alb_nrm__dyn__fp16_opset11_DenoiseAlpha.uexp" 107
"../../../Engine/Plugins/NNE/NNEDenoiser/Content/NNE_oidn2-3-0_rt_hdr_alb_nrm__dyn__fp16_opset11_ForwardAlpha.uasset" 108
"../../../Engine/Plugins/NNE/NNEDenoiser/Content/NNE_oidn2-3-0_rt_hdr_alb_nrm__dyn__fp16_opset11_ForwardAlpha.uexp" 109
"../../../Engine/Plugins/NNE/NNEDenoiser/Content/NNE_oidn2-3-0_rt_hdr_calb_cnrm_large__dyn__fp16_opset11_DenoiseAlpha.uasset" 110
"../../../Engine/Plugins/NNE/NNEDenoiser/Content/NNE_oidn2-3-0_rt_hdr_calb_cnrm_large__dyn__fp16_opset11_DenoiseAlpha.uexp" 111
"../../../Engine/Plugins/NNE/NNEDenoiser/Content/NNE_oidn2-3-0_rt_hdr_calb_cnrm_large__dyn__fp16_opset11_ForwardAlpha.uasset" 112
"../../../Engine/Plugins/NNE/NNEDenoiser/Content/NNE_oidn2-3-0_rt_hdr_calb_cnrm_large__dyn__fp16_opset11_ForwardAlpha.uexp" 113
"../../../Engine/Content/EditorLandscapeResources/DefaultAlphaTexture.uasset" 114
"../../../Engine/Content/EditorLandscapeResources/DefaultAlphaTexture.uexp" 115
"../../../Engine/Content/EditorLandscapeResources/ColorMaskBrushMaterial.uasset" 116
"../../../Engine/Content/EditorLandscapeResources/ColorMaskBrushMaterial.uexp" 117
"../../../Engine/Content/EditorLandscapeResources/ColorMaskBrushMaterial_MaskedRegion.uasset" 118
"../../../Engine/Content/EditorLandscapeResources/ColorMaskBrushMaterial_MaskedRegion.uexp" 119
"../../../Engine/Content/EditorLandscapeResources/LandscapeDirtyMaterial.uasset" 120
"../../../Engine/Content/EditorLandscapeResources/LandscapeDirtyMaterial.uexp" 121
"../../../Engine/Content/EngineMaterials/DefaultDiffuse.ubulk" 122
"../../../Engine/Content/EngineMaterials/DefaultDiffuse.uasset" 123
"../../../Engine/Content/EngineMaterials/DefaultDiffuse.uexp" 124
"../../../Engine/Content/Functions/Engine_MaterialFunctions01/Texturing/TextureCropping.uasset" 125
"../../../Engine/Content/Functions/Engine_MaterialFunctions01/Texturing/TextureCropping.uexp" 126
"../../../Engine/Content/Functions/Engine_MaterialFunctions02/ExampleContent/DebugNumberStrip.uasset" 127
"../../../Engine/Content/Functions/Engine_MaterialFunctions02/ExampleContent/DebugNumberStrip.uexp" 128
"../../../Engine/Content/Functions/Engine_MaterialFunctions01/Debug/DebugIntValues.uasset" 129
"../../../Engine/Content/Functions/Engine_MaterialFunctions01/Debug/DebugIntValues.uexp" 130
"../../../Engine/Content/Functions/Engine_MaterialFunctions02/Utility/BreakOutFloat2Components.uasset" 131
"../../../Engine/Content/Functions/Engine_MaterialFunctions02/Utility/BreakOutFloat2Components.uexp" 132
"../../../Engine/Content/Functions/Engine_MaterialFunctions01/Texturing/ScaleUVsByCenter.uasset" 133
"../../../Engine/Content/Functions/Engine_MaterialFunctions01/Texturing/ScaleUVsByCenter.uexp" 134
"../../../Engine/Content/Functions/Engine_MaterialFunctions02/WorldPositionOffset/LocalPosition.uasset" 135
"../../../Engine/Content/Functions/Engine_MaterialFunctions02/WorldPositionOffset/LocalPosition.uexp" 136
"../../../Engine/Content/EditorLandscapeResources/LandscapeLayerUsageMaterial.uasset" 137
"../../../Engine/Content/EditorLandscapeResources/LandscapeLayerUsageMaterial.uexp" 138
"../../../Engine/Content/EditorLandscapeResources/WhiteSquareTexture.uasset" 139
"../../../Engine/Content/EditorLandscapeResources/WhiteSquareTexture.uexp" 140
"../../../Engine/Content/EditorLandscapeResources/LayerVisMaterial.uasset" 141
"../../../Engine/Content/EditorLandscapeResources/LayerVisMaterial.uexp" 142
"../../../Engine/Content/Functions/Engine_MaterialFunctions02/Utility/MakeFloat3.uasset" 143
"../../../Engine/Content/Functions/Engine_MaterialFunctions02/Utility/MakeFloat3.uexp" 144
"../../../Engine/Content/Functions/Engine_MaterialFunctions03/Math/WithinRangeFloat2.uasset" 145
"../../../Engine/Content/Functions/Engine_MaterialFunctions03/Math/WithinRangeFloat2.uexp" 146
"../../../Engine/Content/EditorLandscapeResources/MaskBrushMaterial.uasset" 147
"../../../Engine/Content/EditorLandscapeResources/MaskBrushMaterial.uexp" 148
"../../../Engine/Content/EditorLandscapeResources/MaskBrushMaterial_MaskedRegion.uasset" 149
"../../../Engine/Content/EditorLandscapeResources/MaskBrushMaterial_MaskedRegion.uexp" 150
"../../../Engine/Content/EditorLandscapeResources/SelectBrushMaterial.uasset" 151
"../../../Engine/Content/EditorLandscapeResources/SelectBrushMaterial.uexp" 152
"../../../Engine/Content/EditorLandscapeResources/SelectBrushMaterial_Selected.uasset" 153
"../../../Engine/Content/EditorLandscapeResources/SelectBrushMaterial_Selected.uexp" 154
"../../../Engine/Content/EditorLandscapeResources/SelectBrushMaterial_SelectedRegion.uasset" 155
"../../../Engine/Content/EditorLandscapeResources/SelectBrushMaterial_SelectedRegion.uexp" 156
"../../../Engine/Content/EditorLandscapeResources/SplineEditorMeshMat.uasset" 157
"../../../Engine/Content/EditorLandscapeResources/SplineEditorMeshMat.uexp" 158
"../../../Engine/Content/EditorLandscapeResources/SplineEditorMesh.ubulk" 159
"../../../Engine/Content/EditorLandscapeResources/SplineEditorMesh.uasset" 160
"../../../Engine/Content/EditorLandscapeResources/SplineEditorMesh.uexp" 161
"../../../Engine/Content/EngineDebugMaterials/DebugEditorMaterial.uasset" 162
"../../../Engine/Content/EngineDebugMaterials/DebugEditorMaterial.uexp" 163
"../../../Engine/Content/EditorResources/S_Solver.ubulk" 164
"../../../Engine/Content/EditorResources/S_Solver.uasset" 165
"../../../Engine/Content/EditorResources/S_Solver.uexp" 166
"../../../Engine/Content/EditorMaterials/PhAT_NoCollisionMaterial.uasset" 167
"../../../Engine/Content/EditorMaterials/PhAT_NoCollisionMaterial.uexp" 168
"../../../Engine/Content/EngineDebugMaterials/DebugMeshMaterial.uasset" 169
"../../../Engine/Content/EngineDebugMaterials/DebugMeshMaterial.uexp" 170
"../../../Engine/Content/EditorMaterials/PhAT_UnselectedMaterial.uasset" 171
"../../../Engine/Content/EditorMaterials/PhAT_UnselectedMaterial.uexp" 172
"../../../Engine/Content/EditorResources/S_Terrain.ubulk" 173
"../../../Engine/Content/EditorResources/S_Terrain.uasset" 174
"../../../Engine/Content/EditorResources/S_Terrain.uexp" 175
"../../../Engine/Content/EditorMaterials/PreviewShadowIndicator.ubulk" 176
"../../../Engine/Content/EditorMaterials/PreviewShadowIndicator.uasset" 177
"../../../Engine/Content/EditorMaterials/PreviewShadowIndicator.uexp" 178
"../../../Engine/Content/EditorMaterials/PreviewShadowIndicatorMaterial.uasset" 179
"../../../Engine/Content/EditorMaterials/PreviewShadowIndicatorMaterial.uexp" 180
"../../../Engine/Content/EditorResources/S_Trigger.ubulk" 181
"../../../Engine/Content/EditorResources/S_Trigger.uasset" 182
"../../../Engine/Content/EditorResources/S_Trigger.uexp" 183
"../../../Engine/Content/EditorResources/S_TriggerBox.uasset" 184
"../../../Engine/Content/EditorResources/S_TriggerBox.uexp" 185
"../../../Engine/Content/EditorResources/S_TriggerCapsule.uasset" 186
"../../../Engine/Content/EditorResources/S_TriggerCapsule.uexp" 187
"../../../Engine/Content/EditorResources/S_TriggerSphere.uasset" 188
"../../../Engine/Content/EditorResources/S_TriggerSphere.uexp" 189
"../../../Engine/Content/EngineMaterials/GizmoMaterial.uasset" 190
"../../../Engine/Content/EngineMaterials/GizmoMaterial.uexp" 191
"../../../Engine/Content/EngineDebugMaterials/M_SimpleUnlitTranslucent.uasset" 192
"../../../Engine/Content/EngineDebugMaterials/M_SimpleUnlitTranslucent.uexp" 193
"../../../Engine/Content/Functions/Engine_MaterialFunctions02/Utility/CameraDirectionVector.uasset" 194
"../../../Engine/Content/Functions/Engine_MaterialFunctions02/Utility/CameraDirectionVector.uexp" 195
"../../../Engine/Content/EngineDebugMaterials/VolumeToRender.uasset" 196
"../../../Engine/Content/EngineDebugMaterials/VolumeToRender.uexp" 197
"../../../Engine/Content/EngineDebugMaterials/M_VolumeRenderSphereTracePP.uasset" 198
"../../../Engine/Content/EngineDebugMaterials/M_VolumeRenderSphereTracePP.uexp" 199
"../../../Engine/Content/EditorResources/BSPVertex.uasset" 200
"../../../Engine/Content/EditorResources/BSPVertex.uexp" 201
"../../../Engine/Content/EngineDamageTypes/DmgTypeBP_Environmental.uasset" 202
"../../../Engine/Content/EngineDamageTypes/DmgTypeBP_Environmental.uexp" 203
"../../../Engine/Content/EngineMaterials/MiniFont.uasset" 204
"../../../Engine/Content/EngineMaterials/MiniFont.uexp" 205
"../../../Engine/Content/EditorResources/S_Actor.ubulk" 206
"../../../Engine/Content/EditorResources/S_Actor.uasset" 207
"../../../Engine/Content/EditorResources/S_Actor.uexp" 208
"../../../Engine/Content/EngineResources/WhiteSquareTexture.uasset" 209
"../../../Engine/Content/EngineResources/WhiteSquareTexture.uexp" 210
"../../../Engine/Content/EngineMaterials/Widget3DPassThrough.uasset" 211
"../../../Engine/Content/EngineMaterials/Widget3DPassThrough.uexp" 212
"../../../Engine/Content/EngineMaterials/Widget3DPassThrough_Masked.uasset" 213
"../../../Engine/Content/EngineMaterials/Widget3DPassThrough_Masked.uexp" 214
"../../../Engine/Content/EngineMaterials/InvalidLightmapSettings.ubulk" 215
"../../../Engine/Content/EngineMaterials/InvalidLightmapSettings.uasset" 216
"../../../Engine/Content/EngineMaterials/InvalidLightmapSettings.uexp" 217
"../../../Engine/Content/EngineMaterials/M_InvalidLightmapSettings.uasset" 218
"../../../Engine/Content/EngineMaterials/M_InvalidLightmapSettings.uexp" 219
"../../../Engine/Content/EngineMaterials/NaniteHiddenSectionMaterial.uasset" 220
"../../../Engine/Content/EngineMaterials/NaniteHiddenSectionMaterial.uexp" 221
"../../../Engine/Content/EngineMaterials/Widget3DPassThrough_Opaque.uasset" 222
"../../../Engine/Content/EngineMaterials/Widget3DPassThrough_Opaque.uexp" 223
"../../../Engine/Content/EngineMaterials/Widget3DPassThrough_Masked_OneSided.uasset" 224
"../../../Engine/Content/EngineMaterials/Widget3DPassThrough_Masked_OneSided.uexp" 225
"../../../Engine/Content/EngineMaterials/Widget3DPassThrough_Opaque_OneSided.uasset" 226
"../../../Engine/Content/EngineMaterials/Widget3DPassThrough_Opaque_OneSided.uexp" 227
"../../../Engine/Content/EngineMaterials/Widget3DPassThrough_Translucent.uasset" 228
"../../../Engine/Content/EngineMaterials/Widget3DPassThrough_Translucent.uexp" 229
"../../../Engine/Content/EngineMaterials/Widget3DPassThrough_Translucent_OneSided.uasset" 230
"../../../Engine/Content/EngineMaterials/Widget3DPassThrough_Translucent_OneSided.uexp" 231
"../../../Engine/Content/EditorResources/S_BoxReflectionCapture.uasset" 232
"../../../Engine/Content/EditorResources/S_BoxReflectionCapture.uexp" 233
"../../../Engine/Content/EngineResources/LandscapeVisibilityLayerInfo.uasset" 234
"../../../Engine/Content/EngineResources/LandscapeVisibilityLayerInfo.uexp" 235
"../../../Engine/Content/Functions/Engine_MaterialFunctions02/WorldPositionOffset/CameraOffset.uasset" 236
"../../../Engine/Content/Functions/Engine_MaterialFunctions02/WorldPositionOffset/CameraOffset.uexp" 237
"../../../Engine/Content/EngineMaterials/PhAT_JointLimitMaterial.uasset" 238
"../../../Engine/Content/EngineMaterials/PhAT_JointLimitMaterial.uexp" 239
"../../../Engine/Content/EngineMaterials/DefaultCalibrationColor.uasset" 240
"../../../Engine/Content/EngineMaterials/DefaultCalibrationColor.uexp" 241
"../../../Engine/Content/EngineMaterials/PPM_DefaultCalibrationColor.uasset" 242
"../../../Engine/Content/EngineMaterials/PPM_DefaultCalibrationColor.uexp" 243
"../../../Engine/Content/EngineMaterials/DefaultCalibrationGrayscale.uasset" 244
"../../../Engine/Content/EngineMaterials/DefaultCalibrationGrayscale.uexp" 245
"../../../Engine/Content/EngineMaterials/PPM_DefaultCalibrationGrayscale.uasset" 246
"../../../Engine/Content/EngineMaterials/PPM_DefaultCalibrationGrayscale.uexp" 247
"../../../Engine/Content/EngineMaterials/PreintegratedSkinBRDF.uasset" 248
"../../../Engine/Content/EngineMaterials/PreintegratedSkinBRDF.uexp" 249
"../../../Engine/Content/EngineMaterials/DefaultBloomKernel.uasset" 250
"../../../Engine/Content/EngineMaterials/DefaultBloomKernel.uexp" 251
"../../../Engine/Content/EngineMaterials/DefaultBokeh.uasset" 252
"../../../Engine/Content/EngineMaterials/DefaultBokeh.uexp" 253
"../../../Engine/Plugins/Animation/ControlRig/Content/Controls/ControlRigGizmoMaterial.uasset" 254
"../../../Engine/Plugins/Animation/ControlRig/Content/Controls/ControlRigGizmoMaterial.uexp" 255
"../../../Engine/Content/EngineMaterials/RemoveSurfaceMaterial.uasset" 256
"../../../Engine/Content/EngineMaterials/RemoveSurfaceMaterial.uexp" 257
"../../../Engine/Content/EngineMeshes/Sphere.ubulk" 258
"../../../Engine/Content/EngineMeshes/Sphere.uasset" 259
"../../../Engine/Content/EngineMeshes/Sphere.uexp" 260
"../../../Engine/Plugins/Animation/ControlRig/Content/Controls/ControlRigXRayMaterial.uasset" 261
"../../../Engine/Plugins/Animation/ControlRig/Content/Controls/ControlRigXRayMaterial.uexp" 262
"../../../Engine/Plugins/Animation/ControlRig/Content/Controls/ControlRig_Arrow2_1mm.ubulk" 263
"../../../Engine/Plugins/Animation/ControlRig/Content/Controls/ControlRig_Arrow2_1mm.uasset" 264
"../../../Engine/Plugins/Animation/ControlRig/Content/Controls/ControlRig_Arrow2_1mm.uexp" 265
"../../../Engine/Content/EngineMaterials/SMAAAreaTex.uasset" 266
"../../../Engine/Content/EngineMaterials/SMAAAreaTex.uexp" 267
"../../../Engine/Content/EngineMaterials/DefaultDeferredDecalMaterial.uasset" 268
"../../../Engine/Content/EngineMaterials/DefaultDeferredDecalMaterial.uexp" 269
"../../../Engine/Content/EngineMaterials/SMAASearchTex.uasset" 270
"../../../Engine/Content/EngineMaterials/SMAASearchTex.uexp" 271
"../../../Engine/Plugins/Animation/ControlRig/Content/Controls/ControlRig_Arrow2_3mm.ubulk" 272
"../../../Engine/Plugins/Animation/ControlRig/Content/Controls/ControlRig_Arrow2_3mm.uasset" 273
"../../../Engine/Plugins/Animation/ControlRig/Content/Controls/ControlRig_Arrow2_3mm.uexp" 274
"../../../Engine/Plugins/Animation/ControlRig/Content/Controls/ControlRig_Arrow2_solid.ubulk" 275
"../../../Engine/Plugins/Animation/ControlRig/Content/Controls/ControlRig_Arrow2_solid.uasset" 276
"../../../Engine/Plugins/Animation/ControlRig/Content/Controls/ControlRig_Arrow2_solid.uexp" 277
"../../../Engine/Plugins/Animation/ControlRig/Content/Controls/ControlRig_Arrow4_1mm.ubulk" 278
"../../../Engine/Plugins/Animation/ControlRig/Content/Controls/ControlRig_Arrow4_1mm.uasset" 279
"../../../Engine/Plugins/Animation/ControlRig/Content/Controls/ControlRig_Arrow4_1mm.uexp" 280
"../../../Engine/Content/EngineMaterials/DefaultLightFunctionMaterial.uasset" 281
"../../../Engine/Content/EngineMaterials/DefaultLightFunctionMaterial.uexp" 282
"../../../Engine/Plugins/Animation/ControlRig/Content/Controls/ControlRig_Arrow4_3mm.ubulk" 283
"../../../Engine/Plugins/Animation/ControlRig/Content/Controls/ControlRig_Arrow4_3mm.uasset" 284
"../../../Engine/Plugins/Animation/ControlRig/Content/Controls/ControlRig_Arrow4_3mm.uexp" 285
"../../../Engine/Plugins/Animation/ControlRig/Content/Controls/ControlRig_Arrow4_solid.ubulk" 286
"../../../Engine/Plugins/Animation/ControlRig/Content/Controls/ControlRig_Arrow4_solid.uasset" 287
"../../../Engine/Plugins/Animation/ControlRig/Content/Controls/ControlRig_Arrow4_solid.uexp" 288
"../../../Engine/Content/EngineResources/Black.uasset" 289
"../../../Engine/Content/EngineResources/Black.uexp" 290
"../../../Engine/Plugins/Animation/ControlRig/Content/Controls/ControlRig_Arrow_1mm.ubulk" 291
"../../../Engine/Plugins/Animation/ControlRig/Content/Controls/ControlRig_Arrow_1mm.uasset" 292
"../../../Engine/Plugins/Animation/ControlRig/Content/Controls/ControlRig_Arrow_1mm.uexp" 293
"../../../Engine/Plugins/Animation/ControlRig/Content/Controls/ControlRig_Arrow_3mm.ubulk" 294
"../../../Engine/Plugins/Animation/ControlRig/Content/Controls/ControlRig_Arrow_3mm.uasset" 295
"../../../Engine/Plugins/Animation/ControlRig/Content/Controls/ControlRig_Arrow_3mm.uexp" 296
"../../../Engine/Content/EngineMaterials/DefaultPostProcessMaterial.uasset" 297
"../../../Engine/Content/EngineMaterials/DefaultPostProcessMaterial.uexp" 298
"../../../Engine/Content/EngineResources/DefaultTexture.ubulk" 299
"../../../Engine/Content/EngineResources/DefaultTexture.uasset" 300
"../../../Engine/Content/EngineResources/DefaultTexture.uexp" 301
"../../../Engine/Content/EngineFonts/RobotoDistanceField.uasset" 302
"../../../Engine/Content/EngineFonts/RobotoDistanceField.uexp" 303
"../../../Engine/Content/EngineMaterials/DefaultTextMaterialOpaque.uasset" 304
"../../../Engine/Content/EngineMaterials/DefaultTextMaterialOpaque.uexp" 305
"../../../Engine/Plugins/Animation/ControlRig/Content/Controls/ControlRig_Arrow_solid.ubulk" 306
"../../../Engine/Plugins/Animation/ControlRig/Content/Controls/ControlRig_Arrow_solid.uasset" 307
"../../../Engine/Plugins/Animation/ControlRig/Content/Controls/ControlRig_Arrow_solid.uexp" 308
"../../../Engine/Content/EngineResources/DefaultTextureCube.uasset" 309
"../../../Engine/Content/EngineResources/DefaultTextureCube.uexp" 310
"../../../Engine/Plugins/Animation/ControlRig/Content/Controls/ControlRig_Box_1mm.ubulk" 311
"../../../Engine/Plugins/Animation/ControlRig/Content/Controls/ControlRig_Box_1mm.uasset" 312
"../../../Engine/Plugins/Animation/ControlRig/Content/Controls/ControlRig_Box_1mm.uexp" 313
"../../../Engine/Content/EngineMaterials/DefaultWhiteGrid.ubulk" 314
"../../../Engine/Content/EngineMaterials/DefaultWhiteGrid.uasset" 315
"../../../Engine/Content/EngineMaterials/DefaultWhiteGrid.uexp" 316
"../../../Engine/Plugins/Animation/ControlRig/Content/Controls/ControlRig_Box_3mm.ubulk" 317
"../../../Engine/Plugins/Animation/ControlRig/Content/Controls/ControlRig_Box_3mm.uasset" 318
"../../../Engine/Plugins/Animation/ControlRig/Content/Controls/ControlRig_Box_3mm.uexp" 319
"../../../Engine/Plugins/Animation/ControlRig/Content/Controls/ControlRig_Box_solid.ubulk" 320
"../../../Engine/Plugins/Animation/ControlRig/Content/Controls/ControlRig_Box_solid.uasset" 321
"../../../Engine/Plugins/Animation/ControlRig/Content/Controls/ControlRig_Box_solid.uexp" 322
"../../../Engine/Plugins/Animation/ControlRig/Content/Controls/ControlRig_Circle_1mm.ubulk" 323
"../../../Engine/Plugins/Animation/ControlRig/Content/Controls/ControlRig_Circle_1mm.uasset" 324
"../../../Engine/Plugins/Animation/ControlRig/Content/Controls/ControlRig_Circle_1mm.uexp" 325
"../../../Engine/Plugins/Animation/ControlRig/Content/Controls/ControlRig_Star4_3mm.ubulk" 326
"../../../Engine/Plugins/Animation/ControlRig/Content/Controls/ControlRig_Star4_3mm.uasset" 327
"../../../Engine/Plugins/Animation/ControlRig/Content/Controls/ControlRig_Star4_3mm.uexp" 328
"../../../Engine/Content/EngineResources/GradientTexture0.uasset" 329
"../../../Engine/Content/EngineResources/GradientTexture0.uexp" 330
"../../../Engine/Plugins/Animation/ControlRig/Content/Controls/ControlRig_Circle_3mm.ubulk" 331
"../../../Engine/Plugins/Animation/ControlRig/Content/Controls/ControlRig_Circle_3mm.uasset" 332
"../../../Engine/Plugins/Animation/ControlRig/Content/Controls/ControlRig_Circle_3mm.uexp" 333
"../../../Engine/Content/EngineMaterials/DefaultWhiteGrid_Low.uasset" 334
"../../../Engine/Content/EngineMaterials/DefaultWhiteGrid_Low.uexp" 335
"../../../Engine/Content/EngineMaterials/EmissiveMeshMaterial.uasset" 336
"../../../Engine/Content/EngineMaterials/EmissiveMeshMaterial.uexp" 337
"../../../Engine/Plugins/Animation/ControlRig/Content/Controls/ControlRig_Star4_solid.ubulk" 338
"../../../Engine/Plugins/Animation/ControlRig/Content/Controls/ControlRig_Star4_solid.uasset" 339
"../../../Engine/Plugins/Animation/ControlRig/Content/Controls/ControlRig_Star4_solid.uexp" 340
"../../../Engine/Plugins/Animation/ControlRig/Content/Controls/ControlRig_Circle_solid.ubulk" 341
"../../../Engine/Plugins/Animation/ControlRig/Content/Controls/ControlRig_Circle_solid.uasset" 342
"../../../Engine/Plugins/Animation/ControlRig/Content/Controls/ControlRig_Circle_solid.uexp" 343
"../../../Engine/Plugins/Animation/ControlRig/Content/Controls/ControlRig_Triangle_1mm.ubulk" 344
"../../../Engine/Plugins/Animation/ControlRig/Content/Controls/ControlRig_Triangle_1mm.uasset" 345
"../../../Engine/Plugins/Animation/ControlRig/Content/Controls/ControlRig_Triangle_1mm.uexp" 346
"../../../Engine/Content/EngineMaterials/FastBlueNoise_scalar_128x128x64.uasset" 347
"../../../Engine/Content/EngineMaterials/FastBlueNoise_scalar_128x128x64.uexp" 348
"../../../Engine/Plugins/Animation/ControlRig/Content/Controls/ControlRig_Diamond_1mm.ubulk" 349
"../../../Engine/Plugins/Animation/ControlRig/Content/Controls/ControlRig_Diamond_1mm.uasset" 350
"../../../Engine/Plugins/Animation/ControlRig/Content/Controls/ControlRig_Diamond_1mm.uexp" 351
"../../../Engine/Plugins/Animation/ControlRig/Content/Controls/ControlRig_Triangle_3mm.ubulk" 352
"../../../Engine/Plugins/Animation/ControlRig/Content/Controls/ControlRig_Triangle_3mm.uasset" 353
"../../../Engine/Plugins/Animation/ControlRig/Content/Controls/ControlRig_Triangle_3mm.uexp" 354
"../../../Engine/Content/EngineMaterials/FastBlueNoise_scalar_128x128x8.uasset" 355
"../../../Engine/Content/EngineMaterials/FastBlueNoise_scalar_128x128x8.uexp" 356
"../../../Engine/Plugins/Animation/ControlRig/Content/Controls/ControlRig_Diamond_3mm.ubulk" 357
"../../../Engine/Plugins/Animation/ControlRig/Content/Controls/ControlRig_Diamond_3mm.uasset" 358
"../../../Engine/Plugins/Animation/ControlRig/Content/Controls/ControlRig_Diamond_3mm.uexp" 359
"../../../Engine/Plugins/Animation/ControlRig/Content/Controls/ControlRig_Triangle_solid.ubulk" 360
"../../../Engine/Plugins/Animation/ControlRig/Content/Controls/ControlRig_Triangle_solid.uasset" 361
"../../../Engine/Plugins/Animation/ControlRig/Content/Controls/ControlRig_Triangle_solid.uexp" 362
"../../../Engine/Content/EngineMaterials/FastBlueNoise_vec2_128x128x64.uasset" 363
"../../../Engine/Content/EngineMaterials/FastBlueNoise_vec2_128x128x64.uexp" 364
"../../../Engine/Plugins/Animation/ControlRig/Content/Controls/ControlRig_Diamond_solid.ubulk" 365
"../../../Engine/Plugins/Animation/ControlRig/Content/Controls/ControlRig_Diamond_solid.uasset" 366
"../../../Engine/Plugins/Animation/ControlRig/Content/Controls/ControlRig_Diamond_solid.uexp" 367
"../../../Engine/Plugins/Animation/ControlRig/Content/Controls/ControlRig_Wedge_1mm.ubulk" 368
"../../../Engine/Plugins/Animation/ControlRig/Content/Controls/ControlRig_Wedge_1mm.uasset" 369
"../../../Engine/Plugins/Animation/ControlRig/Content/Controls/ControlRig_Wedge_1mm.uexp" 370
"../../../Engine/Plugins/Animation/ControlRig/Content/Controls/ControlRig_HalfCircle_1mm.ubulk" 371
"../../../Engine/Plugins/Animation/ControlRig/Content/Controls/ControlRig_HalfCircle_1mm.uasset" 372
"../../../Engine/Plugins/Animation/ControlRig/Content/Controls/ControlRig_HalfCircle_1mm.uexp" 373
"../../../Engine/Content/EngineMaterials/BaseFlattenDiffuseMap.uasset" 374
"../../../Engine/Content/EngineMaterials/BaseFlattenDiffuseMap.uexp" 375
"../../../Engine/Content/EngineMaterials/BaseFlattenEmissiveMap.uasset" 376
"../../../Engine/Content/EngineMaterials/BaseFlattenEmissiveMap.uexp" 377
"../../../Engine/Content/EngineMaterials/BaseFlattenGrayscaleMap.uasset" 378
"../../../Engine/Content/EngineMaterials/BaseFlattenGrayscaleMap.uexp" 379
"../../../Engine/Content/EngineMaterials/BaseFlattenLinearColor.uasset" 380
"../../../Engine/Content/EngineMaterials/BaseFlattenLinearColor.uexp" 381
"../../../Engine/Content/EngineMaterials/BaseFlattenNormalMap.uasset" 382
"../../../Engine/Content/EngineMaterials/BaseFlattenNormalMap.uexp" 383
"../../../Engine/Content/Functions/Engine_MaterialFunctions02/PivotPainter2/Black_1x1_EXR_Texture.uasset" 384
"../../../Engine/Content/Functions/Engine_MaterialFunctions02/PivotPainter2/Black_1x1_EXR_Texture.uexp" 385
"../../../Engine/Content/EngineMaterials/FlattenMaterial.uasset" 386
"../../../Engine/Content/EngineMaterials/FlattenMaterial.uexp" 387
"../../../Engine/Content/Functions/Engine_MaterialFunctions02/SplitComponents.uasset" 388
"../../../Engine/Content/Functions/Engine_MaterialFunctions02/SplitComponents.uexp" 389
"../../../Engine/Content/Functions/Engine_MaterialFunctions02/Utility/BreakOutFloat3Components.uasset" 390
"../../../Engine/Content/Functions/Engine_MaterialFunctions02/Utility/BreakOutFloat3Components.uexp" 391
"../../../Engine/Content/Functions/Engine_MaterialFunctions02/Math/Transform3x3Matrix.uasset" 392
"../../../Engine/Content/Functions/Engine_MaterialFunctions02/Math/Transform3x3Matrix.uexp" 393
"../../../Engine/Content/VREditor/SnapGrid/SnapGridMaterial.uasset" 394
"../../../Engine/Content/VREditor/SnapGrid/SnapGridMaterial.uexp" 395
"../../../Engine/Content/VREditor/SnapGrid/SnapGridPlaneMesh.ubulk" 396
"../../../Engine/Content/VREditor/SnapGrid/SnapGridPlaneMesh.uasset" 397
"../../../Engine/Content/VREditor/SnapGrid/SnapGridPlaneMesh.uexp" 398
"../../../Engine/Content/VREditor/LaserPointer/VR_LaserPower_01.ubulk" 399
"../../../Engine/Content/VREditor/LaserPointer/VR_LaserPower_01.uasset" 400
"../../../Engine/Content/VREditor/LaserPointer/VR_LaserPower_01.uexp" 401
"../../../Engine/Content/VREditor/TransformGizmo/TransformGizmoMaterial.uasset" 402
"../../../Engine/Content/VREditor/TransformGizmo/TransformGizmoMaterial.uexp" 403
"../../../Engine/Content/VREditor/TransformGizmo/TranslucentTransformGizmoMaterial.uasset" 404
"../../../Engine/Content/VREditor/TransformGizmo/TranslucentTransformGizmoMaterial.uexp" 405
"../../../Engine/Content/VREditor/TransformGizmo/PlaneTranslationHandle.ubulk" 406
"../../../Engine/Content/VREditor/TransformGizmo/PlaneTranslationHandle.uasset" 407
"../../../Engine/Content/VREditor/TransformGizmo/PlaneTranslationHandle.uexp" 408
"../../../Engine/Content/VREditor/TransformGizmo/RotationHandleFull.ubulk" 409
"../../../Engine/Content/VREditor/TransformGizmo/RotationHandleFull.uasset" 410
"../../../Engine/Content/VREditor/TransformGizmo/RotationHandleFull.uexp" 411
"../../../Engine/Content/VREditor/TransformGizmo/RotationHandleIndicator.ubulk" 412
"../../../Engine/Content/VREditor/TransformGizmo/RotationHandleIndicator.uasset" 413
"../../../Engine/Content/VREditor/TransformGizmo/RotationHandleIndicator.uexp" 414
"../../../Engine/Content/VREditor/TransformGizmo/RotationHandleQuarter.ubulk" 415
"../../../Engine/Content/VREditor/TransformGizmo/RotationHandleQuarter.uasset" 416
"../../../Engine/Content/VREditor/TransformGizmo/RotationHandleQuarter.uexp" 417
"../../../Engine/Content/VREditor/TransformGizmo/StartRotationHandleIndicator.ubulk" 418
"../../../Engine/Content/VREditor/TransformGizmo/StartRotationHandleIndicator.uasset" 419
"../../../Engine/Content/VREditor/TransformGizmo/StartRotationHandleIndicator.uexp" 420
"../../../Engine/Content/VREditor/TransformGizmo/TranslucentTransformGizmoMaterial_Inst.uasset" 421
"../../../Engine/Content/VREditor/TransformGizmo/TranslucentTransformGizmoMaterial_Inst.uexp" 422
"../../../Engine/Content/VREditor/TransformGizmo/TransformGizmoFreeRotation.ubulk" 423
"../../../Engine/Content/VREditor/TransformGizmo/TransformGizmoFreeRotation.uasset" 424
"../../../Engine/Content/VREditor/TransformGizmo/TransformGizmoFreeRotation.uexp" 425
"../../../Engine/Content/VREditor/TransformGizmo/TransformGizmoMaterial_Inst.uasset" 426
"../../../Engine/Content/VREditor/TransformGizmo/TransformGizmoMaterial_Inst.uexp" 427
"../../../Engine/Content/VREditor/TransformGizmo/TranslateArrowHandle.ubulk" 428
"../../../Engine/Content/VREditor/TransformGizmo/TranslateArrowHandle.uasset" 429
"../../../Engine/Content/VREditor/TransformGizmo/TranslateArrowHandle.uexp" 430
"../../../Engine/Content/VREditor/TransformGizmo/UniformScaleHandle.ubulk" 431
"../../../Engine/Content/VREditor/TransformGizmo/UniformScaleHandle.uasset" 432
"../../../Engine/Content/VREditor/TransformGizmo/UniformScaleHandle.uexp" 433
"../../../Engine/Content/VREditor/Sounds/UI/Drop_Item_From_ContentBrowser.ubulk" 434
"../../../Engine/Content/VREditor/Sounds/UI/Drop_Item_From_ContentBrowser.uasset" 435
"../../../Engine/Content/VREditor/Sounds/UI/Drop_Item_From_ContentBrowser.uexp" 436
"../../../Engine/Content/VREditor/Sounds/UI/Gizmo_Handle_Clicked.ubulk" 437
"../../../Engine/Content/VREditor/Sounds/UI/Gizmo_Handle_Clicked.uasset" 438
"../../../Engine/Content/VREditor/Sounds/UI/Gizmo_Handle_Clicked.uexp" 439
"../../../Engine/Content/VREditor/Sounds/UI/Object_PickUp.ubulk" 440
"../../../Engine/Content/VREditor/Sounds/UI/Object_PickUp.uasset" 441
"../../../Engine/Content/VREditor/Sounds/UI/Object_PickUp.uexp" 442
"../../../Engine/Content/VREditor/Sounds/UI/Object_Snaps_To_Another_Actor.ubulk" 443
"../../../Engine/Content/VREditor/Sounds/UI/Object_Snaps_To_Another_Actor.uasset" 444
"../../../Engine/Content/VREditor/Sounds/UI/Object_Snaps_To_Another_Actor.uexp" 445
"../../../Engine/Content/VREditor/Sounds/UI/Object_Snaps_To_Grid.ubulk" 446
"../../../Engine/Content/VREditor/Sounds/UI/Object_Snaps_To_Grid.uasset" 447
"../../../Engine/Content/VREditor/Sounds/UI/Object_Snaps_To_Grid.uexp" 448
"../../../Engine/Content/VREditor/Sounds/UI/Scaling_Down.ubulk" 449
"../../../Engine/Content/VREditor/Sounds/UI/Scaling_Down.uasset" 450
"../../../Engine/Content/VREditor/Sounds/UI/Scaling_Down.uexp" 451
"../../../Engine/Content/VREditor/Sounds/UI/Scaling_Up.ubulk" 452
"../../../Engine/Content/VREditor/Sounds/UI/Scaling_Up.uasset" 453
"../../../Engine/Content/VREditor/Sounds/UI/Scaling_Up.uexp" 454
"../../../Engine/Content/VREditor/Sounds/UI/Selection_Changes.ubulk" 455
"../../../Engine/Content/VREditor/Sounds/UI/Selection_Changes.uasset" 456
"../../../Engine/Content/VREditor/Sounds/UI/Selection_Changes.uexp" 457
"../../../Engine/Plugins/Animation/ControlRig/Content/Controls/ControlRig_Wedge_3mm.ubulk" 458
"../../../Engine/Plugins/Animation/ControlRig/Content/Controls/ControlRig_Wedge_3mm.uasset" 459
"../../../Engine/Plugins/Animation/ControlRig/Content/Controls/ControlRig_Wedge_3mm.uexp" 460
"../../../Engine/Plugins/Animation/ControlRig/Content/Controls/ControlRig_HalfCircle_3mm.ubulk" 461
"../../../Engine/Plugins/Animation/ControlRig/Content/Controls/ControlRig_HalfCircle_3mm.uasset" 462
"../../../Engine/Plugins/Animation/ControlRig/Content/Controls/ControlRig_HalfCircle_3mm.uexp" 463
"../../../Engine/Content/EngineMaterials/BaseFlattenDiffuseMap_VT.ubulk" 464
"../../../Engine/Content/EngineMaterials/BaseFlattenDiffuseMap_VT.uasset" 465
"../../../Engine/Content/EngineMaterials/BaseFlattenDiffuseMap_VT.uexp" 466
"../../../Engine/Content/EngineMaterials/BaseFlattenEmissiveMap_VT.ubulk" 467
"../../../Engine/Content/EngineMaterials/BaseFlattenEmissiveMap_VT.uasset" 468
"../../../Engine/Content/EngineMaterials/BaseFlattenEmissiveMap_VT.uexp" 469
"../../../Engine/Content/EngineMaterials/BaseFlattenGrayscaleMap_VT.ubulk" 470
"../../../Engine/Content/EngineMaterials/BaseFlattenGrayscaleMap_VT.uasset" 471
"../../../Engine/Content/EngineMaterials/BaseFlattenGrayscaleMap_VT.uexp" 472
"../../../Engine/Content/EngineMaterials/BaseFlattenLinearColor_VT.ubulk" 473
"../../../Engine/Content/EngineMaterials/BaseFlattenLinearColor_VT.uasset" 474
"../../../Engine/Content/EngineMaterials/BaseFlattenLinearColor_VT.uexp" 475
"../../../Engine/Content/EngineMaterials/BaseFlattenNormalMap_VT.ubulk" 476
"../../../Engine/Content/EngineMaterials/BaseFlattenNormalMap_VT.uasset" 477
"../../../Engine/Content/EngineMaterials/BaseFlattenNormalMap_VT.uexp" 478
"../../../Engine/Content/EngineMaterials/Black_1x1_EXR_Texture_VT.ubulk" 479
"../../../Engine/Content/EngineMaterials/Black_1x1_EXR_Texture_VT.uasset" 480
"../../../Engine/Content/EngineMaterials/Black_1x1_EXR_Texture_VT.uexp" 481
"../../../Engine/Content/EngineMaterials/FlattenMaterial_VT.uasset" 482
"../../../Engine/Content/EngineMaterials/FlattenMaterial_VT.uexp" 483
"../../../Engine/Content/EngineMaterials/FlattenMaterial_WS_Normal_VT.uasset" 484
"../../../Engine/Content/EngineMaterials/FlattenMaterial_WS_Normal_VT.uexp" 485
"../../../Engine/Plugins/Animation/ControlRig/Content/Controls/ControlRig_HalfCircle_solid.ubulk" 486
"../../../Engine/Plugins/Animation/ControlRig/Content/Controls/ControlRig_HalfCircle_solid.uasset" 487
"../../../Engine/Plugins/Animation/ControlRig/Content/Controls/ControlRig_HalfCircle_solid.uexp" 488
"../../../Engine/Plugins/Animation/ControlRig/Content/Controls/ControlRig_Wedge_solid.ubulk" 489
"../../../Engine/Plugins/Animation/ControlRig/Content/Controls/ControlRig_Wedge_solid.uasset" 490
"../../../Engine/Plugins/Animation/ControlRig/Content/Controls/ControlRig_Wedge_solid.uexp" 491
"../../../Engine/Plugins/Animation/ControlRig/Content/Controls/ControlRig_Hexagon_1mm.ubulk" 492
"../../../Engine/Plugins/Animation/ControlRig/Content/Controls/ControlRig_Hexagon_1mm.uasset" 493
"../../../Engine/Plugins/Animation/ControlRig/Content/Controls/ControlRig_Hexagon_1mm.uexp" 494
"../../../Engine/Plugins/Animation/ControlRig/Content/Controls/ControlRig_Hexagon_3mm.ubulk" 495
"../../../Engine/Plugins/Animation/ControlRig/Content/Controls/ControlRig_Hexagon_3mm.uasset" 496
"../../../Engine/Plugins/Animation/ControlRig/Content/Controls/ControlRig_Hexagon_3mm.uexp" 497
"../../../Engine/Plugins/Animation/ControlRig/Content/Controls/ControlRig_Hexagon_solid.ubulk" 498
"../../../Engine/Plugins/Animation/ControlRig/Content/Controls/ControlRig_Hexagon_solid.uasset" 499
"../../../Engine/Plugins/Animation/ControlRig/Content/Controls/ControlRig_Hexagon_solid.uexp" 500
"../../../Engine/Plugins/Animation/ControlRig/Content/Controls/ControlRig_Octagon_1mm.ubulk" 501
"../../../Engine/Plugins/Animation/ControlRig/Content/Controls/ControlRig_Octagon_1mm.uasset" 502
"../../../Engine/Plugins/Animation/ControlRig/Content/Controls/ControlRig_Octagon_1mm.uexp" 503
"../../../Engine/Plugins/Animation/DeformerGraph/Content/DeformerFunctions/DG_Function_LinearBlendSkin_Morph_Cloth.uasset" 504
"../../../Engine/Plugins/Animation/DeformerGraph/Content/DeformerFunctions/DG_Function_LinearBlendSkin_Morph_Cloth.uexp" 505
"../../../Engine/Plugins/Animation/DeformerGraph/Content/Deformers/DG_LinearBlendSkin_Morph_Cloth.uasset" 506
"../../../Engine/Plugins/Animation/DeformerGraph/Content/Deformers/DG_LinearBlendSkin_Morph_Cloth.uexp" 507
"../../../Engine/Plugins/Animation/ControlRig/Content/Controls/ControlRig_Octagon_3mm.ubulk" 508
"../../../Engine/Plugins/Animation/ControlRig/Content/Controls/ControlRig_Octagon_3mm.uasset" 509
"../../../Engine/Plugins/Animation/ControlRig/Content/Controls/ControlRig_Octagon_3mm.uexp" 510
"../../../Engine/Content/BasicShapes/BasicShapeMaterial.uasset" 511
"../../../Engine/Content/BasicShapes/BasicShapeMaterial.uexp" 512
"../../../Engine/Plugins/Animation/DeformerGraph/Content/DeformerFunctions/DG_Function_ComputeNormalsTangents.uasset" 513
"../../../Engine/Plugins/Animation/DeformerGraph/Content/DeformerFunctions/DG_Function_ComputeNormalsTangents.uexp" 514
"../../../Engine/Plugins/Animation/DeformerGraph/Content/DeformerFunctions/DG_Function_LinearBlendSkin_Morph_Cloth_PositionOnly.uasset" 515
"../../../Engine/Plugins/Animation/DeformerGraph/Content/DeformerFunctions/DG_Function_LinearBlendSkin_Morph_Cloth_PositionOnly.uexp" 516
"../../../Engine/Plugins/Animation/DeformerGraph/Content/Deformers/DG_LinearBlendSkin_Morph_Cloth_RecomputeNormals.uasset" 517
"../../../Engine/Plugins/Animation/DeformerGraph/Content/Deformers/DG_LinearBlendSkin_Morph_Cloth_RecomputeNormals.uexp" 518
"../../../Engine/Plugins/Animation/ControlRig/Content/Controls/ControlRig_Octagon_solid.ubulk" 519
"../../../Engine/Plugins/Animation/ControlRig/Content/Controls/ControlRig_Octagon_solid.uasset" 520
"../../../Engine/Plugins/Animation/ControlRig/Content/Controls/ControlRig_Octagon_solid.uexp" 521
"../../../Engine/Plugins/Animation/ControlRig/Content/Controls/ControlRig_Pyramid_1mm.ubulk" 522
"../../../Engine/Plugins/Animation/ControlRig/Content/Controls/ControlRig_Pyramid_1mm.uasset" 523
"../../../Engine/Plugins/Animation/ControlRig/Content/Controls/ControlRig_Pyramid_1mm.uexp" 524
"../../../Engine/Content/EngineMaterials/DefaultMaterial.uasset" 525
"../../../Engine/Content/EngineMaterials/DefaultMaterial.uexp" 526
"../../../Engine/Content/BasicShapes/Cone.ubulk" 527
"../../../Engine/Content/BasicShapes/Cone.uasset" 528
"../../../Engine/Content/BasicShapes/Cone.uexp" 529
"../../../Engine/Plugins/Animation/ControlRig/Content/Controls/ControlRig_Pyramid_3mm.ubulk" 530
"../../../Engine/Plugins/Animation/ControlRig/Content/Controls/ControlRig_Pyramid_3mm.uasset" 531
"../../../Engine/Plugins/Animation/ControlRig/Content/Controls/ControlRig_Pyramid_3mm.uexp" 532
"../../../Engine/Content/BasicShapes/Cube.ubulk" 533
"../../../Engine/Content/BasicShapes/Cube.uasset" 534
"../../../Engine/Content/BasicShapes/Cube.uexp" 535
"../../../Engine/Plugins/Animation/ControlRig/Content/Controls/ControlRig_Pyramid_solid.ubulk" 536
"../../../Engine/Plugins/Animation/ControlRig/Content/Controls/ControlRig_Pyramid_solid.uasset" 537
"../../../Engine/Plugins/Animation/ControlRig/Content/Controls/ControlRig_Pyramid_solid.uexp" 538
"../../../Engine/Plugins/Animation/ControlRig/Content/Controls/ControlRig_QuarterCircle_1mm.ubulk" 539
"../../../Engine/Plugins/Animation/ControlRig/Content/Controls/ControlRig_QuarterCircle_1mm.uasset" 540
"../../../Engine/Plugins/Animation/ControlRig/Content/Controls/ControlRig_QuarterCircle_1mm.uexp" 541
"../../../Engine/Content/BasicShapes/Cylinder.ubulk" 542
"../../../Engine/Content/BasicShapes/Cylinder.uasset" 543
"../../../Engine/Content/BasicShapes/Cylinder.uexp" 544
"../../../Engine/Plugins/Animation/ControlRig/Content/Controls/ControlRig_QuarterCircle_3mm.ubulk" 545
"../../../Engine/Plugins/Animation/ControlRig/Content/Controls/ControlRig_QuarterCircle_3mm.uasset" 546
"../../../Engine/Plugins/Animation/ControlRig/Content/Controls/ControlRig_QuarterCircle_3mm.uexp" 547
"../../../Engine/Plugins/Animation/ControlRig/Content/Controls/ControlRig_QuarterCircle_solid.ubulk" 548
"../../../Engine/Plugins/Animation/ControlRig/Content/Controls/ControlRig_QuarterCircle_solid.uasset" 549
"../../../Engine/Plugins/Animation/ControlRig/Content/Controls/ControlRig_QuarterCircle_solid.uexp" 550
"../../../Engine/Plugins/Animation/ControlRig/Content/Controls/ControlRig_RoundedSquare_1mm.ubulk" 551
"../../../Engine/Plugins/Animation/ControlRig/Content/Controls/ControlRig_RoundedSquare_1mm.uasset" 552
"../../../Engine/Plugins/Animation/ControlRig/Content/Controls/ControlRig_RoundedSquare_1mm.uexp" 553
"../../../Engine/Content/BasicShapes/Plane.ubulk" 554
"../../../Engine/Content/BasicShapes/Plane.uasset" 555
"../../../Engine/Content/BasicShapes/Plane.uexp" 556
"../../../Engine/Plugins/Animation/ControlRig/Content/Controls/ControlRig_RoundedSquare_3mm.ubulk" 557
"../../../Engine/Plugins/Animation/ControlRig/Content/Controls/ControlRig_RoundedSquare_3mm.uasset" 558
"../../../Engine/Plugins/Animation/ControlRig/Content/Controls/ControlRig_RoundedSquare_3mm.uexp" 559
"../../../Engine/Content/BasicShapes/Sphere.ubulk" 560
"../../../Engine/Content/BasicShapes/Sphere.uasset" 561
"../../../Engine/Content/BasicShapes/Sphere.uexp" 562
"../../../Engine/Plugins/Animation/ControlRig/Content/Controls/ControlRig_RoundedSquare_solid.ubulk" 563
"../../../Engine/Plugins/Animation/ControlRig/Content/Controls/ControlRig_RoundedSquare_solid.uasset" 564
"../../../Engine/Plugins/Animation/ControlRig/Content/Controls/ControlRig_RoundedSquare_solid.uexp" 565
"../../../Engine/Plugins/Animation/ControlRig/Content/Controls/ControlRig_RoundedTriangle_1mm.ubulk" 566
"../../../Engine/Plugins/Animation/ControlRig/Content/Controls/ControlRig_RoundedTriangle_1mm.uasset" 567
"../../../Engine/Plugins/Animation/ControlRig/Content/Controls/ControlRig_RoundedTriangle_1mm.uexp" 568
"../../../Engine/Plugins/Animation/ControlRig/Content/Controls/ControlRig_RoundedTriangle_3mm.ubulk" 569
"../../../Engine/Plugins/Animation/ControlRig/Content/Controls/ControlRig_RoundedTriangle_3mm.uasset" 570
"../../../Engine/Plugins/Animation/ControlRig/Content/Controls/ControlRig_RoundedTriangle_3mm.uexp" 571
"../../../Engine/Plugins/Animation/ControlRig/Content/Controls/ControlRig_RoundedTriangle_solid.ubulk" 572
"../../../Engine/Plugins/Animation/ControlRig/Content/Controls/ControlRig_RoundedTriangle_solid.uasset" 573
"../../../Engine/Plugins/Animation/ControlRig/Content/Controls/ControlRig_RoundedTriangle_solid.uexp" 574
"../../../Engine/Plugins/Animation/ControlRig/Content/Controls/ControlRig_Sphere_1mm.ubulk" 575
"../../../Engine/Plugins/Animation/ControlRig/Content/Controls/ControlRig_Sphere_1mm.uasset" 576
"../../../Engine/Plugins/Animation/ControlRig/Content/Controls/ControlRig_Sphere_1mm.uexp" 577
"../../../Engine/Content/Functions/Engine_MaterialFunctions02/Utility/VectorLength.uasset" 578
"../../../Engine/Content/Functions/Engine_MaterialFunctions02/Utility/VectorLength.uexp" 579
"../../../Engine/Content/Functions/Engine_MaterialFunctions02/WorldPositionOffset/ObjectScale.uasset" 580
"../../../Engine/Content/Functions/Engine_MaterialFunctions02/WorldPositionOffset/ObjectScale.uexp" 581
"../../../Engine/Plugins/Editor/SpeedTreeImporter/Content/SpeedTree9/Empty.uasset" 582
"../../../Engine/Plugins/Editor/SpeedTreeImporter/Content/SpeedTree9/Empty.uexp" 583
"../../../Engine/Plugins/Editor/SpeedTreeImporter/Content/SpeedTree9/EmptyNormal.uasset" 584
"../../../Engine/Plugins/Editor/SpeedTreeImporter/Content/SpeedTree9/EmptyNormal.uexp" 585
"../../../Engine/Plugins/Editor/SpeedTreeImporter/Content/SpeedTree9/game_wind_noise.ubulk" 586
"../../../Engine/Plugins/Editor/SpeedTreeImporter/Content/SpeedTree9/game_wind_noise.uasset" 587
"../../../Engine/Plugins/Editor/SpeedTreeImporter/Content/SpeedTree9/game_wind_noise.uexp" 588
"../../../Engine/Plugins/Editor/SpeedTreeImporter/Content/SpeedTree9/SpeedTreeBillboard.uasset" 589
"../../../Engine/Plugins/Editor/SpeedTreeImporter/Content/SpeedTree9/SpeedTreeBillboard.uexp" 590
"../../../Engine/Content/Functions/Engine_MaterialFunctions02/SafeNormalize.uasset" 591
"../../../Engine/Content/Functions/Engine_MaterialFunctions02/SafeNormalize.uexp" 592
"../../../Engine/Plugins/Editor/SpeedTreeImporter/Content/SpeedTree9/SpeedTreeWindMotion.uasset" 593
"../../../Engine/Plugins/Editor/SpeedTreeImporter/Content/SpeedTree9/SpeedTreeWindMotion.uexp" 594
"../../../Engine/Plugins/Editor/SpeedTreeImporter/Content/SpeedTree9/UnpackDirection.uasset" 595
"../../../Engine/Plugins/Editor/SpeedTreeImporter/Content/SpeedTree9/UnpackDirection.uexp" 596
"../../../Engine/Plugins/Editor/SpeedTreeImporter/Content/SpeedTree9/UnpackInteger3.uasset" 597
"../../../Engine/Plugins/Editor/SpeedTreeImporter/Content/SpeedTree9/UnpackInteger3.uexp" 598
"../../../Engine/Plugins/Editor/SpeedTreeImporter/Content/SpeedTree9/SpeedTreeBranchMotion.uasset" 599
"../../../Engine/Plugins/Editor/SpeedTreeImporter/Content/SpeedTree9/SpeedTreeBranchMotion.uexp" 600
"../../../Engine/Content/Functions/Engine_MaterialFunctions02/ObjectLocalBounds.uasset" 601
"../../../Engine/Content/Functions/Engine_MaterialFunctions02/ObjectLocalBounds.uexp" 602
"../../../Engine/Content/Functions/Engine_MaterialFunctions02/UVs/BoundingBoxBased_0-1_UVW.uasset" 603
"../../../Engine/Content/Functions/Engine_MaterialFunctions02/UVs/BoundingBoxBased_0-1_UVW.uexp" 604
"../../../Engine/Plugins/Editor/SpeedTreeImporter/Content/SpeedTree9/SpeedTreeWind.uasset" 605
"../../../Engine/Plugins/Editor/SpeedTreeImporter/Content/SpeedTree9/SpeedTreeWind.uexp" 606
"../../../Engine/Plugins/Editor/SpeedTreeImporter/Content/SpeedTree9/SpeedTreeBillboardMaster.uasset" 607
"../../../Engine/Plugins/Editor/SpeedTreeImporter/Content/SpeedTree9/SpeedTreeBillboardMaster.uexp" 608
"../../../Engine/Plugins/Animation/ControlRig/Content/Controls/ControlRig_Sphere_3mm.ubulk" 609
"../../../Engine/Plugins/Animation/ControlRig/Content/Controls/ControlRig_Sphere_3mm.uasset" 610
"../../../Engine/Plugins/Animation/ControlRig/Content/Controls/ControlRig_Sphere_3mm.uexp" 611
"../../../Engine/Plugins/Editor/SpeedTreeImporter/Content/SpeedTree9/SpeedTreeCameraFacing.uasset" 612
"../../../Engine/Plugins/Editor/SpeedTreeImporter/Content/SpeedTree9/SpeedTreeCameraFacing.uexp" 613
"../../../Engine/Plugins/Editor/SpeedTreeImporter/Content/SpeedTree9/SpeedTreeMaster.uasset" 614
"../../../Engine/Plugins/Editor/SpeedTreeImporter/Content/SpeedTree9/SpeedTreeMaster.uexp" 615
"../../../Engine/Plugins/Animation/ControlRig/Content/Controls/ControlRig_Sphere_solid.ubulk" 616
"../../../Engine/Plugins/Animation/ControlRig/Content/Controls/ControlRig_Sphere_solid.uasset" 617
"../../../Engine/Plugins/Animation/ControlRig/Content/Controls/ControlRig_Sphere_solid.uexp" 618
"../../../Engine/Plugins/Animation/ControlRig/Content/Controls/ControlRig_Square_1mm.ubulk" 619
"../../../Engine/Plugins/Animation/ControlRig/Content/Controls/ControlRig_Square_1mm.uasset" 620
"../../../Engine/Plugins/Animation/ControlRig/Content/Controls/ControlRig_Square_1mm.uexp" 621
"../../../Engine/Plugins/Animation/ControlRig/Content/Controls/ControlRig_Square_3mm.ubulk" 622
"../../../Engine/Plugins/Animation/ControlRig/Content/Controls/ControlRig_Square_3mm.uasset" 623
"../../../Engine/Plugins/Animation/ControlRig/Content/Controls/ControlRig_Square_3mm.uexp" 624
"../../../Engine/Plugins/Animation/ControlRig/Content/Controls/ControlRig_Square_solid.ubulk" 625
"../../../Engine/Plugins/Animation/ControlRig/Content/Controls/ControlRig_Square_solid.uasset" 626
"../../../Engine/Plugins/Animation/ControlRig/Content/Controls/ControlRig_Square_solid.uexp" 627
"../../../Engine/Plugins/Animation/ControlRig/Content/Controls/ControlRig_Star4_1mm.ubulk" 628
"../../../Engine/Plugins/Animation/ControlRig/Content/Controls/ControlRig_Star4_1mm.uasset" 629
"../../../Engine/Plugins/Animation/ControlRig/Content/Controls/ControlRig_Star4_1mm.uexp" 630
"../../../Engine/Plugins/Interchange/Assets/Content/Functions/MX_AnisotropicVDF.uasset" 631
"../../../Engine/Plugins/Interchange/Assets/Content/Functions/MX_AnisotropicVDF.uexp" 632
"../../../Engine/Plugins/Experimental/MeshModelingToolsetExp/Content/Materials/GetDisplacementVectorForDepthBias.uasset" 633
"../../../Engine/Plugins/Experimental/MeshModelingToolsetExp/Content/Materials/GetDisplacementVectorForDepthBias.uexp" 634
"../../../Engine/Content/Functions/Engine_MaterialFunctions03/Viewport/MF_OrthoWidth.uasset" 635
"../../../Engine/Content/Functions/Engine_MaterialFunctions03/Viewport/MF_OrthoWidth.uexp" 636
"../../../Engine/Content/Functions/Engine_MaterialFunctions02/Utility/FOV.uasset" 637
"../../../Engine/Content/Functions/Engine_MaterialFunctions02/Utility/FOV.uexp" 638
"../../../Engine/Content/Functions/Engine_MaterialFunctions02/WorldPositionOffset/V2/ObjectScale.uasset" 639
"../../../Engine/Content/Functions/Engine_MaterialFunctions02/WorldPositionOffset/V2/ObjectScale.uexp" 640
"../../../Engine/Plugins/Experimental/MeshModelingToolsetExp/Content/Materials/PointSetOverlaidComponentMaterial.uasset" 641
"../../../Engine/Plugins/Experimental/MeshModelingToolsetExp/Content/Materials/PointSetOverlaidComponentMaterial.uexp" 642
"../../../Engine/Plugins/Interchange/Assets/Content/Functions/MX_BurleyDiffuseBSDF.uasset" 643
"../../../Engine/Plugins/Interchange/Assets/Content/Functions/MX_BurleyDiffuseBSDF.uexp" 644
"../../../Engine/Plugins/Interchange/Assets/Content/Functions/MX_ChiangHairBSDF.uasset" 645
"../../../Engine/Plugins/Interchange/Assets/Content/Functions/MX_ChiangHairBSDF.uexp" 646
"../../../Engine/Plugins/Interchange/Assets/Content/Functions/MX_ConductorBSDF.uasset" 647
"../../../Engine/Plugins/Interchange/Assets/Content/Functions/MX_ConductorBSDF.uexp" 648
"../../../Engine/Plugins/Interchange/Assets/Content/Functions/MX_ConicalEDF.uasset" 649
"../../../Engine/Plugins/Interchange/Assets/Content/Functions/MX_ConicalEDF.uexp" 650
"../../../Engine/Plugins/Interchange/Assets/Content/Functions/MX_DielectricBSDF.uasset" 651
"../../../Engine/Plugins/Interchange/Assets/Content/Functions/MX_DielectricBSDF.uexp" 652
"../../../Engine/Plugins/Interchange/Assets/Content/Functions/MX_Displacement.uasset" 653
"../../../Engine/Plugins/Interchange/Assets/Content/Functions/MX_Displacement.uexp" 654
"../../../Engine/Plugins/Interchange/Assets/Content/Functions/MX_GeneralizedSchlickBSDF.uasset" 655
"../../../Engine/Plugins/Interchange/Assets/Content/Functions/MX_GeneralizedSchlickBSDF.uexp" 656
"../../../Engine/Plugins/Interchange/Assets/Content/Functions/MX_MeasuredEDF.uasset" 657
"../../../Engine/Plugins/Interchange/Assets/Content/Functions/MX_MeasuredEDF.uexp" 658
"../../../Engine/Plugins/Interchange/Assets/Content/Functions/MF_IridescenceNoLUT.uasset" 659
"../../../Engine/Plugins/Interchange/Assets/Content/Functions/MF_IridescenceNoLUT.uexp" 660
"../../../Engine/Plugins/Interchange/Assets/Content/Functions/MX_StandardSurface.uasset" 661
"../../../Engine/Plugins/Interchange/Assets/Content/Functions/MX_StandardSurface.uexp" 662
"../../../Engine/Plugins/Interchange/Assets/Content/Functions/MX_OpenPBR_Opaque.uasset" 663
"../../../Engine/Plugins/Interchange/Assets/Content/Functions/MX_OpenPBR_Opaque.uexp" 664
"../../../Engine/Plugins/Interchange/Assets/Content/Functions/MX_TransmissionSurface.uasset" 665
"../../../Engine/Plugins/Interchange/Assets/Content/Functions/MX_TransmissionSurface.uexp" 666
"../../../Engine/Plugins/Interchange/Assets/Content/Functions/MX_OpenPBR_Translucent.uasset" 667
"../../../Engine/Plugins/Interchange/Assets/Content/Functions/MX_OpenPBR_Translucent.uexp" 668
"../../../Engine/Plugins/Interchange/Assets/Content/Substrate/MX_SimpleVolume.uasset" 669
"../../../Engine/Plugins/Interchange/Assets/Content/Substrate/MX_SimpleVolume.uexp" 670
"../../../Engine/Plugins/Interchange/Assets/Content/Functions/MX_OrenNayarBSDF.uasset" 671
"../../../Engine/Plugins/Interchange/Assets/Content/Functions/MX_OrenNayarBSDF.uexp" 672
"../../../Engine/Plugins/Interchange/Assets/Content/Functions/MX_SheenBSDF.uasset" 673
"../../../Engine/Plugins/Interchange/Assets/Content/Functions/MX_SheenBSDF.uexp" 674
"../../../Engine/Plugins/Interchange/Assets/Content/Functions/MX_SubsurfaceBSDF.uasset" 675
"../../../Engine/Plugins/Interchange/Assets/Content/Functions/MX_SubsurfaceBSDF.uexp" 676
"../../../Engine/Plugins/Interchange/Assets/Content/Functions/MX_Surface.uasset" 677
"../../../Engine/Plugins/Interchange/Assets/Content/Functions/MX_Surface.uexp" 678
"../../../Engine/Plugins/Interchange/Assets/Content/Functions/MX_SurfaceUnlit.uasset" 679
"../../../Engine/Plugins/Interchange/Assets/Content/Functions/MX_SurfaceUnlit.uexp" 680
"../../../Engine/Plugins/Interchange/Assets/Content/Functions/MX_TranslucentBSDF.uasset" 681
"../../../Engine/Plugins/Interchange/Assets/Content/Functions/MX_TranslucentBSDF.uexp" 682
"../../../Engine/Plugins/Interchange/Assets/Content/Functions/MX_UniformEDF.uasset" 683
"../../../Engine/Plugins/Interchange/Assets/Content/Functions/MX_UniformEDF.uexp" 684
"../../../Engine/Plugins/Interchange/Assets/Content/Functions/MX_UsdPreviewSurface.uasset" 685
"../../../Engine/Plugins/Interchange/Assets/Content/Functions/MX_UsdPreviewSurface.uexp" 686
"../../../Engine/Plugins/Interchange/Assets/Content/Functions/MX_AbsorptionVDF.uasset" 687
"../../../Engine/Plugins/Interchange/Assets/Content/Functions/MX_AbsorptionVDF.uexp" 688
"../../../Engine/Plugins/Runtime/AudioWidgets/Content/Resources/ScrubHandleDown_Clamped.uasset" 689
"../../../Engine/Plugins/Runtime/AudioWidgets/Content/Resources/ScrubHandleDown_Clamped.uexp" 690
"../../../Engine/Plugins/Runtime/HairStrands/Content/Materials/HairCardsDefaultMaterial.uasset" 691
"../../../Engine/Plugins/Runtime/HairStrands/Content/Materials/HairCardsDefaultMaterial.uexp" 692
"../../../Engine/Content/Functions/Engine_MaterialFunctions02/Utility/MakeFloat2.uasset" 693
"../../../Engine/Content/Functions/Engine_MaterialFunctions02/Utility/MakeFloat2.uexp" 694
"../../../Engine/Content/EngineMaterials/HairColorMap.uasset" 695
"../../../Engine/Content/EngineMaterials/HairColorMap.uexp" 696
"../../../Engine/Content/EngineMaterials/HairDebugColor.uasset" 697
"../../../Engine/Content/EngineMaterials/HairDebugColor.uexp" 698
"../../../Engine/Plugins/Runtime/HairStrands/Content/Materials/HairGroupColors.uasset" 699
"../../../Engine/Plugins/Runtime/HairStrands/Content/Materials/HairGroupColors.uexp" 700
"../../../Engine/Plugins/Runtime/HairStrands/Content/Materials/HairDebugMaterial.uasset" 701
"../../../Engine/Plugins/Runtime/HairStrands/Content/Materials/HairDebugMaterial.uexp" 702
"../../../Engine/Plugins/Runtime/HairStrands/Content/Materials/HairDefaultMaterial.uasset" 703
"../../../Engine/Plugins/Runtime/HairStrands/Content/Materials/HairDefaultMaterial.uexp" 704
"../../../Engine/Plugins/Runtime/HairStrands/Content/Materials/HairMeshesDefaultMaterial.uasset" 705
"../../../Engine/Plugins/Runtime/HairStrands/Content/Materials/HairMeshesDefaultMaterial.uexp" 706
"../../../Engine/Content/EditorMaterials/ParticleSystems/PSysThumbnail_NoImage.ubulk" 707
"../../../Engine/Content/EditorMaterials/ParticleSystems/PSysThumbnail_NoImage.uasset" 708
"../../../Engine/Content/EditorMaterials/ParticleSystems/PSysThumbnail_NoImage.uexp" 709
"../../../Engine/Content/EditorMaterials/ParticleSystems/PSysThumbnail_OOD.ubulk" 710
"../../../Engine/Content/EditorMaterials/ParticleSystems/PSysThumbnail_OOD.uasset" 711
"../../../Engine/Content/EditorMaterials/ParticleSystems/PSysThumbnail_OOD.uexp" 712
"../../../Engine/Content/EditorMaterials/Dataflow/DataflowTwoSidedVertexMaterial.uasset" 713
"../../../Engine/Content/EditorMaterials/Dataflow/DataflowTwoSidedVertexMaterial.uexp" 714
"../../../Engine/Content/EditorMaterials/Dataflow/DataflowVertexMaterial.uasset" 715
"../../../Engine/Content/EditorMaterials/Dataflow/DataflowVertexMaterial.uexp" 716
"../../../Engine/Content/EditorMaterials/Camera/CineMat.uasset" 717
"../../../Engine/Content/EditorMaterials/Camera/CineMat.uexp" 718
"../../../Engine/Content/EditorMaterials/Camera/MI_CineMat_Rig.uasset" 719
"../../../Engine/Content/EditorMaterials/Camera/MI_CineMat_Rig.uexp" 720
"../../../Engine/Content/EditorMeshes/Camera/SM_CraneRig_Arm.ubulk" 721
"../../../Engine/Content/EditorMeshes/Camera/SM_CraneRig_Arm.uasset" 722
"../../../Engine/Content/EditorMeshes/Camera/SM_CraneRig_Arm.uexp" 723
"../../../Engine/Content/EditorMeshes/Camera/SM_CraneRig_Base.ubulk" 724
"../../../Engine/Content/EditorMeshes/Camera/SM_CraneRig_Base.uasset" 725
"../../../Engine/Content/EditorMeshes/Camera/SM_CraneRig_Base.uexp" 726
"../../../Engine/Content/EditorMeshes/Camera/SM_CraneRig_Body.ubulk" 727
"../../../Engine/Content/EditorMeshes/Camera/SM_CraneRig_Body.uasset" 728
"../../../Engine/Content/EditorMeshes/Camera/SM_CraneRig_Body.uexp" 729
"../../../Engine/Content/EditorMeshes/Camera/SM_CraneRig_Mount.ubulk" 730
"../../../Engine/Content/EditorMeshes/Camera/SM_CraneRig_Mount.uasset" 731
"../../../Engine/Content/EditorMeshes/Camera/SM_CraneRig_Mount.uexp" 732
"../../../Engine/Content/EditorMeshes/Camera/SM_RailRig_Mount.ubulk" 733
"../../../Engine/Content/EditorMeshes/Camera/SM_RailRig_Mount.uasset" 734
"../../../Engine/Content/EditorMeshes/Camera/SM_RailRig_Mount.uexp" 735
"../../../Engine/Content/EditorMeshes/Camera/SM_RailRig_Track.ubulk" 736
"../../../Engine/Content/EditorMeshes/Camera/SM_RailRig_Track.uasset" 737
"../../../Engine/Content/EditorMeshes/Camera/SM_RailRig_Track.uexp" 738
"C:/Arcadia/Unreal/Projects/BonkSouls/Content/Input/Actions/IA_Jump.uasset" 739
"C:/Arcadia/Unreal/Projects/BonkSouls/Content/Input/Actions/IA_Jump.uexp" 740
"C:/Arcadia/Unreal/Projects/BonkSouls/Content/Input/Actions/IA_Look.uasset" 741
"C:/Arcadia/Unreal/Projects/BonkSouls/Content/Input/Actions/IA_Look.uexp" 742
"C:/Arcadia/Unreal/Projects/BonkSouls/Content/Input/Actions/IA_Move.uasset" 743
"C:/Arcadia/Unreal/Projects/BonkSouls/Content/Input/Actions/IA_Move.uexp" 744
"C:/Arcadia/Unreal/Projects/BonkSouls/Content/Input/Actions/IA_MouseLook.uasset" 745
"C:/Arcadia/Unreal/Projects/BonkSouls/Content/Input/Actions/IA_MouseLook.uexp" 746
"C:/Arcadia/Unreal/Projects/BonkSouls/Content/Input/Touch/BPI_TouchInterface.uasset" 747
"C:/Arcadia/Unreal/Projects/BonkSouls/Content/Input/Touch/BPI_TouchInterface.uexp" 748
"C:/Arcadia/Unreal/Projects/BonkSouls/Content/Characters/Mannequins/Meshes/SK_Mannequin.uasset" 749
"C:/Arcadia/Unreal/Projects/BonkSouls/Content/Characters/Mannequins/Meshes/SK_Mannequin.uexp" 750
"C:/Arcadia/Unreal/Projects/BonkSouls/Content/Characters/Mannequins/Rigs/PA_Mannequin.uasset" 751
"C:/Arcadia/Unreal/Projects/BonkSouls/Content/Characters/Mannequins/Rigs/PA_Mannequin.uexp" 752
"C:/Arcadia/Unreal/Projects/BonkSouls/Content/Characters/Mannequins/Textures/Manny/T_Manny_01_BN.ubulk" 753
"C:/Arcadia/Unreal/Projects/BonkSouls/Content/Characters/Mannequins/Textures/Manny/T_Manny_01_BN.uasset" 754
"C:/Arcadia/Unreal/Projects/BonkSouls/Content/Characters/Mannequins/Textures/Manny/T_Manny_01_BN.uexp" 755
"C:/Arcadia/Unreal/Projects/BonkSouls/Content/Characters/Mannequins/Textures/Manny/T_Manny_01_D.ubulk" 756
"C:/Arcadia/Unreal/Projects/BonkSouls/Content/Characters/Mannequins/Textures/Manny/T_Manny_01_D.uasset" 757
"C:/Arcadia/Unreal/Projects/BonkSouls/Content/Characters/Mannequins/Textures/Manny/T_Manny_01_D.uexp" 758
"C:/Arcadia/Unreal/Projects/BonkSouls/Content/Characters/Mannequins/Textures/Manny/T_Manny_01_MRA.ubulk" 759
"C:/Arcadia/Unreal/Projects/BonkSouls/Content/Characters/Mannequins/Textures/Manny/T_Manny_01_MRA.uasset" 760
"C:/Arcadia/Unreal/Projects/BonkSouls/Content/Characters/Mannequins/Textures/Manny/T_Manny_01_MRA.uexp" 761
"C:/Arcadia/Unreal/Projects/BonkSouls/Content/Characters/Mannequins/Textures/Shared/T_UE_Logo_M.uasset" 762
"C:/Arcadia/Unreal/Projects/BonkSouls/Content/Characters/Mannequins/Textures/Shared/T_UE_Logo_M.uexp" 763
"C:/Arcadia/Unreal/Projects/BonkSouls/Content/Characters/Mannequins/Materials/M_Mannequin.uasset" 764
"C:/Arcadia/Unreal/Projects/BonkSouls/Content/Characters/Mannequins/Materials/M_Mannequin.uexp" 765
"C:/Arcadia/Unreal/Projects/BonkSouls/Content/Characters/Mannequins/Textures/Quinn/T_Quinn_01_D.ubulk" 766
"C:/Arcadia/Unreal/Projects/BonkSouls/Content/Characters/Mannequins/Textures/Quinn/T_Quinn_01_D.uasset" 767
"C:/Arcadia/Unreal/Projects/BonkSouls/Content/Characters/Mannequins/Textures/Quinn/T_Quinn_01_D.uexp" 768
"C:/Arcadia/Unreal/Projects/BonkSouls/Content/Characters/Mannequins/Textures/Quinn/T_Quinn_01_MRA.ubulk" 769
"C:/Arcadia/Unreal/Projects/BonkSouls/Content/Characters/Mannequins/Textures/Quinn/T_Quinn_01_MRA.uasset" 770
"C:/Arcadia/Unreal/Projects/BonkSouls/Content/Characters/Mannequins/Textures/Quinn/T_Quinn_01_MRA.uexp" 771
"C:/Arcadia/Unreal/Projects/BonkSouls/Content/Characters/Mannequins/Textures/Quinn/T_Quinn_01_N.ubulk" 772
"C:/Arcadia/Unreal/Projects/BonkSouls/Content/Characters/Mannequins/Textures/Quinn/T_Quinn_01_N.uasset" 773
"C:/Arcadia/Unreal/Projects/BonkSouls/Content/Characters/Mannequins/Textures/Quinn/T_Quinn_01_N.uexp" 774
"C:/Arcadia/Unreal/Projects/BonkSouls/Content/Characters/Mannequins/Materials/Quinn/MI_Quinn_01.uasset" 775
"C:/Arcadia/Unreal/Projects/BonkSouls/Content/Characters/Mannequins/Materials/Quinn/MI_Quinn_01.uexp" 776
"C:/Arcadia/Unreal/Projects/BonkSouls/Content/Characters/Mannequins/Textures/Quinn/T_Quinn_02_D.ubulk" 777
"C:/Arcadia/Unreal/Projects/BonkSouls/Content/Characters/Mannequins/Textures/Quinn/T_Quinn_02_D.uasset" 778
"C:/Arcadia/Unreal/Projects/BonkSouls/Content/Characters/Mannequins/Textures/Quinn/T_Quinn_02_D.uexp" 779
"C:/Arcadia/Unreal/Projects/BonkSouls/Content/Characters/Mannequins/Textures/Quinn/T_Quinn_02_MRA.ubulk" 780
"C:/Arcadia/Unreal/Projects/BonkSouls/Content/Characters/Mannequins/Textures/Quinn/T_Quinn_02_MRA.uasset" 781
"C:/Arcadia/Unreal/Projects/BonkSouls/Content/Characters/Mannequins/Textures/Quinn/T_Quinn_02_MRA.uexp" 782
"C:/Arcadia/Unreal/Projects/BonkSouls/Content/Characters/Mannequins/Textures/Quinn/T_Quinn_02_N.ubulk" 783
"C:/Arcadia/Unreal/Projects/BonkSouls/Content/Characters/Mannequins/Textures/Quinn/T_Quinn_02_N.uasset" 784
"C:/Arcadia/Unreal/Projects/BonkSouls/Content/Characters/Mannequins/Textures/Quinn/T_Quinn_02_N.uexp" 785
"C:/Arcadia/Unreal/Projects/BonkSouls/Content/Characters/Mannequins/Materials/Quinn/MI_Quinn_02.uasset" 786
"C:/Arcadia/Unreal/Projects/BonkSouls/Content/Characters/Mannequins/Materials/Quinn/MI_Quinn_02.uexp" 787
"C:/Arcadia/Unreal/Projects/BonkSouls/Content/Characters/Mannequins/Meshes/SKM_Quinn_Simple.uasset" 788
"C:/Arcadia/Unreal/Projects/BonkSouls/Content/Characters/Mannequins/Meshes/SKM_Quinn_Simple.uexp" 789
"../../../Engine/Plugins/Animation/ControlRig/Content/Controls/DefaultGizmoLibraryNormalized.uasset" 790
"../../../Engine/Plugins/Animation/ControlRig/Content/Controls/DefaultGizmoLibraryNormalized.uexp" 791
"C:/Arcadia/Unreal/Projects/BonkSouls/Content/Characters/Mannequins/Rigs/CR_Mannequin_FootIK.uasset" 792
"C:/Arcadia/Unreal/Projects/BonkSouls/Content/Characters/Mannequins/Rigs/CR_Mannequin_FootIK.uexp" 793
"../../../Engine/Content/Animation/DefaultAnimBoneCompressionSettings.uasset" 794
"../../../Engine/Content/Animation/DefaultAnimBoneCompressionSettings.uexp" 795
"../../../Engine/Content/Animation/DefaultAnimCurveCompressionSettings.uasset" 796
"../../../Engine/Content/Animation/DefaultAnimCurveCompressionSettings.uexp" 797
"../../../Engine/Content/Animation/DefaultVariableFrameStrippingSettings.uasset" 798
"../../../Engine/Content/Animation/DefaultVariableFrameStrippingSettings.uexp" 799
"C:/Arcadia/Unreal/Projects/BonkSouls/Content/Characters/Mannequins/Anims/Unarmed/MM_Idle.uasset" 800
"C:/Arcadia/Unreal/Projects/BonkSouls/Content/Characters/Mannequins/Anims/Unarmed/MM_Idle.uexp" 801
"C:/Arcadia/Unreal/Projects/BonkSouls/Content/Characters/Mannequins/Anims/Unarmed/Jog/MF_Unarmed_Jog_Bwd.uasset" 802
"C:/Arcadia/Unreal/Projects/BonkSouls/Content/Characters/Mannequins/Anims/Unarmed/Jog/MF_Unarmed_Jog_Bwd.uexp" 803
"../../../Engine/Plugins/Animation/ACLPlugin/Content/ACLAnimCurveCompressionSettings.uasset" 804
"../../../Engine/Plugins/Animation/ACLPlugin/Content/ACLAnimCurveCompressionSettings.uexp" 805
"../../../Engine/Content/Animation/DefaultRecorderBoneCompression.uasset" 806
"../../../Engine/Content/Animation/DefaultRecorderBoneCompression.uexp" 807
"C:/Arcadia/Unreal/Projects/BonkSouls/Content/Characters/Mannequins/Anims/Unarmed/Jog/MF_Unarmed_Jog_Bwd_Left.uasset" 808
"C:/Arcadia/Unreal/Projects/BonkSouls/Content/Characters/Mannequins/Anims/Unarmed/Jog/MF_Unarmed_Jog_Bwd_Left.uexp" 809
"C:/Arcadia/Unreal/Projects/BonkSouls/Content/Characters/Mannequins/Anims/Unarmed/Jog/MF_Unarmed_Jog_Bwd_Right.uasset" 810
"C:/Arcadia/Unreal/Projects/BonkSouls/Content/Characters/Mannequins/Anims/Unarmed/Jog/MF_Unarmed_Jog_Bwd_Right.uexp" 811
"C:/Arcadia/Unreal/Projects/BonkSouls/Content/Characters/Mannequins/Anims/Unarmed/Jog/MF_Unarmed_Jog_Fwd.uasset" 812
"C:/Arcadia/Unreal/Projects/BonkSouls/Content/Characters/Mannequins/Anims/Unarmed/Jog/MF_Unarmed_Jog_Fwd.uexp" 813
"C:/Arcadia/Unreal/Projects/BonkSouls/Content/Characters/Mannequins/Anims/Unarmed/Jog/MF_Unarmed_Jog_Fwd_Left.uasset" 814
"C:/Arcadia/Unreal/Projects/BonkSouls/Content/Characters/Mannequins/Anims/Unarmed/Jog/MF_Unarmed_Jog_Fwd_Left.uexp" 815
"C:/Arcadia/Unreal/Projects/BonkSouls/Content/Characters/Mannequins/Anims/Unarmed/Jog/MF_Unarmed_Jog_Fwd_Right.uasset" 816
"C:/Arcadia/Unreal/Projects/BonkSouls/Content/Characters/Mannequins/Anims/Unarmed/Jog/MF_Unarmed_Jog_Fwd_Right.uexp" 817
"C:/Arcadia/Unreal/Projects/BonkSouls/Content/Characters/Mannequins/Anims/Unarmed/Jog/MF_Unarmed_Jog_Left.uasset" 818
"C:/Arcadia/Unreal/Projects/BonkSouls/Content/Characters/Mannequins/Anims/Unarmed/Jog/MF_Unarmed_Jog_Left.uexp" 819
"C:/Arcadia/Unreal/Projects/BonkSouls/Content/Characters/Mannequins/Anims/Unarmed/Jog/MF_Unarmed_Jog_Right.uasset" 820
"C:/Arcadia/Unreal/Projects/BonkSouls/Content/Characters/Mannequins/Anims/Unarmed/Jog/MF_Unarmed_Jog_Right.uexp" 821
"C:/Arcadia/Unreal/Projects/BonkSouls/Content/Characters/Mannequins/Anims/Unarmed/Walk/MF_Unarmed_Walk_Bwd.uasset" 822
"C:/Arcadia/Unreal/Projects/BonkSouls/Content/Characters/Mannequins/Anims/Unarmed/Walk/MF_Unarmed_Walk_Bwd.uexp" 823
"C:/Arcadia/Unreal/Projects/BonkSouls/Content/Characters/Mannequins/Anims/Unarmed/Walk/MF_Unarmed_Walk_Bwd_Left.uasset" 824
"C:/Arcadia/Unreal/Projects/BonkSouls/Content/Characters/Mannequins/Anims/Unarmed/Walk/MF_Unarmed_Walk_Bwd_Left.uexp" 825
"C:/Arcadia/Unreal/Projects/BonkSouls/Content/Characters/Mannequins/Anims/Unarmed/Walk/MF_Unarmed_Walk_Bwd_Right.uasset" 826
"C:/Arcadia/Unreal/Projects/BonkSouls/Content/Characters/Mannequins/Anims/Unarmed/Walk/MF_Unarmed_Walk_Bwd_Right.uexp" 827
"C:/Arcadia/Unreal/Projects/BonkSouls/Content/Characters/Mannequins/Anims/Unarmed/Walk/MF_Unarmed_Walk_Fwd.uasset" 828
"C:/Arcadia/Unreal/Projects/BonkSouls/Content/Characters/Mannequins/Anims/Unarmed/Walk/MF_Unarmed_Walk_Fwd.uexp" 829
"C:/Arcadia/Unreal/Projects/BonkSouls/Content/Characters/Mannequins/Anims/Unarmed/Walk/MF_Unarmed_Walk_Fwd_Left.uasset" 830
"C:/Arcadia/Unreal/Projects/BonkSouls/Content/Characters/Mannequins/Anims/Unarmed/Walk/MF_Unarmed_Walk_Fwd_Left.uexp" 831
"C:/Arcadia/Unreal/Projects/BonkSouls/Content/Characters/Mannequins/Anims/Unarmed/Walk/MF_Unarmed_Walk_Fwd_Right.uasset" 832
"C:/Arcadia/Unreal/Projects/BonkSouls/Content/Characters/Mannequins/Anims/Unarmed/Walk/MF_Unarmed_Walk_Fwd_Right.uexp" 833
"C:/Arcadia/Unreal/Projects/BonkSouls/Content/Characters/Mannequins/Anims/Unarmed/Walk/MF_Unarmed_Walk_Left.uasset" 834
"C:/Arcadia/Unreal/Projects/BonkSouls/Content/Characters/Mannequins/Anims/Unarmed/Walk/MF_Unarmed_Walk_Left.uexp" 835
"C:/Arcadia/Unreal/Projects/BonkSouls/Content/Characters/Mannequins/Anims/Unarmed/Walk/MF_Unarmed_Walk_Right.uasset" 836
"C:/Arcadia/Unreal/Projects/BonkSouls/Content/Characters/Mannequins/Anims/Unarmed/Walk/MF_Unarmed_Walk_Right.uexp" 837
"C:/Arcadia/Unreal/Projects/BonkSouls/Content/Characters/Mannequins/Anims/Unarmed/BS_Idle_Walk_Run.uasset" 838
"C:/Arcadia/Unreal/Projects/BonkSouls/Content/Characters/Mannequins/Anims/Unarmed/BS_Idle_Walk_Run.uexp" 839
"C:/Arcadia/Unreal/Projects/BonkSouls/Content/Characters/Mannequins/Anims/Unarmed/Jump/MM_Fall_Loop.uasset" 840
"C:/Arcadia/Unreal/Projects/BonkSouls/Content/Characters/Mannequins/Anims/Unarmed/Jump/MM_Fall_Loop.uexp" 841
"C:/Arcadia/Unreal/Projects/BonkSouls/Content/Characters/Mannequins/Anims/Unarmed/Jump/MM_Jump.uasset" 842
"C:/Arcadia/Unreal/Projects/BonkSouls/Content/Characters/Mannequins/Anims/Unarmed/Jump/MM_Jump.uexp" 843
"C:/Arcadia/Unreal/Projects/BonkSouls/Content/Characters/Mannequins/Anims/Unarmed/Jump/MM_Land.uasset" 844
"C:/Arcadia/Unreal/Projects/BonkSouls/Content/Characters/Mannequins/Anims/Unarmed/Jump/MM_Land.uexp" 845
"C:/Arcadia/Unreal/Projects/BonkSouls/Content/Characters/Mannequins/Anims/Unarmed/ABP_Unarmed.uasset" 846
"C:/Arcadia/Unreal/Projects/BonkSouls/Content/Characters/Mannequins/Anims/Unarmed/ABP_Unarmed.uexp" 847
"C:/Arcadia/Unreal/Projects/BonkSouls/Content/ThirdPerson/Blueprints/BP_ThirdPersonCharacter.uasset" 848
"C:/Arcadia/Unreal/Projects/BonkSouls/Content/ThirdPerson/Blueprints/BP_ThirdPersonCharacter.uexp" 849
"C:/Arcadia/Unreal/Projects/BonkSouls/Content/Input/IMC_Default.uasset" 850
"C:/Arcadia/Unreal/Projects/BonkSouls/Content/Input/IMC_Default.uexp" 851
"C:/Arcadia/Unreal/Projects/BonkSouls/Content/Input/IMC_MouseLook.uasset" 852
"C:/Arcadia/Unreal/Projects/BonkSouls/Content/Input/IMC_MouseLook.uexp" 853
"../../../Engine/Content/MobileResources/HUD/VirtualJoystick_Thumb.uasset" 854
"../../../Engine/Content/MobileResources/HUD/VirtualJoystick_Thumb.uexp" 855
"../../../Engine/Content/MobileResources/HUD/VirtualJoystick_Background.uasset" 856
"../../../Engine/Content/MobileResources/HUD/VirtualJoystick_Background.uexp" 857
"C:/Arcadia/Unreal/Projects/BonkSouls/Content/Input/Touch/UI_Thumbstick.uasset" 858
"C:/Arcadia/Unreal/Projects/BonkSouls/Content/Input/Touch/UI_Thumbstick.uexp" 859
"C:/Arcadia/Unreal/Projects/BonkSouls/Content/Input/Touch/UI_TouchSimple.uasset" 860
"C:/Arcadia/Unreal/Projects/BonkSouls/Content/Input/Touch/UI_TouchSimple.uexp" 861
"C:/Arcadia/Unreal/Projects/BonkSouls/Content/ThirdPerson/Blueprints/BP_ThirdPersonPlayerController.uasset" 862
"C:/Arcadia/Unreal/Projects/BonkSouls/Content/ThirdPerson/Blueprints/BP_ThirdPersonPlayerController.uexp" 863
"C:/Arcadia/Unreal/Projects/BonkSouls/Content/ThirdPerson/Blueprints/BP_ThirdPersonGameMode.uasset" 864
"C:/Arcadia/Unreal/Projects/BonkSouls/Content/ThirdPerson/Blueprints/BP_ThirdPersonGameMode.uexp" 865
"../../../Engine/Content/EngineMaterials/EnergyConservation/Diffuse_Energy.uasset" 866
"../../../Engine/Content/EngineMaterials/EnergyConservation/Diffuse_Energy.uexp" 867
"../../../Engine/Content/EngineMaterials/EnergyConservation/GGX_ReflectionEnergy.uasset" 868
"../../../Engine/Content/EngineMaterials/EnergyConservation/GGX_ReflectionEnergy.uexp" 869
"../../../Engine/Content/EngineMaterials/EnergyConservation/GGX_TransmissionEnergyArray.uasset" 870
"../../../Engine/Content/EngineMaterials/EnergyConservation/GGX_TransmissionEnergyArray.uexp" 871
"../../../Engine/Content/EngineMaterials/EnergyConservation/SheenLegacy_Energy.uasset" 872
"../../../Engine/Content/EngineMaterials/EnergyConservation/SheenLegacy_Energy.uexp" 873
"../../../Engine/Content/EngineMaterials/EnergyConservation/Sheen_Energy.uasset" 874
"../../../Engine/Content/EngineMaterials/EnergyConservation/Sheen_Energy.uexp" 875
"../../../Engine/Content/EngineMaterials/LTC/GGX_LTCAmp.uasset" 876
"../../../Engine/Content/EngineMaterials/LTC/GGX_LTCAmp.uexp" 877
"../../../Engine/Content/EngineMaterials/LTC/GGX_LTCMat.uasset" 878
"../../../Engine/Content/EngineMaterials/LTC/GGX_LTCMat.uexp" 879
"../../../Engine/Content/EngineMaterials/LTC/Sheen_LTC.uasset" 880
"../../../Engine/Content/EngineMaterials/LTC/Sheen_LTC.uexp" 881
"../../../Engine/Content/EngineResources/Development/ZenLogo_64.uasset" 882
"../../../Engine/Content/EngineResources/Development/ZenLogo_64.uexp" 883
"../../../Engine/Content/EngineResources/FilmGrains/Marcie_Grain_v3_128_M2_000.uasset" 884
"../../../Engine/Content/EngineResources/FilmGrains/Marcie_Grain_v3_128_M2_000.uexp" 885
"../../../Engine/Content/EditorResources/SequenceRecorder/Countdown.uasset" 886
"../../../Engine/Content/EditorResources/SequenceRecorder/Countdown.uexp" 887
"../../../Engine/Content/EditorResources/SequenceRecorder/RecordingIndicator.uasset" 888
"../../../Engine/Content/EditorResources/SequenceRecorder/RecordingIndicator.uexp" 889
"../../../Engine/Content/VREditor/TransformGizmo/BoundingBoxCorner.ubulk" 890
"../../../Engine/Content/VREditor/TransformGizmo/BoundingBoxCorner.uasset" 891
"../../../Engine/Content/VREditor/TransformGizmo/BoundingBoxCorner.uexp" 892
"../../../Engine/Content/VREditor/TransformGizmo/BoundingBoxEdge.ubulk" 893
"../../../Engine/Content/VREditor/TransformGizmo/BoundingBoxEdge.uasset" 894
"../../../Engine/Content/VREditor/TransformGizmo/BoundingBoxEdge.uexp" 895
"../../../Engine/Content/Functions/Engine_MaterialFunctions01/Texturing/FlattenNormal.uasset" 896
"../../../Engine/Content/Functions/Engine_MaterialFunctions01/Texturing/FlattenNormal.uexp" 897
"../../../Engine/Plugins/Interchange/Assets/Content/Utilities/New_LUT.uasset" 898
"../../../Engine/Plugins/Interchange/Assets/Content/Utilities/New_LUT.uexp" 899
"../../../Engine/Content/Functions/Engine_MaterialFunctions03/Math/RemapValueRange.uasset" 900
"../../../Engine/Content/Functions/Engine_MaterialFunctions03/Math/RemapValueRange.uexp" 901
"../../../Engine/Plugins/Interchange/Assets/Content/Functions/MF_Iridescence.uasset" 902
"../../../Engine/Plugins/Interchange/Assets/Content/Functions/MF_Iridescence.uexp" 903
"../../../Engine/Plugins/Interchange/Assets/Content/gltf/Textures/T_White_srgb.uasset" 904
"../../../Engine/Plugins/Interchange/Assets/Content/gltf/Textures/T_White_srgb.uexp" 905
"../../../Engine/Plugins/Interchange/Assets/Content/gltf/MaterialFunctions/MF_BaseColor.uasset" 906
"../../../Engine/Plugins/Interchange/Assets/Content/gltf/MaterialFunctions/MF_BaseColor.uexp" 907
"../../../Engine/Plugins/Interchange/Assets/Content/gltf/MaterialFunctions/MF_RotateNormals_TS.uasset" 908
"../../../Engine/Plugins/Interchange/Assets/Content/gltf/MaterialFunctions/MF_RotateNormals_TS.uexp" 909
"../../../Engine/Plugins/Interchange/Assets/Content/gltf/Textures/T_Generic_N.uasset" 910
"../../../Engine/Plugins/Interchange/Assets/Content/gltf/Textures/T_Generic_N.uexp" 911
"../../../Engine/Plugins/Interchange/Assets/Content/gltf/Textures/T_White_Linear.uasset" 912
"../../../Engine/Plugins/Interchange/Assets/Content/gltf/Textures/T_White_Linear.uexp" 913
"../../../Engine/Plugins/Interchange/Assets/Content/gltf/MaterialFunctions/MF_Clearcoat.uasset" 914
"../../../Engine/Plugins/Interchange/Assets/Content/gltf/MaterialFunctions/MF_Clearcoat.uexp" 915
"../../../Engine/Plugins/Interchange/Assets/Content/gltf/MaterialFunctions/MF_Emissive.uasset" 916
"../../../Engine/Plugins/Interchange/Assets/Content/gltf/MaterialFunctions/MF_Emissive.uexp" 917
"../../../Engine/Plugins/Interchange/Assets/Content/gltf/MaterialFunctions/MF_IOR.uasset" 918
"../../../Engine/Plugins/Interchange/Assets/Content/gltf/MaterialFunctions/MF_IOR.uexp" 919
"../../../Engine/Plugins/Interchange/Assets/Content/gltf/MaterialFunctions/MF_Iridescence.uasset" 920
"../../../Engine/Plugins/Interchange/Assets/Content/gltf/MaterialFunctions/MF_Iridescence.uexp" 921
"../../../Engine/Plugins/Interchange/Assets/Content/gltf/MaterialFunctions/MF_MetallicRoughness.uasset" 922
"../../../Engine/Plugins/Interchange/Assets/Content/gltf/MaterialFunctions/MF_MetallicRoughness.uexp" 923
"../../../Engine/Plugins/Interchange/Assets/Content/gltf/MaterialFunctions/MF_ScaleNormal.uasset" 924
"../../../Engine/Plugins/Interchange/Assets/Content/gltf/MaterialFunctions/MF_ScaleNormal.uexp" 925
"../../../Engine/Plugins/Interchange/Assets/Content/gltf/MaterialFunctions/MF_Normals.uasset" 926
"../../../Engine/Plugins/Interchange/Assets/Content/gltf/MaterialFunctions/MF_Normals.uexp" 927
"../../../Engine/Plugins/Interchange/Assets/Content/gltf/MaterialFunctions/MF_Occlusion.uasset" 928
"../../../Engine/Plugins/Interchange/Assets/Content/gltf/MaterialFunctions/MF_Occlusion.uexp" 929
"../../../Engine/Plugins/Interchange/Assets/Content/gltf/MaterialFunctions/MF_Specular.uasset" 930
"../../../Engine/Plugins/Interchange/Assets/Content/gltf/MaterialFunctions/MF_Specular.uexp" 931
"../../../Engine/Plugins/Interchange/Assets/Content/gltf/Textures/T_Anisotropy_Direction_Linear.uasset" 932
"../../../Engine/Plugins/Interchange/Assets/Content/gltf/Textures/T_Anisotropy_Direction_Linear.uexp" 933
"../../../Engine/Plugins/Interchange/Assets/Content/gltf/MaterialFunctions/MF_SpecularAnisotropy.uasset" 934
"../../../Engine/Plugins/Interchange/Assets/Content/gltf/MaterialFunctions/MF_SpecularAnisotropy.uexp" 935
"../../../Engine/Plugins/Interchange/Assets/Content/gltf/MaterialFunctions/MF_RotateV2.uasset" 936
"../../../Engine/Plugins/Interchange/Assets/Content/gltf/MaterialFunctions/MF_RotateV2.uexp" 937
"../../../Engine/Plugins/Interchange/Assets/Content/gltf/MaterialFunctions/MF_TransformUVs.uasset" 938
"../../../Engine/Plugins/Interchange/Assets/Content/gltf/MaterialFunctions/MF_TransformUVs.uexp" 939
"../../../Engine/Plugins/Interchange/Assets/Content/gltf/MaterialBodies/MF_ClearCoat_Body.uasset" 940
"../../../Engine/Plugins/Interchange/Assets/Content/gltf/MaterialBodies/MF_ClearCoat_Body.uexp" 941
"../../../Engine/Plugins/Interchange/Assets/Content/gltf/M_ClearCoat.uasset" 942
"../../../Engine/Plugins/Interchange/Assets/Content/gltf/M_ClearCoat.uexp" 943
"../../../Engine/Plugins/Interchange/Assets/Content/gltf/MaterialInstances/MI_ClearCoat_Blend.uasset" 944
"../../../Engine/Plugins/Interchange/Assets/Content/gltf/MaterialInstances/MI_ClearCoat_Blend.uexp" 945
"../../../Engine/Plugins/Interchange/Assets/Content/gltf/MaterialInstances/MI_ClearCoat_Blend_DS.uasset" 946
"../../../Engine/Plugins/Interchange/Assets/Content/gltf/MaterialInstances/MI_ClearCoat_Blend_DS.uexp" 947
"../../../Engine/Plugins/Interchange/Assets/Content/gltf/MaterialInstances/MI_ClearCoat_Mask.uasset" 948
"../../../Engine/Plugins/Interchange/Assets/Content/gltf/MaterialInstances/MI_ClearCoat_Mask.uexp" 949
"../../../Engine/Plugins/Interchange/Assets/Content/gltf/MaterialInstances/MI_ClearCoat_Mask_DS.uasset" 950
"../../../Engine/Plugins/Interchange/Assets/Content/gltf/MaterialInstances/MI_ClearCoat_Mask_DS.uexp" 951
"../../../Engine/Plugins/Interchange/Assets/Content/gltf/MaterialInstances/MI_ClearCoat_Opaque.uasset" 952
"../../../Engine/Plugins/Interchange/Assets/Content/gltf/MaterialInstances/MI_ClearCoat_Opaque.uexp" 953
"../../../Engine/Plugins/Interchange/Assets/Content/gltf/MaterialInstances/MI_ClearCoat_Opaque_DS.uasset" 954
"../../../Engine/Plugins/Interchange/Assets/Content/gltf/MaterialInstances/MI_ClearCoat_Opaque_DS.uexp" 955
"../../../Engine/Plugins/Interchange/Assets/Content/gltf/MaterialBodies/MF_Default_Body.uasset" 956
"../../../Engine/Plugins/Interchange/Assets/Content/gltf/MaterialBodies/MF_Default_Body.uexp" 957
"../../../Engine/Plugins/Interchange/Assets/Content/gltf/M_Default.uasset" 958
"../../../Engine/Plugins/Interchange/Assets/Content/gltf/M_Default.uexp" 959
"../../../Engine/Plugins/Interchange/Assets/Content/gltf/MaterialInstances/MI_Default_Blend.uasset" 960
"../../../Engine/Plugins/Interchange/Assets/Content/gltf/MaterialInstances/MI_Default_Blend.uexp" 961
"../../../Engine/Plugins/Interchange/Assets/Content/gltf/MaterialInstances/MI_Default_Blend_DS.uasset" 962
"../../../Engine/Plugins/Interchange/Assets/Content/gltf/MaterialInstances/MI_Default_Blend_DS.uexp" 963
"../../../Engine/Plugins/Interchange/Assets/Content/gltf/MaterialInstances/MI_Default_Mask.uasset" 964
"../../../Engine/Plugins/Interchange/Assets/Content/gltf/MaterialInstances/MI_Default_Mask.uexp" 965
"../../../Engine/Plugins/Interchange/Assets/Content/gltf/MaterialInstances/MI_Default_Mask_DS.uasset" 966
"../../../Engine/Plugins/Interchange/Assets/Content/gltf/MaterialInstances/MI_Default_Mask_DS.uexp" 967
"../../../Engine/Plugins/Interchange/Assets/Content/gltf/MaterialInstances/MI_Default_Opaque.uasset" 968
"../../../Engine/Plugins/Interchange/Assets/Content/gltf/MaterialInstances/MI_Default_Opaque.uexp" 969
"../../../Engine/Plugins/Interchange/Assets/Content/gltf/MaterialInstances/MI_Default_Opaque_DS.uasset" 970
"../../../Engine/Plugins/Interchange/Assets/Content/gltf/MaterialInstances/MI_Default_Opaque_DS.uexp" 971
"../../../Engine/Plugins/Interchange/Assets/Content/gltf/MaterialFunctions/MF_Sheen.uasset" 972
"../../../Engine/Plugins/Interchange/Assets/Content/gltf/MaterialFunctions/MF_Sheen.uexp" 973
"../../../Engine/Plugins/Interchange/Assets/Content/gltf/MaterialBodies/MF_Sheen_Body.uasset" 974
"../../../Engine/Plugins/Interchange/Assets/Content/gltf/MaterialBodies/MF_Sheen_Body.uexp" 975
"../../../Engine/Plugins/Interchange/Assets/Content/gltf/M_Sheen.uasset" 976
"../../../Engine/Plugins/Interchange/Assets/Content/gltf/M_Sheen.uexp" 977
"../../../Engine/Plugins/Interchange/Assets/Content/gltf/MaterialInstances/MI_Sheen_Blend.uasset" 978
"../../../Engine/Plugins/Interchange/Assets/Content/gltf/MaterialInstances/MI_Sheen_Blend.uexp" 979
"../../../Engine/Plugins/Interchange/Assets/Content/gltf/MaterialInstances/MI_Sheen_Blend_DS.uasset" 980
"../../../Engine/Plugins/Interchange/Assets/Content/gltf/MaterialInstances/MI_Sheen_Blend_DS.uexp" 981
"../../../Engine/Plugins/Interchange/Assets/Content/gltf/MaterialInstances/MI_Sheen_Mask.uasset" 982
"../../../Engine/Plugins/Interchange/Assets/Content/gltf/MaterialInstances/MI_Sheen_Mask.uexp" 983
"../../../Engine/Plugins/Interchange/Assets/Content/gltf/MaterialInstances/MI_Sheen_Mask_DS.uasset" 984
"../../../Engine/Plugins/Interchange/Assets/Content/gltf/MaterialInstances/MI_Sheen_Mask_DS.uexp" 985
"../../../Engine/Plugins/Interchange/Assets/Content/gltf/MaterialInstances/MI_Sheen_Opaque.uasset" 986
"../../../Engine/Plugins/Interchange/Assets/Content/gltf/MaterialInstances/MI_Sheen_Opaque.uexp" 987
"../../../Engine/Plugins/Interchange/Assets/Content/gltf/MaterialInstances/MI_Sheen_Opaque_DS.uasset" 988
"../../../Engine/Plugins/Interchange/Assets/Content/gltf/MaterialInstances/MI_Sheen_Opaque_DS.uexp" 989
"../../../Engine/Plugins/Interchange/Assets/Content/gltf/MaterialFunctions/MF_DiffuseSpecGloss.uasset" 990
"../../../Engine/Plugins/Interchange/Assets/Content/gltf/MaterialFunctions/MF_DiffuseSpecGloss.uexp" 991
"../../../Engine/Plugins/Interchange/Assets/Content/gltf/MaterialFunctions/MF_MaxComponentValue.uasset" 992
"../../../Engine/Plugins/Interchange/Assets/Content/gltf/MaterialFunctions/MF_MaxComponentValue.uexp" 993
"../../../Engine/Content/Functions/Engine_MaterialFunctions02/Math/AddComponents.uasset" 994
"../../../Engine/Content/Functions/Engine_MaterialFunctions02/Math/AddComponents.uexp" 995
"../../../Engine/Plugins/Interchange/Assets/Content/gltf/MaterialFunctions/MF_PerceivedBrightness.uasset" 996
"../../../Engine/Plugins/Interchange/Assets/Content/gltf/MaterialFunctions/MF_PerceivedBrightness.uexp" 997
"../../../Engine/Plugins/Interchange/Assets/Content/gltf/MaterialFunctions/MF_SpecGlossToMetalRoughness.uasset" 998
"../../../Engine/Plugins/Interchange/Assets/Content/gltf/MaterialFunctions/MF_SpecGlossToMetalRoughness.uexp" 999
"../../../Engine/Plugins/Interchange/Assets/Content/gltf/MaterialBodies/MF_SpecularGlossiness_Body.uasset" 1000
"../../../Engine/Plugins/Interchange/Assets/Content/gltf/MaterialBodies/MF_SpecularGlossiness_Body.uexp" 1001
"../../../Engine/Plugins/Interchange/Assets/Content/gltf/M_SpecularGlossiness.uasset" 1002
"../../../Engine/Plugins/Interchange/Assets/Content/gltf/M_SpecularGlossiness.uexp" 1003
"../../../Engine/Plugins/Interchange/Assets/Content/gltf/MaterialInstances/MI_SpecularGlossiness_Blend.uasset" 1004
"../../../Engine/Plugins/Interchange/Assets/Content/gltf/MaterialInstances/MI_SpecularGlossiness_Blend.uexp" 1005
"../../../Engine/Plugins/Interchange/Assets/Content/gltf/MaterialInstances/MI_SpecularGlossiness_Blend_DS.uasset" 1006
"../../../Engine/Plugins/Interchange/Assets/Content/gltf/MaterialInstances/MI_SpecularGlossiness_Blend_DS.uexp" 1007
"../../../Engine/Plugins/Interchange/Assets/Content/gltf/MaterialInstances/MI_SpecularGlossiness_Mask.uasset" 1008
"../../../Engine/Plugins/Interchange/Assets/Content/gltf/MaterialInstances/MI_SpecularGlossiness_Mask.uexp" 1009
"../../../Engine/Plugins/Interchange/Assets/Content/gltf/MaterialInstances/MI_SpecularGlossiness_Mask_DS.uasset" 1010
"../../../Engine/Plugins/Interchange/Assets/Content/gltf/MaterialInstances/MI_SpecularGlossiness_Mask_DS.uexp" 1011
"../../../Engine/Plugins/Interchange/Assets/Content/gltf/MaterialInstances/MI_SpecularGlossiness_Opaque.uasset" 1012
"../../../Engine/Plugins/Interchange/Assets/Content/gltf/MaterialInstances/MI_SpecularGlossiness_Opaque.uexp" 1013
"../../../Engine/Plugins/Interchange/Assets/Content/gltf/MaterialInstances/MI_SpecularGlossiness_Opaque_DS.uasset" 1014
"../../../Engine/Plugins/Interchange/Assets/Content/gltf/MaterialInstances/MI_SpecularGlossiness_Opaque_DS.uexp" 1015
"../../../Engine/Content/EngineMaterials/Good64x64TilingNoiseHighFreq.uasset" 1016
"../../../Engine/Content/EngineMaterials/Good64x64TilingNoiseHighFreq.uexp" 1017
"../../../Engine/Content/Functions/Engine_MaterialFunctions02/Texturing/ScreenAlignedPixelToPixelUVs.uasset" 1018
"../../../Engine/Content/Functions/Engine_MaterialFunctions02/Texturing/ScreenAlignedPixelToPixelUVs.uexp" 1019
"../../../Engine/Plugins/Interchange/Assets/Content/gltf/MaterialFunctions/MF_Fresnel_DS.uasset" 1020
"../../../Engine/Plugins/Interchange/Assets/Content/gltf/MaterialFunctions/MF_Fresnel_DS.uexp" 1021
"../../../Engine/Plugins/Interchange/Assets/Content/gltf/MaterialFunctions/MF_Temporal_Blur.uasset" 1022
"../../../Engine/Plugins/Interchange/Assets/Content/gltf/MaterialFunctions/MF_Temporal_Blur.uexp" 1023
"../../../Engine/Plugins/Interchange/Assets/Content/gltf/MaterialFunctions/MF_Transmission.uasset" 1024
"../../../Engine/Plugins/Interchange/Assets/Content/gltf/MaterialFunctions/MF_Transmission.uexp" 1025
"../../../Engine/Plugins/Interchange/Assets/Content/gltf/MaterialBodies/MF_Transmission_Body.uasset" 1026
"../../../Engine/Plugins/Interchange/Assets/Content/gltf/MaterialBodies/MF_Transmission_Body.uexp" 1027
"../../../Engine/Plugins/Interchange/Assets/Content/gltf/M_Transmission.uasset" 1028
"../../../Engine/Plugins/Interchange/Assets/Content/gltf/M_Transmission.uexp" 1029
"../../../Engine/Plugins/Interchange/Assets/Content/gltf/MaterialInstances/MI_Transmission.uasset" 1030
"../../../Engine/Plugins/Interchange/Assets/Content/gltf/MaterialInstances/MI_Transmission.uexp" 1031
"../../../Engine/Plugins/Interchange/Assets/Content/gltf/MaterialInstances/MI_Transmission_DS.uasset" 1032
"../../../Engine/Plugins/Interchange/Assets/Content/gltf/MaterialInstances/MI_Transmission_DS.uexp" 1033
"../../../Engine/Plugins/Interchange/Assets/Content/gltf/MaterialBodies/MF_Unlit_Body.uasset" 1034
"../../../Engine/Plugins/Interchange/Assets/Content/gltf/MaterialBodies/MF_Unlit_Body.uexp" 1035
"../../../Engine/Plugins/Interchange/Assets/Content/gltf/M_Unlit.uasset" 1036
"../../../Engine/Plugins/Interchange/Assets/Content/gltf/M_Unlit.uexp" 1037
"../../../Engine/Plugins/Interchange/Assets/Content/gltf/MaterialInstances/MI_Unlit_Blend.uasset" 1038
"../../../Engine/Plugins/Interchange/Assets/Content/gltf/MaterialInstances/MI_Unlit_Blend.uexp" 1039
"../../../Engine/Plugins/Interchange/Assets/Content/gltf/MaterialInstances/MI_Unlit_Blend_DS.uasset" 1040
"../../../Engine/Plugins/Interchange/Assets/Content/gltf/MaterialInstances/MI_Unlit_Blend_DS.uexp" 1041
"../../../Engine/Plugins/Interchange/Assets/Content/gltf/MaterialInstances/MI_Unlit_Mask.uasset" 1042
"../../../Engine/Plugins/Interchange/Assets/Content/gltf/MaterialInstances/MI_Unlit_Mask.uexp" 1043
"../../../Engine/Plugins/Interchange/Assets/Content/gltf/MaterialInstances/MI_Unlit_Mask_DS.uasset" 1044
"../../../Engine/Plugins/Interchange/Assets/Content/gltf/MaterialInstances/MI_Unlit_Mask_DS.uexp" 1045
"../../../Engine/Plugins/Interchange/Assets/Content/gltf/MaterialInstances/MI_Unlit_Opaque.uasset" 1046
"../../../Engine/Plugins/Interchange/Assets/Content/gltf/MaterialInstances/MI_Unlit_Opaque.uexp" 1047
"../../../Engine/Plugins/Interchange/Assets/Content/gltf/MaterialInstances/MI_Unlit_Opaque_DS.uasset" 1048
"../../../Engine/Plugins/Interchange/Assets/Content/gltf/MaterialInstances/MI_Unlit_Opaque_DS.uexp" 1049
"C:/Arcadia/Unreal/Projects/BonkSouls/Content/Characters/Mannequins/Materials/Manny/MI_Manny_01_New.uasset" 1050
"C:/Arcadia/Unreal/Projects/BonkSouls/Content/Characters/Mannequins/Materials/Manny/MI_Manny_01_New.uexp" 1051
"C:/Arcadia/Unreal/Projects/BonkSouls/Content/Characters/Mannequins/Textures/Manny/T_Manny_02_BN.ubulk" 1052
"C:/Arcadia/Unreal/Projects/BonkSouls/Content/Characters/Mannequins/Textures/Manny/T_Manny_02_BN.uasset" 1053
"C:/Arcadia/Unreal/Projects/BonkSouls/Content/Characters/Mannequins/Textures/Manny/T_Manny_02_BN.uexp" 1054
"C:/Arcadia/Unreal/Projects/BonkSouls/Content/Characters/Mannequins/Textures/Manny/T_Manny_02_D.ubulk" 1055
"C:/Arcadia/Unreal/Projects/BonkSouls/Content/Characters/Mannequins/Textures/Manny/T_Manny_02_D.uasset" 1056
"C:/Arcadia/Unreal/Projects/BonkSouls/Content/Characters/Mannequins/Textures/Manny/T_Manny_02_D.uexp" 1057
"C:/Arcadia/Unreal/Projects/BonkSouls/Content/Characters/Mannequins/Textures/Manny/T_Manny_02_MRA.ubulk" 1058
"C:/Arcadia/Unreal/Projects/BonkSouls/Content/Characters/Mannequins/Textures/Manny/T_Manny_02_MRA.uasset" 1059
"C:/Arcadia/Unreal/Projects/BonkSouls/Content/Characters/Mannequins/Textures/Manny/T_Manny_02_MRA.uexp" 1060
"C:/Arcadia/Unreal/Projects/BonkSouls/Content/Characters/Mannequins/Materials/Manny/MI_Manny_02_New.uasset" 1061
"C:/Arcadia/Unreal/Projects/BonkSouls/Content/Characters/Mannequins/Materials/Manny/MI_Manny_02_New.uexp" 1062
"C:/Arcadia/Unreal/Projects/BonkSouls/Content/Characters/Mannequins/Meshes/SKM_Manny_Simple.uasset" 1063
"C:/Arcadia/Unreal/Projects/BonkSouls/Content/Characters/Mannequins/Meshes/SKM_Manny_Simple.uexp" 1064
"../../../Engine/Content/EngineMaterials/Substrate/GLints/AGlintTex2dArray.uasset" 1065
"../../../Engine/Content/EngineMaterials/Substrate/GLints/AGlintTex2dArray.uexp" 1066
"../../../Engine/Content/ArtTools/RenderToTexture/Meshes/S_1_Unit_Plane.ubulk" 1067
"../../../Engine/Content/ArtTools/RenderToTexture/Meshes/S_1_Unit_Plane.uasset" 1068
"../../../Engine/Content/ArtTools/RenderToTexture/Meshes/S_1_Unit_Plane.uexp" 1069
"../../../Engine/Content/EngineMaterials/Substrate/Glints2/AGlintTex2dArray2.uasset" 1070
"../../../Engine/Content/EngineMaterials/Substrate/Glints2/AGlintTex2dArray2.uexp" 1071
"../../../Engine/Content/Functions/Engine_MaterialFunctions01/Shading/ConvertFromDiffSpec.uasset" 1072
"../../../Engine/Content/Functions/Engine_MaterialFunctions01/Shading/ConvertFromDiffSpec.uexp" 1073
"../../../Engine/Content/Functions/Engine_MaterialFunctions01/Shading/PowerToRoughness.uasset" 1074
"../../../Engine/Content/Functions/Engine_MaterialFunctions01/Shading/PowerToRoughness.uexp" 1075
"../../../Engine/Content/EngineMaterials/Substrate/Volume/SubstrateSimpleVolumeEnvLUT3D.uasset" 1076
"../../../Engine/Content/EngineMaterials/Substrate/Volume/SubstrateSimpleVolumeEnvLUT3D.uexp" 1077
"../../../Engine/Content/EngineMaterials/Substrate/Volume/SubstrateSimpleVolumeLUT3D.uasset" 1078
"../../../Engine/Content/EngineMaterials/Substrate/Volume/SubstrateSimpleVolumeLUT3D.uexp" 1079
"../../../Engine/Plugins/2D/Paper2D/Content/DefaultSpriteMaterial.uasset" 1080
"../../../Engine/Plugins/2D/Paper2D/Content/DefaultSpriteMaterial.uexp" 1081
"../../../Engine/Plugins/2D/Paper2D/Content/MaskedUnlitSpriteMaterial.uasset" 1082
"../../../Engine/Plugins/2D/Paper2D/Content/MaskedUnlitSpriteMaterial.uexp" 1083
"../../../Engine/Plugins/2D/Paper2D/Content/OpaqueUnlitSpriteMaterial.uasset" 1084
"../../../Engine/Plugins/2D/Paper2D/Content/OpaqueUnlitSpriteMaterial.uexp" 1085
"../../../Engine/Plugins/Animation/ControlRig/Content/M_Manip.uasset" 1086
"../../../Engine/Plugins/Animation/ControlRig/Content/M_Manip.uexp" 1087
"../../../Engine/Content/Maps/Entry_BuiltData.uasset" 1088
"../../../Engine/Content/Maps/Entry_BuiltData.uexp" 1089
"../../../Engine/Content/Maps/Entry.uexp" 1090
"../../../Engine/Content/Maps/Entry.umap" 1091
"../../../Engine/Content/EngineMaterials/DefaultPhysicalMaterial.uasset" 1092
"../../../Engine/Content/EngineMaterials/DefaultPhysicalMaterial.uexp" 1093
"../../../Engine/Content/Functions/Engine_MaterialFunctions02/Utility/BreakOutFloat4Components.uasset" 1094
"../../../Engine/Content/Functions/Engine_MaterialFunctions02/Utility/BreakOutFloat4Components.uexp" 1095
"../../../Engine/Content/Functions/Engine_MaterialFunctions02/Utility/MakeFloat4.uasset" 1096
"../../../Engine/Content/Functions/Engine_MaterialFunctions02/Utility/MakeFloat4.uexp" 1097
"../../../Engine/Content/EngineResources/DefaultVolumeTexture2D.uasset" 1098
"../../../Engine/Content/EngineResources/DefaultVolumeTexture2D.uexp" 1099
"../../../Engine/Content/EngineResources/DefaultVolumeTexture.uasset" 1100
"../../../Engine/Content/EngineResources/DefaultVolumeTexture.uexp" 1101
"../../../Engine/Content/EngineSky/VolumetricClouds/VT_Lightning.uasset" 1102
"../../../Engine/Content/EngineSky/VolumetricClouds/VT_Lightning.uexp" 1103
"../../../Engine/Content/Functions/Engine_MaterialFunctions01/Units/Km-to-Cm.uasset" 1104
"../../../Engine/Content/Functions/Engine_MaterialFunctions01/Units/Km-to-Cm.uexp" 1105
"../../../Engine/Content/EngineSky/VolumetricClouds/m_SimpleVolumetricCloud.uasset" 1106
"../../../Engine/Content/EngineSky/VolumetricClouds/m_SimpleVolumetricCloud.uexp" 1107
"../../../Engine/Content/EngineSky/VolumetricClouds/T_CloudMask.ubulk" 1108
"../../../Engine/Content/EngineSky/VolumetricClouds/T_CloudMask.uasset" 1109
"../../../Engine/Content/EngineSky/VolumetricClouds/T_CloudMask.uexp" 1110
"../../../Engine/Content/EngineSky/VolumetricClouds/T_CloudPattern.ubulk" 1111
"../../../Engine/Content/EngineSky/VolumetricClouds/T_CloudPattern.uasset" 1112
"../../../Engine/Content/EngineSky/VolumetricClouds/T_CloudPattern.uexp" 1113
"../../../Engine/Content/EngineSky/VolumetricClouds/T_Profile_08.ubulk" 1114
"../../../Engine/Content/EngineSky/VolumetricClouds/T_Profile_08.uasset" 1115
"../../../Engine/Content/EngineSky/VolumetricClouds/T_Profile_08.uexp" 1116
"../../../Engine/Content/EngineSky/VolumetricClouds/VT_PerlinWorley_Balanced.uasset" 1117
"../../../Engine/Content/EngineSky/VolumetricClouds/VT_PerlinWorley_Balanced.uexp" 1118
"../../../Engine/Content/EngineSky/VolumetricClouds/m_SimpleVolumetricCloud_Inst.uasset" 1119
"../../../Engine/Content/EngineSky/VolumetricClouds/m_SimpleVolumetricCloud_Inst.uexp" 1120
"C:/Arcadia/Unreal/Projects/BonkSouls/Content/BonkSouls/Input/Actions/IA_BS_Attack.uasset" 1121
"C:/Arcadia/Unreal/Projects/BonkSouls/Content/BonkSouls/Input/Actions/IA_BS_Attack.uexp" 1122
"C:/Arcadia/Unreal/Projects/BonkSouls/Content/BonkSouls/Input/Actions/IA_BS_Dodge.uasset" 1123
"C:/Arcadia/Unreal/Projects/BonkSouls/Content/BonkSouls/Input/Actions/IA_BS_Dodge.uexp" 1124
"C:/Arcadia/Unreal/Projects/BonkSouls/Content/BonkSouls/Input/Actions/IA_BS_Item.uasset" 1125
"C:/Arcadia/Unreal/Projects/BonkSouls/Content/BonkSouls/Input/Actions/IA_BS_Item.uexp" 1126
"C:/Arcadia/Unreal/Projects/BonkSouls/Content/BonkSouls/Input/Actions/IA_BS_Jump.uasset" 1127
"C:/Arcadia/Unreal/Projects/BonkSouls/Content/BonkSouls/Input/Actions/IA_BS_Jump.uexp" 1128
"C:/Arcadia/Unreal/Projects/BonkSouls/Content/BonkSouls/Input/Actions/IA_BS_LockOn.uasset" 1129
"C:/Arcadia/Unreal/Projects/BonkSouls/Content/BonkSouls/Input/Actions/IA_BS_LockOn.uexp" 1130
"C:/Arcadia/Unreal/Projects/BonkSouls/Content/BonkSouls/Input/Actions/IA_BS_Look.uasset" 1131
"C:/Arcadia/Unreal/Projects/BonkSouls/Content/BonkSouls/Input/Actions/IA_BS_Look.uexp" 1132
"C:/Arcadia/Unreal/Projects/BonkSouls/Content/BonkSouls/Input/Actions/IA_BS_Move.uasset" 1133
"C:/Arcadia/Unreal/Projects/BonkSouls/Content/BonkSouls/Input/Actions/IA_BS_Move.uexp" 1134
"C:/Arcadia/Unreal/Projects/BonkSouls/Content/BonkSouls/Input/IMC_BonkSouls.uasset" 1135
"C:/Arcadia/Unreal/Projects/BonkSouls/Content/BonkSouls/Input/IMC_BonkSouls.uexp" 1136
"C:/Arcadia/Unreal/Projects/BonkSouls/Content/BonkSouls/Blueprints/BP_BonkSoulsPlayerController.uasset" 1137
"C:/Arcadia/Unreal/Projects/BonkSouls/Content/BonkSouls/Blueprints/BP_BonkSoulsPlayerController.uexp" 1138
"C:/Arcadia/Unreal/Projects/BonkSouls/Content/BonkSouls/Animations/Player/ABS_WalkRunBlend.uasset" 1139
"C:/Arcadia/Unreal/Projects/BonkSouls/Content/BonkSouls/Animations/Player/ABS_WalkRunBlend.uexp" 1140
"C:/Arcadia/Unreal/Projects/BonkSouls/Content/BonkSouls/Animations/Player/ABP_BS_Character.uasset" 1141
"C:/Arcadia/Unreal/Projects/BonkSouls/Content/BonkSouls/Animations/Player/ABP_BS_Character.uexp" 1142
"C:/Arcadia/Unreal/Projects/BonkSouls/Content/BonkSouls/Blueprints/BPI_Damageable.uasset" 1143
"C:/Arcadia/Unreal/Projects/BonkSouls/Content/BonkSouls/Blueprints/BPI_Damageable.uexp" 1144
"C:/Arcadia/Unreal/Projects/BonkSouls/Content/BonkSouls/Blueprints/Characters/BP_BSCharacter.uasset" 1145
"C:/Arcadia/Unreal/Projects/BonkSouls/Content/BonkSouls/Blueprints/Characters/BP_BSCharacter.uexp" 1146
"C:/Arcadia/Unreal/Projects/BonkSouls/Content/CR/Demo/Meshes/SK_Mannequin.uasset" 1147
"C:/Arcadia/Unreal/Projects/BonkSouls/Content/CR/Demo/Meshes/SK_Mannequin.uexp" 1148
"C:/Arcadia/Unreal/Projects/BonkSouls/Content/CR/LQ/AMT_Materials/M_Master/M_Master.uasset" 1149
"C:/Arcadia/Unreal/Projects/BonkSouls/Content/CR/LQ/AMT_Materials/M_Master/M_Master.uexp" 1150
"C:/Arcadia/Unreal/Projects/BonkSouls/Content/CR/LQ/AMT_Materials/MI_001_4.uasset" 1151
"C:/Arcadia/Unreal/Projects/BonkSouls/Content/CR/LQ/AMT_Materials/MI_001_4.uexp" 1152
"C:/Arcadia/Unreal/Projects/BonkSouls/Content/CR/LQ/AMT_Materials/MI_002_1.uasset" 1153
"C:/Arcadia/Unreal/Projects/BonkSouls/Content/CR/LQ/AMT_Materials/MI_002_1.uexp" 1154
"C:/Arcadia/Unreal/Projects/BonkSouls/Content/CR/LQ/AMT_Materials/MI_002_6.uasset" 1155
"C:/Arcadia/Unreal/Projects/BonkSouls/Content/CR/LQ/AMT_Materials/MI_002_6.uexp" 1156
"C:/Arcadia/Unreal/Projects/BonkSouls/Content/CR/LQ/AMT_Materials/MI_004_2.uasset" 1157
"C:/Arcadia/Unreal/Projects/BonkSouls/Content/CR/LQ/AMT_Materials/MI_004_2.uexp" 1158
"C:/Arcadia/Unreal/Projects/BonkSouls/Content/CR/LQ/AMT_Materials/MI_008_10.uasset" 1159
"C:/Arcadia/Unreal/Projects/BonkSouls/Content/CR/LQ/AMT_Materials/MI_008_10.uexp" 1160
"C:/Arcadia/Unreal/Projects/BonkSouls/Content/CR/LQ/AMT_Materials/MI_008_11.uasset" 1161
"C:/Arcadia/Unreal/Projects/BonkSouls/Content/CR/LQ/AMT_Materials/MI_008_11.uexp" 1162
"C:/Arcadia/Unreal/Projects/BonkSouls/Content/CR/LQ/AMT_Materials/MI_008_7_1.uasset" 1163
"C:/Arcadia/Unreal/Projects/BonkSouls/Content/CR/LQ/AMT_Materials/MI_008_7_1.uexp" 1164
"C:/Arcadia/Unreal/Projects/BonkSouls/Content/CR/LQ/AMT_Physics/PA_FullBody.uasset" 1165
"C:/Arcadia/Unreal/Projects/BonkSouls/Content/CR/LQ/AMT_Physics/PA_FullBody.uexp" 1166
"C:/Arcadia/Unreal/Projects/BonkSouls/Content/CR/LQ/CharacterModular/Modular_001_Bergs05/Mesh/SKM_Bergs05_1.uasset" 1167
"C:/Arcadia/Unreal/Projects/BonkSouls/Content/CR/LQ/CharacterModular/Modular_001_Bergs05/Mesh/SKM_Bergs05_1.uexp" 1168
"C:/Arcadia/Unreal/Projects/BonkSouls/Content/BonkSouls/Blueprints/Characters/BP_BSPlayer.uasset" 1169
"C:/Arcadia/Unreal/Projects/BonkSouls/Content/BonkSouls/Blueprints/Characters/BP_BSPlayer.uexp" 1170
"C:/Arcadia/Unreal/Projects/BonkSouls/Content/BonkSouls/Blueprints/BP_BonkSoulsGamemode.uasset" 1171
"C:/Arcadia/Unreal/Projects/BonkSouls/Content/BonkSouls/Blueprints/BP_BonkSoulsGamemode.uexp" 1172
"../../../Engine/Content/EngineMaterials/WeightMapPlaceholderTexture.uasset" 1173
"../../../Engine/Content/EngineMaterials/WeightMapPlaceholderTexture.uexp" 1174
"../../../Engine/Content/EngineMaterials/WeightMapArrayPlaceholderTexture.uasset" 1175
"../../../Engine/Content/EngineMaterials/WeightMapArrayPlaceholderTexture.uexp" 1176
"../../../Engine/Content/Functions/Engine_MaterialFunctions02/Texturing/WorldPositionWithScale.uasset" 1177
"../../../Engine/Content/Functions/Engine_MaterialFunctions02/Texturing/WorldPositionWithScale.uexp" 1178
"C:/Arcadia/Unreal/Projects/BonkSouls/Content/BonkSouls/Materials/M_LowPolyLandscape.uasset" 1179
"C:/Arcadia/Unreal/Projects/BonkSouls/Content/BonkSouls/Materials/M_LowPolyLandscape.uexp" 1180
"C:/Arcadia/Unreal/Projects/BonkSouls/Content/BonkSouls/Materials/MI_LowPolyLandscape.uasset" 1181
"C:/Arcadia/Unreal/Projects/BonkSouls/Content/BonkSouls/Materials/MI_LowPolyLandscape.uexp" 1182
"C:/Arcadia/Unreal/Projects/BonkSouls/Content/LPRiverForest/Textures/T_Poly_NHeight.ubulk" 1183
"C:/Arcadia/Unreal/Projects/BonkSouls/Content/LPRiverForest/Textures/T_Poly_NHeight.uasset" 1184
"C:/Arcadia/Unreal/Projects/BonkSouls/Content/LPRiverForest/Textures/T_Poly_NHeight.uexp" 1185
"../../../Engine/Content/Functions/Engine_MaterialFunctions02/Utility/DitherTemporalAA.uasset" 1186
"../../../Engine/Content/Functions/Engine_MaterialFunctions02/Utility/DitherTemporalAA.uexp" 1187
"../../../Engine/Content/Functions/Engine_MaterialFunctions02/SmoothStep.uasset" 1188
"../../../Engine/Content/Functions/Engine_MaterialFunctions02/SmoothStep.uexp" 1189
"../../../Engine/Content/Functions/Engine_MaterialFunctions01/Gradient/LinearGradient.uasset" 1190
"../../../Engine/Content/Functions/Engine_MaterialFunctions01/Gradient/LinearGradient.uexp" 1191
"../../../Engine/Content/Functions/Engine_MaterialFunctions01/ImageAdjustment/CheapContrast.uasset" 1192
"../../../Engine/Content/Functions/Engine_MaterialFunctions01/ImageAdjustment/CheapContrast.uexp" 1193
"C:/Arcadia/Unreal/Projects/BonkSouls/Content/LPRiverForest/Materials/Common/MPC_UnlitStrength.uasset" 1194
"C:/Arcadia/Unreal/Projects/BonkSouls/Content/LPRiverForest/Materials/Common/MPC_UnlitStrength.uexp" 1195
"C:/Arcadia/Unreal/Projects/BonkSouls/Content/LPRiverForest/Materials/MaterialFunctions/MF_NormalTreatment.uasset" 1196
"C:/Arcadia/Unreal/Projects/BonkSouls/Content/LPRiverForest/Materials/MaterialFunctions/MF_NormalTreatment.uexp" 1197
"C:/Arcadia/Unreal/Projects/BonkSouls/Content/LPRiverForest/Materials/M_LowPolyWater.uasset" 1198
"C:/Arcadia/Unreal/Projects/BonkSouls/Content/LPRiverForest/Materials/M_LowPolyWater.uexp" 1199
"C:/Arcadia/Unreal/Projects/BonkSouls/Content/LPRiverForest/Materials/Water/MI_River.uasset" 1200
"C:/Arcadia/Unreal/Projects/BonkSouls/Content/LPRiverForest/Materials/Water/MI_River.uexp" 1201
"C:/Arcadia/Unreal/Projects/BonkSouls/Content/LP_SimpleNature_JC/Textures/T_SimpleNature_Texture_01.ubulk" 1202
"C:/Arcadia/Unreal/Projects/BonkSouls/Content/LP_SimpleNature_JC/Textures/T_SimpleNature_Texture_01.uasset" 1203
"C:/Arcadia/Unreal/Projects/BonkSouls/Content/LP_SimpleNature_JC/Textures/T_SimpleNature_Texture_01.uexp" 1204
"C:/Arcadia/Unreal/Projects/BonkSouls/Content/LP_SimpleNature_JC/Materials/M_SimpleNature_MAIN.uasset" 1205
"C:/Arcadia/Unreal/Projects/BonkSouls/Content/LP_SimpleNature_JC/Materials/M_SimpleNature_MAIN.uexp" 1206
"C:/Arcadia/Unreal/Projects/BonkSouls/Content/LP_SimpleNature_JC/Models/SM_Branch_01.ubulk" 1207
"C:/Arcadia/Unreal/Projects/BonkSouls/Content/LP_SimpleNature_JC/Models/SM_Branch_01.uasset" 1208
"C:/Arcadia/Unreal/Projects/BonkSouls/Content/LP_SimpleNature_JC/Models/SM_Branch_01.uexp" 1209
"C:/Arcadia/Unreal/Projects/BonkSouls/Content/LP_SimpleNature_JC/Models/SM_Bush_02.ubulk" 1210
"C:/Arcadia/Unreal/Projects/BonkSouls/Content/LP_SimpleNature_JC/Models/SM_Bush_02.uasset" 1211
"C:/Arcadia/Unreal/Projects/BonkSouls/Content/LP_SimpleNature_JC/Models/SM_Bush_02.uexp" 1212
"C:/Arcadia/Unreal/Projects/BonkSouls/Content/LP_SimpleNature_JC/Models/SM_Bush_03.ubulk" 1213
"C:/Arcadia/Unreal/Projects/BonkSouls/Content/LP_SimpleNature_JC/Models/SM_Bush_03.uasset" 1214
"C:/Arcadia/Unreal/Projects/BonkSouls/Content/LP_SimpleNature_JC/Models/SM_Bush_03.uexp" 1215
"C:/Arcadia/Unreal/Projects/BonkSouls/Content/LP_SimpleNature_JC/Models/SM_Flower_01.ubulk" 1216
"C:/Arcadia/Unreal/Projects/BonkSouls/Content/LP_SimpleNature_JC/Models/SM_Flower_01.uasset" 1217
"C:/Arcadia/Unreal/Projects/BonkSouls/Content/LP_SimpleNature_JC/Models/SM_Flower_01.uexp" 1218
"C:/Arcadia/Unreal/Projects/BonkSouls/Content/LP_SimpleNature_JC/Models/SM_Flower_02.ubulk" 1219
"C:/Arcadia/Unreal/Projects/BonkSouls/Content/LP_SimpleNature_JC/Models/SM_Flower_02.uasset" 1220
"C:/Arcadia/Unreal/Projects/BonkSouls/Content/LP_SimpleNature_JC/Models/SM_Flower_02.uexp" 1221
"C:/Arcadia/Unreal/Projects/BonkSouls/Content/LP_SimpleNature_JC/Models/SM_Grass_01.ubulk" 1222
"C:/Arcadia/Unreal/Projects/BonkSouls/Content/LP_SimpleNature_JC/Models/SM_Grass_01.uasset" 1223
"C:/Arcadia/Unreal/Projects/BonkSouls/Content/LP_SimpleNature_JC/Models/SM_Grass_01.uexp" 1224
"C:/Arcadia/Unreal/Projects/BonkSouls/Content/LP_SimpleNature_JC/Models/SM_Ground_01.ubulk" 1225
"C:/Arcadia/Unreal/Projects/BonkSouls/Content/LP_SimpleNature_JC/Models/SM_Ground_01.uasset" 1226
"C:/Arcadia/Unreal/Projects/BonkSouls/Content/LP_SimpleNature_JC/Models/SM_Ground_01.uexp" 1227
"C:/Arcadia/Unreal/Projects/BonkSouls/Content/LP_SimpleNature_JC/Models/SM_Ground_02.ubulk" 1228
"C:/Arcadia/Unreal/Projects/BonkSouls/Content/LP_SimpleNature_JC/Models/SM_Ground_02.uasset" 1229
"C:/Arcadia/Unreal/Projects/BonkSouls/Content/LP_SimpleNature_JC/Models/SM_Ground_02.uexp" 1230
"C:/Arcadia/Unreal/Projects/BonkSouls/Content/LP_SimpleNature_JC/Models/SM_Ground_03.ubulk" 1231
"C:/Arcadia/Unreal/Projects/BonkSouls/Content/LP_SimpleNature_JC/Models/SM_Ground_03.uasset" 1232
"C:/Arcadia/Unreal/Projects/BonkSouls/Content/LP_SimpleNature_JC/Models/SM_Ground_03.uexp" 1233
"C:/Arcadia/Unreal/Projects/BonkSouls/Content/LP_SimpleNature_JC/Models/SM_Mushroom_01.ubulk" 1234
"C:/Arcadia/Unreal/Projects/BonkSouls/Content/LP_SimpleNature_JC/Models/SM_Mushroom_01.uasset" 1235
"C:/Arcadia/Unreal/Projects/BonkSouls/Content/LP_SimpleNature_JC/Models/SM_Mushroom_01.uexp" 1236
"C:/Arcadia/Unreal/Projects/BonkSouls/Content/LP_SimpleNature_JC/Models/SM_Mushroom_02.ubulk" 1237
"C:/Arcadia/Unreal/Projects/BonkSouls/Content/LP_SimpleNature_JC/Models/SM_Mushroom_02.uasset" 1238
"C:/Arcadia/Unreal/Projects/BonkSouls/Content/LP_SimpleNature_JC/Models/SM_Mushroom_02.uexp" 1239
"C:/Arcadia/Unreal/Projects/BonkSouls/Content/LP_SimpleNature_JC/Models/SM_Rock_01.ubulk" 1240
"C:/Arcadia/Unreal/Projects/BonkSouls/Content/LP_SimpleNature_JC/Models/SM_Rock_01.uasset" 1241
"C:/Arcadia/Unreal/Projects/BonkSouls/Content/LP_SimpleNature_JC/Models/SM_Rock_01.uexp" 1242
"C:/Arcadia/Unreal/Projects/BonkSouls/Content/LP_SimpleNature_JC/Models/SM_Rock_03.ubulk" 1243
"C:/Arcadia/Unreal/Projects/BonkSouls/Content/LP_SimpleNature_JC/Models/SM_Rock_03.uasset" 1244
"C:/Arcadia/Unreal/Projects/BonkSouls/Content/LP_SimpleNature_JC/Models/SM_Rock_03.uexp" 1245
"C:/Arcadia/Unreal/Projects/BonkSouls/Content/LP_SimpleNature_JC/Models/SM_Rock_04.ubulk" 1246
"C:/Arcadia/Unreal/Projects/BonkSouls/Content/LP_SimpleNature_JC/Models/SM_Rock_04.uasset" 1247
"C:/Arcadia/Unreal/Projects/BonkSouls/Content/LP_SimpleNature_JC/Models/SM_Rock_04.uexp" 1248
"C:/Arcadia/Unreal/Projects/BonkSouls/Content/LP_SimpleNature_JC/Models/SM_Rock_05.ubulk" 1249
"C:/Arcadia/Unreal/Projects/BonkSouls/Content/LP_SimpleNature_JC/Models/SM_Rock_05.uasset" 1250
"C:/Arcadia/Unreal/Projects/BonkSouls/Content/LP_SimpleNature_JC/Models/SM_Rock_05.uexp" 1251
"C:/Arcadia/Unreal/Projects/BonkSouls/Content/LP_SimpleNature_JC/Models/SM_Stump_01.ubulk" 1252
"C:/Arcadia/Unreal/Projects/BonkSouls/Content/LP_SimpleNature_JC/Models/SM_Stump_01.uasset" 1253
"C:/Arcadia/Unreal/Projects/BonkSouls/Content/LP_SimpleNature_JC/Models/SM_Stump_01.uexp" 1254
"C:/Arcadia/Unreal/Projects/BonkSouls/Content/LP_SimpleNature_JC/Models/SM_Tree_02.ubulk" 1255
"C:/Arcadia/Unreal/Projects/BonkSouls/Content/LP_SimpleNature_JC/Models/SM_Tree_02.uasset" 1256
"C:/Arcadia/Unreal/Projects/BonkSouls/Content/LP_SimpleNature_JC/Models/SM_Tree_02.uexp" 1257
"C:/Arcadia/Unreal/Projects/BonkSouls/Content/LP_SimpleNature_JC/Models/SM_Tree_03.ubulk" 1258
"C:/Arcadia/Unreal/Projects/BonkSouls/Content/LP_SimpleNature_JC/Models/SM_Tree_03.uasset" 1259
"C:/Arcadia/Unreal/Projects/BonkSouls/Content/LP_SimpleNature_JC/Models/SM_Tree_03.uexp" 1260
"C:/Arcadia/Unreal/Projects/BonkSouls/Content/LP_SimpleNature_JC/Models/SM_Tree_04.ubulk" 1261
"C:/Arcadia/Unreal/Projects/BonkSouls/Content/LP_SimpleNature_JC/Models/SM_Tree_04.uasset" 1262
"C:/Arcadia/Unreal/Projects/BonkSouls/Content/LP_SimpleNature_JC/Models/SM_Tree_04.uexp" 1263
"C:/Arcadia/Unreal/Projects/BonkSouls/Content/LP_SimpleNature_JC/Models/SM_Tree_05.ubulk" 1264
"C:/Arcadia/Unreal/Projects/BonkSouls/Content/LP_SimpleNature_JC/Models/SM_Tree_05.uasset" 1265
"C:/Arcadia/Unreal/Projects/BonkSouls/Content/LP_SimpleNature_JC/Models/SM_Tree_05.uexp" 1266
"C:/Arcadia/Unreal/Projects/BonkSouls/Content/LP_SimpleNature_JC/Models/SM_Bush_01.ubulk" 1267
"C:/Arcadia/Unreal/Projects/BonkSouls/Content/LP_SimpleNature_JC/Models/SM_Bush_01.uasset" 1268
"C:/Arcadia/Unreal/Projects/BonkSouls/Content/LP_SimpleNature_JC/Models/SM_Bush_01.uexp" 1269
"C:/Arcadia/Unreal/Projects/BonkSouls/Content/LP_SimpleNature_JC/Models/SM_Grass_02.ubulk" 1270
"C:/Arcadia/Unreal/Projects/BonkSouls/Content/LP_SimpleNature_JC/Models/SM_Grass_02.uasset" 1271
"C:/Arcadia/Unreal/Projects/BonkSouls/Content/LP_SimpleNature_JC/Models/SM_Grass_02.uexp" 1272
"C:/Arcadia/Unreal/Projects/BonkSouls/Content/LP_SimpleNature_JC/Models/SM_Rock_02.ubulk" 1273
"C:/Arcadia/Unreal/Projects/BonkSouls/Content/LP_SimpleNature_JC/Models/SM_Rock_02.uasset" 1274
"C:/Arcadia/Unreal/Projects/BonkSouls/Content/LP_SimpleNature_JC/Models/SM_Rock_02.uexp" 1275
"C:/Arcadia/Unreal/Projects/BonkSouls/Content/LP_SimpleNature_JC/Models/SM_Tree_01.ubulk" 1276
"C:/Arcadia/Unreal/Projects/BonkSouls/Content/LP_SimpleNature_JC/Models/SM_Tree_01.uasset" 1277
"C:/Arcadia/Unreal/Projects/BonkSouls/Content/LP_SimpleNature_JC/Models/SM_Tree_01.uexp" 1278
"../../../Engine/Plugins/Interchange/Assets/Content/Functions/MF_PhongToMetalRoughness.uasset" 1279
"../../../Engine/Plugins/Interchange/Assets/Content/Functions/MF_PhongToMetalRoughness.uexp" 1280
"C:/Arcadia/Unreal/Projects/BonkSouls/Content/STYLIZEDFantasyArmory/Textures/T_Main_Texture.ubulk" 1281
"C:/Arcadia/Unreal/Projects/BonkSouls/Content/STYLIZEDFantasyArmory/Textures/T_Main_Texture.uasset" 1282
"C:/Arcadia/Unreal/Projects/BonkSouls/Content/STYLIZEDFantasyArmory/Textures/T_Main_Texture.uexp" 1283
"C:/Arcadia/Unreal/Projects/BonkSouls/Content/STYLIZEDFantasyArmory/Materials/M_SFA_Main_Material.uasset" 1284
"C:/Arcadia/Unreal/Projects/BonkSouls/Content/STYLIZEDFantasyArmory/Materials/M_SFA_Main_Material.uexp" 1285
"C:/Arcadia/Unreal/Projects/BonkSouls/Content/STYLIZEDFantasyArmory/Meshes/General_Props/Barrel/SM_SFA_Barrel_001.ubulk" 1286
"C:/Arcadia/Unreal/Projects/BonkSouls/Content/STYLIZEDFantasyArmory/Meshes/General_Props/Barrel/SM_SFA_Barrel_001.uasset" 1287
"C:/Arcadia/Unreal/Projects/BonkSouls/Content/STYLIZEDFantasyArmory/Meshes/General_Props/Barrel/SM_SFA_Barrel_001.uexp" 1288
"C:/Arcadia/Unreal/Projects/BonkSouls/Content/STYLIZEDFantasyArmory/Meshes/General_Props/Box/SM_SFA_Box_001.ubulk" 1289
"C:/Arcadia/Unreal/Projects/BonkSouls/Content/STYLIZEDFantasyArmory/Meshes/General_Props/Box/SM_SFA_Box_001.uasset" 1290
"C:/Arcadia/Unreal/Projects/BonkSouls/Content/STYLIZEDFantasyArmory/Meshes/General_Props/Box/SM_SFA_Box_001.uexp" 1291
"C:/Arcadia/Unreal/Projects/BonkSouls/Content/STYLIZEDFantasyArmory/Meshes/General_Props/Box/SM_SFA_Box_Lid_001.ubulk" 1292
"C:/Arcadia/Unreal/Projects/BonkSouls/Content/STYLIZEDFantasyArmory/Meshes/General_Props/Box/SM_SFA_Box_Lid_001.uasset" 1293
"C:/Arcadia/Unreal/Projects/BonkSouls/Content/STYLIZEDFantasyArmory/Meshes/General_Props/Box/SM_SFA_Box_Lid_001.uexp" 1294
"C:/Arcadia/Unreal/Projects/BonkSouls/Content/STYLIZEDFantasyArmory/Meshes/General_Props/Bucket/SM_SFA_Bucket_001.ubulk" 1295
"C:/Arcadia/Unreal/Projects/BonkSouls/Content/STYLIZEDFantasyArmory/Meshes/General_Props/Bucket/SM_SFA_Bucket_001.uasset" 1296
"C:/Arcadia/Unreal/Projects/BonkSouls/Content/STYLIZEDFantasyArmory/Meshes/General_Props/Bucket/SM_SFA_Bucket_001.uexp" 1297
"C:/Arcadia/Unreal/Projects/BonkSouls/Content/STYLIZEDFantasyArmory/Meshes/General_Props/Furniture/Individual_Parts/SM_SFA_OvenDoor_001.ubulk" 1298
"C:/Arcadia/Unreal/Projects/BonkSouls/Content/STYLIZEDFantasyArmory/Meshes/General_Props/Furniture/Individual_Parts/SM_SFA_OvenDoor_001.uasset" 1299
"C:/Arcadia/Unreal/Projects/BonkSouls/Content/STYLIZEDFantasyArmory/Meshes/General_Props/Furniture/Individual_Parts/SM_SFA_OvenDoor_001.uexp" 1300
"C:/Arcadia/Unreal/Projects/BonkSouls/Content/STYLIZEDFantasyArmory/Meshes/General_Props/Furniture/Individual_Parts/SM_SFA_Oven_001.ubulk" 1301
"C:/Arcadia/Unreal/Projects/BonkSouls/Content/STYLIZEDFantasyArmory/Meshes/General_Props/Furniture/Individual_Parts/SM_SFA_Oven_001.uasset" 1302
"C:/Arcadia/Unreal/Projects/BonkSouls/Content/STYLIZEDFantasyArmory/Meshes/General_Props/Furniture/Individual_Parts/SM_SFA_Oven_001.uexp" 1303
"C:/Arcadia/Unreal/Projects/BonkSouls/Content/STYLIZEDFantasyArmory/Blueprints/Oven/BP_SFA_Oven_001.uasset" 1304
"C:/Arcadia/Unreal/Projects/BonkSouls/Content/STYLIZEDFantasyArmory/Blueprints/Oven/BP_SFA_Oven_001.uexp" 1305
"C:/Arcadia/Unreal/Projects/BonkSouls/Content/STYLIZEDFantasyArmory/Meshes/Building/SM_SFA_ArmoryBuildingAttachable_013.ubulk" 1306
"C:/Arcadia/Unreal/Projects/BonkSouls/Content/STYLIZEDFantasyArmory/Meshes/Building/SM_SFA_ArmoryBuildingAttachable_013.uasset" 1307
"C:/Arcadia/Unreal/Projects/BonkSouls/Content/STYLIZEDFantasyArmory/Meshes/Building/SM_SFA_ArmoryBuildingAttachable_013.uexp" 1308
"C:/Arcadia/Unreal/Projects/BonkSouls/Content/STYLIZEDFantasyArmory/Meshes/Building/SM_SFA_ArmoryBuilding_001.ubulk" 1309
"C:/Arcadia/Unreal/Projects/BonkSouls/Content/STYLIZEDFantasyArmory/Meshes/Building/SM_SFA_ArmoryBuilding_001.uasset" 1310
"C:/Arcadia/Unreal/Projects/BonkSouls/Content/STYLIZEDFantasyArmory/Meshes/Building/SM_SFA_ArmoryBuilding_001.uexp" 1311
"C:/Arcadia/Unreal/Projects/BonkSouls/Content/STYLIZEDFantasyArmory/Meshes/Building/SM_SFA_ArmoryBuilding_002.ubulk" 1312
"C:/Arcadia/Unreal/Projects/BonkSouls/Content/STYLIZEDFantasyArmory/Meshes/Building/SM_SFA_ArmoryBuilding_002.uasset" 1313
"C:/Arcadia/Unreal/Projects/BonkSouls/Content/STYLIZEDFantasyArmory/Meshes/Building/SM_SFA_ArmoryBuilding_002.uexp" 1314
"C:/Arcadia/Unreal/Projects/BonkSouls/Content/STYLIZEDFantasyArmory/Meshes/Combinations/SM_SFA_CombWeaponRack_001.ubulk" 1315
"C:/Arcadia/Unreal/Projects/BonkSouls/Content/STYLIZEDFantasyArmory/Meshes/Combinations/SM_SFA_CombWeaponRack_001.uasset" 1316
"C:/Arcadia/Unreal/Projects/BonkSouls/Content/STYLIZEDFantasyArmory/Meshes/Combinations/SM_SFA_CombWeaponRack_001.uexp" 1317
"C:/Arcadia/Unreal/Projects/BonkSouls/Content/STYLIZEDFantasyArmory/Meshes/Combinations/SM_SFA_CombWeaponRack_002.ubulk" 1318
"C:/Arcadia/Unreal/Projects/BonkSouls/Content/STYLIZEDFantasyArmory/Meshes/Combinations/SM_SFA_CombWeaponRack_002.uasset" 1319
"C:/Arcadia/Unreal/Projects/BonkSouls/Content/STYLIZEDFantasyArmory/Meshes/Combinations/SM_SFA_CombWeaponRack_002.uexp" 1320
"C:/Arcadia/Unreal/Projects/BonkSouls/Content/STYLIZEDFantasyArmory/Meshes/Combinations/SM_SFA_CombWeaponRack_004.ubulk" 1321
"C:/Arcadia/Unreal/Projects/BonkSouls/Content/STYLIZEDFantasyArmory/Meshes/Combinations/SM_SFA_CombWeaponRack_004.uasset" 1322
"C:/Arcadia/Unreal/Projects/BonkSouls/Content/STYLIZEDFantasyArmory/Meshes/Combinations/SM_SFA_CombWeaponRack_004.uexp" 1323
"C:/Arcadia/Unreal/Projects/BonkSouls/Content/STYLIZEDFantasyArmory/Meshes/Nature/SM_SFA_Rock_001.ubulk" 1324
"C:/Arcadia/Unreal/Projects/BonkSouls/Content/STYLIZEDFantasyArmory/Meshes/Nature/SM_SFA_Rock_001.uasset" 1325
"C:/Arcadia/Unreal/Projects/BonkSouls/Content/STYLIZEDFantasyArmory/Meshes/Nature/SM_SFA_Rock_001.uexp" 1326
"C:/Arcadia/Unreal/Projects/BonkSouls/Content/STYLIZEDFantasyArmory/Meshes/Nature/SM_SFA_Rock_004.ubulk" 1327
"C:/Arcadia/Unreal/Projects/BonkSouls/Content/STYLIZEDFantasyArmory/Meshes/Nature/SM_SFA_Rock_004.uasset" 1328
"C:/Arcadia/Unreal/Projects/BonkSouls/Content/STYLIZEDFantasyArmory/Meshes/Nature/SM_SFA_Rock_004.uexp" 1329
"C:/Arcadia/Unreal/Projects/BonkSouls/Content/STYLIZEDFantasyArmory/Meshes/Nature/SM_SFA_Rock_013.ubulk" 1330
"C:/Arcadia/Unreal/Projects/BonkSouls/Content/STYLIZEDFantasyArmory/Meshes/Nature/SM_SFA_Rock_013.uasset" 1331
"C:/Arcadia/Unreal/Projects/BonkSouls/Content/STYLIZEDFantasyArmory/Meshes/Nature/SM_SFA_Rock_013.uexp" 1332
"C:/Arcadia/Unreal/Projects/BonkSouls/Content/STYLIZEDFantasyArmory/Meshes/Nature/SM_SFA_WoodenLog_001.ubulk" 1333
"C:/Arcadia/Unreal/Projects/BonkSouls/Content/STYLIZEDFantasyArmory/Meshes/Nature/SM_SFA_WoodenLog_001.uasset" 1334
"C:/Arcadia/Unreal/Projects/BonkSouls/Content/STYLIZEDFantasyArmory/Meshes/Nature/SM_SFA_WoodenLog_001.uexp" 1335
"C:/Arcadia/Unreal/Projects/BonkSouls/Content/STYLIZEDFantasyArmory/Meshes/General_Props/Arch_and_Billboard/SM_SFA_EntranceArch_001.ubulk" 1336
"C:/Arcadia/Unreal/Projects/BonkSouls/Content/STYLIZEDFantasyArmory/Meshes/General_Props/Arch_and_Billboard/SM_SFA_EntranceArch_001.uasset" 1337
"C:/Arcadia/Unreal/Projects/BonkSouls/Content/STYLIZEDFantasyArmory/Meshes/General_Props/Arch_and_Billboard/SM_SFA_EntranceArch_001.uexp" 1338
"C:/Arcadia/Unreal/Projects/BonkSouls/Content/STYLIZEDFantasyArmory/Meshes/General_Props/Box/SM_SFA_Box_002.ubulk" 1339
"C:/Arcadia/Unreal/Projects/BonkSouls/Content/STYLIZEDFantasyArmory/Meshes/General_Props/Box/SM_SFA_Box_002.uasset" 1340
"C:/Arcadia/Unreal/Projects/BonkSouls/Content/STYLIZEDFantasyArmory/Meshes/General_Props/Box/SM_SFA_Box_002.uexp" 1341
"C:/Arcadia/Unreal/Projects/BonkSouls/Content/STYLIZEDFantasyArmory/Meshes/General_Props/Campfire_and_Cauldron/SM_SFA_Campfire_001.ubulk" 1342
"C:/Arcadia/Unreal/Projects/BonkSouls/Content/STYLIZEDFantasyArmory/Meshes/General_Props/Campfire_and_Cauldron/SM_SFA_Campfire_001.uasset" 1343
"C:/Arcadia/Unreal/Projects/BonkSouls/Content/STYLIZEDFantasyArmory/Meshes/General_Props/Campfire_and_Cauldron/SM_SFA_Campfire_001.uexp" 1344
"C:/Arcadia/Unreal/Projects/BonkSouls/Content/STYLIZEDFantasyArmory/Meshes/General_Props/Combat_Dummy/SM_SFA_CombatDummy_001.ubulk" 1345
"C:/Arcadia/Unreal/Projects/BonkSouls/Content/STYLIZEDFantasyArmory/Meshes/General_Props/Combat_Dummy/SM_SFA_CombatDummy_001.uasset" 1346
"C:/Arcadia/Unreal/Projects/BonkSouls/Content/STYLIZEDFantasyArmory/Meshes/General_Props/Combat_Dummy/SM_SFA_CombatDummy_001.uexp" 1347
"C:/Arcadia/Unreal/Projects/BonkSouls/Content/STYLIZEDFantasyArmory/Meshes/General_Props/Combat_Dummy/SM_SFA_CombatDummy_002.ubulk" 1348
"C:/Arcadia/Unreal/Projects/BonkSouls/Content/STYLIZEDFantasyArmory/Meshes/General_Props/Combat_Dummy/SM_SFA_CombatDummy_002.uasset" 1349
"C:/Arcadia/Unreal/Projects/BonkSouls/Content/STYLIZEDFantasyArmory/Meshes/General_Props/Combat_Dummy/SM_SFA_CombatDummy_002.uexp" 1350
"C:/Arcadia/Unreal/Projects/BonkSouls/Content/STYLIZEDFantasyArmory/Meshes/General_Props/Fence/SM_SFA_Fence_001.ubulk" 1351
"C:/Arcadia/Unreal/Projects/BonkSouls/Content/STYLIZEDFantasyArmory/Meshes/General_Props/Fence/SM_SFA_Fence_001.uasset" 1352
"C:/Arcadia/Unreal/Projects/BonkSouls/Content/STYLIZEDFantasyArmory/Meshes/General_Props/Fence/SM_SFA_Fence_001.uexp" 1353
"C:/Arcadia/Unreal/Projects/BonkSouls/Content/STYLIZEDFantasyArmory/Meshes/General_Props/Fence/SM_SFA_Fence_002.ubulk" 1354
"C:/Arcadia/Unreal/Projects/BonkSouls/Content/STYLIZEDFantasyArmory/Meshes/General_Props/Fence/SM_SFA_Fence_002.uasset" 1355
"C:/Arcadia/Unreal/Projects/BonkSouls/Content/STYLIZEDFantasyArmory/Meshes/General_Props/Fence/SM_SFA_Fence_002.uexp" 1356
"C:/Arcadia/Unreal/Projects/BonkSouls/Content/STYLIZEDFantasyArmory/Meshes/General_Props/Fence/SM_SFA_Fence_003.ubulk" 1357
"C:/Arcadia/Unreal/Projects/BonkSouls/Content/STYLIZEDFantasyArmory/Meshes/General_Props/Fence/SM_SFA_Fence_003.uasset" 1358
"C:/Arcadia/Unreal/Projects/BonkSouls/Content/STYLIZEDFantasyArmory/Meshes/General_Props/Fence/SM_SFA_Fence_003.uexp" 1359
"C:/Arcadia/Unreal/Projects/BonkSouls/Content/STYLIZEDFantasyArmory/Meshes/General_Props/Furniture/SM_SFA_Chair_001.ubulk" 1360
"C:/Arcadia/Unreal/Projects/BonkSouls/Content/STYLIZEDFantasyArmory/Meshes/General_Props/Furniture/SM_SFA_Chair_001.uasset" 1361
"C:/Arcadia/Unreal/Projects/BonkSouls/Content/STYLIZEDFantasyArmory/Meshes/General_Props/Furniture/SM_SFA_Chair_001.uexp" 1362
"C:/Arcadia/Unreal/Projects/BonkSouls/Content/STYLIZEDFantasyArmory/Meshes/General_Props/Other/SM_SFA_Target_001.ubulk" 1363
"C:/Arcadia/Unreal/Projects/BonkSouls/Content/STYLIZEDFantasyArmory/Meshes/General_Props/Other/SM_SFA_Target_001.uasset" 1364
"C:/Arcadia/Unreal/Projects/BonkSouls/Content/STYLIZEDFantasyArmory/Meshes/General_Props/Other/SM_SFA_Target_001.uexp" 1365
"C:/Arcadia/Unreal/Projects/BonkSouls/Content/STYLIZEDFantasyArmory/Meshes/General_Props/Weapon_Racks/SM_SFA_Weapon_Rack_001.ubulk" 1366
"C:/Arcadia/Unreal/Projects/BonkSouls/Content/STYLIZEDFantasyArmory/Meshes/General_Props/Weapon_Racks/SM_SFA_Weapon_Rack_001.uasset" 1367
"C:/Arcadia/Unreal/Projects/BonkSouls/Content/STYLIZEDFantasyArmory/Meshes/General_Props/Weapon_Racks/SM_SFA_Weapon_Rack_001.uexp" 1368
"C:/Arcadia/Unreal/Projects/BonkSouls/Content/BonkSouls/Levels/Lvl_BonkSoulsMainLevel_sharedassets/Dirt_LayerInfo.uasset" 1369
"C:/Arcadia/Unreal/Projects/BonkSouls/Content/BonkSouls/Levels/Lvl_BonkSoulsMainLevel_sharedassets/Dirt_LayerInfo.uexp" 1370
"C:/Arcadia/Unreal/Projects/BonkSouls/Content/BonkSouls/Levels/Lvl_BonkSoulsMainLevel_sharedassets/Grass_LayerInfo.uasset" 1371
"C:/Arcadia/Unreal/Projects/BonkSouls/Content/BonkSouls/Levels/Lvl_BonkSoulsMainLevel_sharedassets/Grass_LayerInfo.uexp" 1372
"C:/Arcadia/Unreal/Projects/BonkSouls/Content/BonkSouls/Levels/Lvl_BonkSoulsMainLevel_sharedassets/Snow_LayerInfo.uasset" 1373
"C:/Arcadia/Unreal/Projects/BonkSouls/Content/BonkSouls/Levels/Lvl_BonkSoulsMainLevel_sharedassets/Snow_LayerInfo.uexp" 1374
"C:/Arcadia/Unreal/Projects/BonkSouls/Content/BonkSouls/Levels/Lvl_BonkSoulsMainLevel_sharedassets/Stone_LayerInfo.uasset" 1375
"C:/Arcadia/Unreal/Projects/BonkSouls/Content/BonkSouls/Levels/Lvl_BonkSoulsMainLevel_sharedassets/Stone_LayerInfo.uexp" 1376
"C:/Arcadia/Unreal/Projects/BonkSouls/Content/CR/LQ/AMT_Materials/M_Master/M_MasterMetal.uasset" 1377
"C:/Arcadia/Unreal/Projects/BonkSouls/Content/CR/LQ/AMT_Materials/M_Master/M_MasterMetal.uexp" 1378
"C:/Arcadia/Unreal/Projects/BonkSouls/Content/CR/LQ/AMT_Materials/MI_Metal_001_1.uasset" 1379
"C:/Arcadia/Unreal/Projects/BonkSouls/Content/CR/LQ/AMT_Materials/MI_Metal_001_1.uexp" 1380
"C:/Arcadia/Unreal/Projects/BonkSouls/Content/CR/LQ/AMT_Materials/MI_Metal_001_3.uasset" 1381
"C:/Arcadia/Unreal/Projects/BonkSouls/Content/CR/LQ/AMT_Materials/MI_Metal_001_3.uexp" 1382
"C:/Arcadia/Unreal/Projects/BonkSouls/Content/CR/LQ/CharacterModular/Modular_012_Grian03/Mesh/SKM_Grian03_1.uasset" 1383
"C:/Arcadia/Unreal/Projects/BonkSouls/Content/CR/LQ/CharacterModular/Modular_012_Grian03/Mesh/SKM_Grian03_1.uexp" 1384
"C:/Arcadia/Unreal/Projects/BonkSouls/Content/BonkSouls/Blueprints/Characters/BP_BSBoss.uasset" 1385
"C:/Arcadia/Unreal/Projects/BonkSouls/Content/BonkSouls/Blueprints/Characters/BP_BSBoss.uexp" 1386
"C:/Arcadia/Unreal/Projects/BonkSouls/Content/BonkSouls/Levels/Lvl_BonkSoulsMainLevel.uexp" 1387
"C:/Arcadia/Unreal/Projects/BonkSouls/Content/BonkSouls/Levels/Lvl_BonkSoulsMainLevel.ubulk" 1388
"C:/Arcadia/Unreal/Projects/BonkSouls/Content/BonkSouls/Levels/Lvl_BonkSoulsMainLevel.umap" 1389
