"C:/Arcadia/Unreal/Projects/BonkSouls/BonkSouls.uproject" 1
"../../../Engine/Plugins/AudioGameplayVolume/AudioGameplayVolume.uplugin" 2
"../../../Engine/Plugins/BaseMaterial/BaseMaterial.uplugin" 3
"../../../Engine/Plugins/AudioInsights/AudioInsights.uplugin" 4
"../../../Engine/Plugins/AudioGameplay/AudioGameplay.uplugin" 5
"../../../Engine/Plugins/Bridge/Bridge.uplugin" 6
"../../../Engine/Plugins/ChaosClothAsset/ChaosClothAsset.uplugin" 7
"../../../Engine/Plugins/ChaosClothAssetEditor/ChaosClothAssetEditor.uplugin" 8
"../../../Engine/Plugins/ChaosVD/ChaosVD.uplugin" 9
"../../../Engine/Plugins/ChaosCloth/ChaosCloth.uplugin" 10
"../../../Engine/Plugins/ChaosInsights/ChaosInsights.uplugin" 11
"../../../Engine/Plugins/Chooser/Chooser.uplugin" 12
"../../../Engine/Plugins/CmdLinkServer/CmdLinkServer.uplugin" 13
"../../../Engine/Plugins/DiscoveryBeaconReceiver/DiscoveryBeaconReceiver.uplugin" 14
"../../../Engine/Plugins/BlueprintFileUtils/BlueprintFileUtils.uplugin" 15
"../../../Engine/Plugins/EnhancedInput/EnhancedInput.uplugin" 16
"../../../Engine/Plugins/Fab/Fab.uplugin" 17
"../../../Engine/Plugins/FastBuildController/FastBuildController.uplugin" 18
"../../../Engine/Plugins/IoStoreInsights/IoStoreInsights.uplugin" 19
"../../../Engine/Plugins/LightWeightInstancesEditor/LightWeightInstancesEditor.uplugin" 20
"../../../Engine/Plugins/MemoryUsageQueries/MemoryUsageQueries.uplugin" 21
"../../../Engine/Plugins/MeshPainting/MeshPainting.uplugin" 22
"../../../Engine/Plugins/Mutable/Mutable.uplugin" 23
"../../../Engine/Plugins/MassInsights/MassInsights.uplugin" 24
"../../../Engine/Plugins/PCG/PCG.uplugin" 25
"../../../Engine/Plugins/TextureGraph/TextureGraph.uplugin" 26
"../../../Engine/Plugins/RenderGraphInsights/RenderGraphInsights.uplugin" 27
"../../../Engine/Plugins/TraceUtilities/TraceUtilities.uplugin" 28
"../../../Engine/Plugins/UbaController/UbaController.uplugin" 29
"../../../Engine/Plugins/WorldMetrics/WorldMetrics.uplugin" 30
"../../../Engine/Plugins/JsonBlueprintUtilities/JsonBlueprintUtilities.uplugin" 31
"../../../Engine/Plugins/ScriptPlugin/ScriptPlugin.uplugin" 32
"../../../Engine/Plugins/Animation/AnimationModifierLibrary/AnimationModifierLibrary.uplugin" 33
"../../../Engine/Plugins/Animation/AnimationData/AnimationData.uplugin" 34
"../../../Engine/Plugins/Animation/AnimatorKit/AnimatorKit.uplugin" 35
"../../../Engine/Plugins/Animation/BlendSpaceMotionAnalysis/BlendSpaceMotionAnalysis.uplugin" 36
"../../../Engine/Plugins/Animation/BlendStack/BlendStack.uplugin" 37
"../../../Engine/Plugins/Animation/ControlRigModules/ControlRigModules.uplugin" 38
"../../../Engine/Plugins/Animation/ACLPlugin/ACLPlugin.uplugin" 39
"../../../Engine/Plugins/Animation/ControlRig/ControlRig.uplugin" 40
"../../../Engine/Plugins/Animation/DeformerGraph/DeformerGraph.uplugin" 41
"../../../Engine/Plugins/Animation/GameplayInsights/GameplayInsights.uplugin" 42
"../../../Engine/Plugins/Animation/LiveLink/LiveLink.uplugin" 43
"../../../Engine/Plugins/Animation/AnimationWarping/AnimationWarping.uplugin" 44
"../../../Engine/Plugins/Animation/LiveLinkCurveDebugUI/LiveLinkCurveDebugUI.uplugin" 45
"../../../Engine/Plugins/Animation/ControlRigSpline/ControlRigSpline.uplugin" 46
"../../../Engine/Plugins/XGEController/XGEController.uplugin" 47
"../../../Engine/Plugins/Animation/LiveLinkHub/LiveLinkHub.uplugin" 48
"../../../Engine/Plugins/Animation/AnimationLocomotionLibrary/AnimationLocomotionLibrary.uplugin" 49
"../../../Engine/Plugins/Animation/PerformanceCaptureCore/PerformanceCaptureCore.uplugin" 50
"../../../Engine/Plugins/Developer/AnimationSharing/AnimationSharing.uplugin" 51
"../../../Engine/Plugins/Animation/RigLogic/RigLogic.uplugin" 52
"../../../Engine/Plugins/Animation/SkeletalMeshModelingTools/SkeletalMeshModelingTools.uplugin" 53
"../../../Engine/Plugins/Developer/BlankPlugin/BlankPlugin.uplugin" 54
"../../../Engine/Plugins/Animation/PoseSearch/PoseSearch.uplugin" 55
"../../../Engine/Plugins/Animation/EaseCurveTool/EaseCurveTool.uplugin" 56
"../../../Engine/Plugins/Developer/CLionSourceCodeAccess/CLionSourceCodeAccess.uplugin" 57
"../../../Engine/Plugins/Animation/LiveLinkExampleDevice/LiveLinkExampleDevice.uplugin" 58
"../../../Engine/Plugins/Developer/CodeLiteSourceCodeAccess/CodeLiteSourceCodeAccess.uplugin" 59
"../../../Engine/Plugins/Developer/N10XSourceCodeAccess/N10XSourceCodeAccess.uplugin" 60
"../../../Engine/Plugins/Developer/DumpGPUServices/DumpGPUServices.uplugin" 61
"../../../Engine/Plugins/Developer/GitSourceControl/GitSourceControl.uplugin" 62
"../../../Engine/Plugins/Animation/LiveLinkUnrealDevice/LiveLinkUnrealDevice.uplugin" 63
"../../../Engine/Plugins/Animation/MotionWarping/MotionWarping.uplugin" 64
"../../../Engine/Plugins/Developer/DirectoryPlaceholder/DirectoryPlaceholder.uplugin" 65
"../../../Engine/Plugins/Developer/NamingTokens/NamingTokens.uplugin" 66
"../../../Engine/Plugins/Animation/LiveLinkDevice/LiveLinkDevice.uplugin" 67
"../../../Engine/Plugins/Developer/KDevelopSourceCodeAccess/KDevelopSourceCodeAccess.uplugin" 68
"../../../Engine/Plugins/Developer/NullSourceCodeAccess/NullSourceCodeAccess.uplugin" 69
"../../../Engine/Plugins/Animation/DNACalib/DNACalib.uplugin" 70
"../../../Engine/Plugins/Developer/PixWinPlugin/PixWinPlugin.uplugin" 71
"../../../Engine/Plugins/Developer/GPUReshape/GPUReshape.uplugin" 72
"../../../Engine/Plugins/Developer/ProjectLauncher/ProjectLauncher.uplugin" 73
"../../../Engine/Plugins/Developer/PlasticSourceControl/PlasticSourceControl.uplugin" 74
"../../../Engine/Plugins/Developer/PropertyAccessNode/PropertyAccessNode.uplugin" 75
"../../../Engine/Plugins/Animation/TweeningUtils/TweeningUtils.uplugin" 76
"../../../Engine/Plugins/Developer/PluginUtils/PluginUtils.uplugin" 77
"../../../Engine/Plugins/Developer/SubversionSourceControl/SubversionSourceControl.uplugin" 78
"../../../Engine/Plugins/Developer/UObjectPlugin/UObjectPlugin.uplugin" 79
"../../../Engine/Plugins/Developer/TextureFormatOodle/TextureFormatOodle.uplugin" 80
"../../../Engine/Plugins/Animation/IKRig/IKRig.uplugin" 81
"../../../Engine/Plugins/Developer/XCodeSourceCodeAccess/XCodeSourceCodeAccess.uplugin" 82
"../../../Engine/Plugins/Developer/TraceSourceFiltering/TraceSourceFilters.uplugin" 83
"../../../Engine/Plugins/Developer/PerforceSourceControl/PerforceSourceControl.uplugin" 84
"../../../Engine/Plugins/FX/CascadeToNiagaraConverter/CascadeToNiagaraConverter.uplugin" 85
"../../../Engine/Plugins/Developer/VisualStudioCodeSourceCodeAccess/VisualStudioCodeSourceCodeAccess.uplugin" 86
"../../../Engine/Plugins/FX/NiagaraFluids/NiagaraFluids.uplugin" 87
"../../../Engine/Plugins/FX/Niagara/Niagara.uplugin" 88
"../../../Engine/Plugins/Animation/GeneSplicer/GeneSplicer.uplugin" 89
"../../../Engine/Plugins/Developer/XcodeGPUDebuggerPlugin/XcodeGPUDebuggerPlugin.uplugin" 90
"../../../Engine/Plugins/FX/NiagaraSimCaching/NiagaraSimCaching.uplugin" 91
"../../../Engine/Plugins/Developer/RenderDocPlugin/RenderDocPlugin.uplugin" 92
"../../../Engine/Plugins/FX/ExampleCustomDataInterface/ExampleCustomDataInterface.uplugin" 93
"../../../Engine/Plugins/Developer/FieldNotificationTrace/FieldNotificationTrace.uplugin" 94
"../../../Engine/Plugins/FX/NiagaraMRQ/NiagaraMRQ.uplugin" 95
"../../../Engine/Plugins/Interchange/Runtime/Interchange.uplugin" 96
"../../../Engine/Plugins/Interchange/Assets/InterchangeAssets.uplugin" 97
"../../../Engine/Plugins/Interchange/Editor/InterchangeEditor.uplugin" 98
"../../../Engine/Plugins/Developer/OneSkyLocalizationService/OneSkyLocalizationService.uplugin" 99
"../../../Engine/Plugins/Marketplace/PaperZD2e8a5df400f9V20/PaperZD.uplugin" 100
"../../../Engine/Plugins/Messaging/UdpMessaging/UdpMessaging.uplugin" 101
"../../../Engine/Plugins/FX/Cascade/Cascade.uplugin" 102
"../../../Engine/Plugins/FX/NiagaraNanite/NiagaraNanite.uplugin" 103
"../../../Engine/Plugins/Messaging/MessagingDebugger/MessagingDebugger.uplugin" 104
"../../../Engine/Plugins/Developer/VisualStudioSourceCodeAccess/VisualStudioSourceCodeAccess.uplugin" 105
"../../../Engine/Plugins/Online/OnlineBase/OnlineBase.uplugin" 106
"../../../Engine/Plugins/FX/NiagaraPreviewContent/NiagaraPreviewContent.uplugin" 107
"../../../Engine/Plugins/Online/EOSOverlayInputProvider/EOSOverlayInputProvider.uplugin" 108
"../../../Engine/Plugins/Online/OnlineServicesEOSGS/OnlineServicesEOSGS.uplugin" 109
"../../../Engine/Plugins/Messaging/TcpMessaging/TcpMessaging.uplugin" 110
"../../../Engine/Plugins/Online/OnlineFrameworkCommon/OnlineFrameworkCommon.uplugin" 111
"../../../Engine/Plugins/Online/OnlineServices/OnlineServices.uplugin" 112
"../../../Engine/Plugins/Online/OnlineServicesEpicCommon/OnlineServicesEpicCommon.uplugin" 113
"../../../Engine/Plugins/Online/OnlineServicesNull/OnlineServicesNull.uplugin" 114
"../../../Engine/Plugins/Online/OnlineSubsystemGoogle/OnlineSubsystemGoogle.uplugin" 115
"../../../Engine/Plugins/Online/OnlineSubsystemNull/OnlineSubsystemNull.uplugin" 116
"../../../Engine/Plugins/Online/OnlineServicesEOS/OnlineServicesEOS.uplugin" 117
"../../../Engine/Plugins/Online/OnlineSubsystemSteam/OnlineSubsystemSteam.uplugin" 118
"../../../Engine/Plugins/Online/OnlineSubsystemFacebook/OnlineSubsystemFacebook.uplugin" 119
"../../../Engine/Plugins/Online/OnlineSubsystemTencent/OnlineSubsystemTencent.uplugin" 120
"../../../Engine/Plugins/Online/WebAuth/WebAuth.uplugin" 121
"../../../Engine/Plugins/Online/EOSShared/EOSShared.uplugin" 122
"../../../Engine/Plugins/Online/OnlineSubsystemUtils/OnlineSubsystemUtils.uplugin" 123
"../../../Engine/Plugins/Runtime/ADM/ADM.uplugin" 124
"../../../Engine/Plugins/Developer/RiderSourceCodeAccess/RiderSourceCodeAccess.uplugin" 125
"../../../Engine/Plugins/Online/OnlineSubsystemApple/OnlineSubsystemApple.uplugin" 126
"../../../Engine/Plugins/Runtime/ActorLayerUtilities/ActorLayerUtilities.uplugin" 127
"../../../Engine/Plugins/Online/OnlineFramework/OnlineFramework.uplugin" 128
"../../../Engine/Plugins/Runtime/AndroidMoviePlayer/AndroidMoviePlayer.uplugin" 129
"../../../Engine/Plugins/Runtime/AndroidBackgroundService/AndroidBackgroundService.uplugin" 130
"../../../Engine/Plugins/Runtime/AndroidDeviceProfileSelector/AndroidDeviceProfileSelector.uplugin" 131
"../../../Engine/Plugins/Runtime/ApexDestruction/ApexDestruction.uplugin" 132
"../../../Engine/Plugins/Runtime/AppleMoviePlayer/AppleMoviePlayer.uplugin" 133
"../../../Engine/Plugins/Runtime/AndroidFileServer/AndroidFileServer.uplugin" 134
"../../../Engine/Plugins/Runtime/ArchVisCharacter/ArchVisCharacter.uplugin" 135
"../../../Engine/Plugins/Runtime/AnimationBudgetAllocator/AnimationBudgetAllocator.uplugin" 136
"../../../Engine/Plugins/Runtime/AudioCapture/AudioCapture.uplugin" 137
"../../../Engine/Plugins/Online/OnlineSubsystemAmazon/OnlineSubsystemAmazon.uplugin" 138
"../../../Engine/Plugins/Protocols/MQTT/MQTT.uplugin" 139
"../../../Engine/Plugins/Runtime/AudioSynesthesia/AudioSynesthesia.uplugin" 140
"../../../Engine/Plugins/Runtime/AudioModulation/AudioModulation.uplugin" 141
"../../../Engine/Plugins/Online/OnlineSubsystem/OnlineSubsystem.uplugin" 142
"../../../Engine/Plugins/Runtime/ChunkDownloader/ChunkDownloader.uplugin" 143
"../../../Engine/Plugins/Runtime/CableComponent/CableComponent.uplugin" 144
"../../../Engine/Plugins/Runtime/AudioMotorSim/AudioMotorSim.uplugin" 145
"../../../Engine/Plugins/Runtime/AudioWidgets/AudioWidgets.uplugin" 146
"../../../Engine/Plugins/Runtime/ComputeFramework/ComputeFramework.uplugin" 147
"../../../Engine/Plugins/Runtime/DataRegistry/DataRegistry.uplugin" 148
"../../../Engine/Plugins/Online/SocketSubsystemSteamIP/SocketSubsystemSteamIP.uplugin" 149
"../../../Engine/Plugins/Runtime/ExampleDeviceProfileSelector/ExampleDeviceProfileSelector.uplugin" 150
"../../../Engine/Plugins/Online/OnlineServicesOSSAdapter/OnlineServicesOSSAdapter.uplugin" 151
"../../../Engine/Plugins/Runtime/Firebase/Firebase.uplugin" 152
"../../../Engine/Plugins/Runtime/ExternalGPUStatistics/ExternalGPUStatistics.uplugin" 153
"../../../Engine/Plugins/Runtime/GameplayAbilities/GameplayAbilities.uplugin" 154
"../../../Engine/Plugins/Runtime/CustomMeshComponent/CustomMeshComponent.uplugin" 155
"../../../Engine/Plugins/Runtime/AssetTags/AssetTags.uplugin" 156
"../../../Engine/Plugins/Runtime/GeometryCache/GeometryCache.uplugin" 157
"../../../Engine/Plugins/Runtime/GameplayBehaviorSmartObjects/GameplayBehaviorSmartObjects.uplugin" 158
"../../../Engine/Plugins/Runtime/GameInput/GameInput.uplugin" 159
"../../../Engine/Plugins/Runtime/GeoReferencing/GeoReferencing.uplugin" 160
"../../../Engine/Plugins/Runtime/GameplayStateTree/GameplayStateTree.uplugin" 161
"../../../Engine/Plugins/Runtime/GoogleCloudMessaging/GoogleCloudMessaging.uplugin" 162
"../../../Engine/Plugins/Runtime/CommonUI/CommonUI.uplugin" 163
"../../../Engine/Plugins/Runtime/GeometryProcessing/GeometryProcessing.uplugin" 164
"../../../Engine/Plugins/Runtime/HairStrands/HairStrands.uplugin" 165
"../../../Engine/Plugins/Runtime/InstancedActors/InstancedActors.uplugin" 166
"../../../Engine/Plugins/Runtime/GooglePAD/GooglePAD.uplugin" 167
"../../../Engine/Plugins/Runtime/HPMotionController/HPMotionController.uplugin" 168
"../../../Engine/Plugins/Runtime/IOSReplayKit/IOSReplayKit.uplugin" 169
"../../../Engine/Plugins/Runtime/InputDebugging/InputDebugging.uplugin" 170
"../../../Engine/Plugins/Runtime/HDRIBackdrop/HDRIBackdrop.uplugin" 171
"../../../Engine/Plugins/Runtime/GameplayInteractions/GameplayInteractions.uplugin" 172
"../../../Engine/Plugins/Runtime/LevelStreamingPersistence/LevelStreamingPersistence.uplugin" 173
"../../../Engine/Plugins/Runtime/LocationServicesAndroidImpl/LocationServicesAndroidImpl.uplugin" 174
"../../../Engine/Plugins/Runtime/MassEntity/MassEntity.uplugin" 175
"../../../Engine/Plugins/Runtime/LocationServicesIOSImpl/LocationServicesIOSImpl.uplugin" 176
"../../../Engine/Plugins/Runtime/MeshModelingToolset/MeshModelingToolset.uplugin" 177
"../../../Engine/Plugins/Runtime/AndroidPermission/AndroidPermission.uplugin" 178
"../../../Engine/Plugins/Runtime/LinuxDeviceProfileSelector/LinuxDeviceProfileSelector.uplugin" 179
"../../../Engine/Plugins/Runtime/MassGameplay/MassGameplay.uplugin" 180
"../../../Engine/Plugins/Runtime/Metasound/Metasound.uplugin" 181
"../../../Engine/Plugins/Online/SocketSubsystemEOS/SocketSubsystemEOS.uplugin" 182
"../../../Engine/Plugins/Runtime/MixedRealityCaptureFramework/MixedRealityCaptureFramework.uplugin" 183
"../../../Engine/Plugins/Runtime/ModularGameplay/ModularGameplay.uplugin" 184
"../../../Engine/Plugins/Runtime/MsQuic/MsQuic.uplugin" 185
"../../../Engine/Plugins/Runtime/LiveLinkOvernDisplay/LiveLinkOverNDisplay.uplugin" 186
"../../../Engine/Plugins/Runtime/MultiServerReplication/MultiServerReplication.uplugin" 187
"../../../Engine/Plugins/Runtime/AppleImageUtils/AppleImageUtils.uplugin" 188
"../../../Engine/Plugins/Runtime/NavCorridor/NavCorridor.uplugin" 189
"../../../Engine/Plugins/Runtime/ModelViewViewModel/ModelViewViewModel.uplugin" 190
"../../../Engine/Plugins/Runtime/Harmonix/Harmonix.uplugin" 191
"../../../Engine/Plugins/Runtime/MIDIDevice/MIDIDevice.uplugin" 192
"../../../Engine/Plugins/Runtime/IOSDeviceProfileSelector/IOSDeviceProfileSelector.uplugin" 193
"../../../Engine/Plugins/Runtime/NetworkPredictionInsights/NetworkPredictionInsights.uplugin" 194
"../../../Engine/Plugins/Runtime/MusicEnvironment/MusicEnvironment.uplugin" 195
"../../../Engine/Plugins/Runtime/GeometryScripting/GeometryScripting.uplugin" 196
"../../../Engine/Plugins/Runtime/OpenXRMsftHandInteraction/OpenXRMsftHandInteraction.uplugin" 197
"../../../Engine/Plugins/Runtime/OpenXR/OpenXR.uplugin" 198
"../../../Engine/Plugins/Runtime/NetworkPredictionExtras/NetworkPredictionExtras.uplugin" 199
"../../../Engine/Plugins/Runtime/HTTPChunkInstaller/HTTPChunkInstaller.uplugin" 200
"../../../Engine/Plugins/Runtime/OpenXREyeTracker/OpenXREyeTracker.uplugin" 201
"../../../Engine/Plugins/Runtime/OptionalMobileFeaturesBPLibrary/OptionalMobileFeaturesBPLibrary.uplugin" 202
"../../../Engine/Plugins/Runtime/GameFeatures/GameFeatures.uplugin" 203
"../../../Engine/Plugins/Runtime/PropertyBindingUtils/PropertyBindingUtils.uplugin" 204
"../../../Engine/Plugins/Runtime/MicrosoftSpatialAudio/MicroSoftSpatialSound.uplugin" 205
"../../../Engine/Plugins/Runtime/nDisplay/nDisplay.uplugin" 206
"../../../Engine/Plugins/Runtime/PropertyAccess/PropertyAccessEditor.uplugin" 207
"../../../Engine/Plugins/Runtime/OpenXRViveTracker/OpenXRViveTracker.uplugin" 208
"../../../Engine/Plugins/Runtime/ResonanceAudio/ResonanceAudio.uplugin" 209
"../../../Engine/Plugins/Runtime/RenderTrace/RenderTrace.uplugin" 210
"../../../Engine/Plugins/Runtime/nDisplayModularFeatures/nDisplayModularFeatures.uplugin" 211
"../../../Engine/Plugins/Runtime/SmartObjects/SmartObjects.uplugin" 212
"../../../Engine/Plugins/Runtime/ScriptableToolsFramework/ScriptableToolsFramework.uplugin" 213
"../../../Engine/Plugins/Runtime/ReplicationSystemTestPlugin/ReplicationSystemTestPlugin.uplugin" 214
"../../../Engine/Plugins/Runtime/LocationServicesBPLibrary/LocationServicesBPLibrary.uplugin" 215
"../../../Engine/Plugins/Runtime/OpenXRHandTracking/OpenXRHandTracking.uplugin" 216
"../../../Engine/Plugins/Runtime/SignificanceManager/SignificanceManager.uplugin" 217
"../../../Engine/Plugins/Runtime/SoundMod/SoundMod.uplugin" 218
"../../../Engine/Plugins/Runtime/SkeletalMerging/SkeletalMerging.uplugin" 219
"../../../Engine/Plugins/Runtime/SoundFields/SoundFields.uplugin" 220
"../../../Engine/Plugins/Runtime/Soundscape/Soundscape.uplugin" 221
"../../../Engine/Plugins/Runtime/OpenCV/OpenCV.uplugin" 222
"../../../Engine/Plugins/Runtime/USDCore/USDCore.uplugin" 223
"../../../Engine/Plugins/Runtime/Spatialization/Spatialization.uplugin" 224
"../../../Engine/Plugins/Runtime/SunPosition/SunPosition.uplugin" 225
"../../../Engine/Plugins/Runtime/MobilePatchingUtils/MobilePatchingUtils.uplugin" 226
"../../../Engine/Plugins/Runtime/StateTree/StateTree.uplugin" 227
"../../../Engine/Plugins/Runtime/WarpUtils/WarpUtils.uplugin" 228
"../../../Engine/Plugins/Runtime/ProceduralMeshComponent/ProceduralMeshComponent.uplugin" 229
"../../../Engine/Plugins/Runtime/WebMMoviePlayer/WebMMoviePlayer.uplugin" 230
"../../../Engine/Plugins/Online/OnlineSubsystemEOS/OnlineSubsystemEOS.uplugin" 231
"../../../Engine/Plugins/Runtime/XRBase/XRBase.uplugin" 232
"../../../Engine/Plugins/Runtime/WorldConditions/WorldConditions.uplugin" 233
"../../../Engine/Plugins/Runtime/ReplicationGraph/ReplicationGraph.uplugin" 234
"../../../Engine/Plugins/Runtime/WebBrowserWidget/WebBrowserWidget.uplugin" 235
"../../../Engine/Plugins/Runtime/WebBrowserNativeProxy/WebBrowserNativeProxy.uplugin" 236
"../../../Engine/Plugins/Runtime/RigVM/RigVM.uplugin" 237
"../../../Engine/Plugins/Runtime/WindowsMoviePlayer/WindowsMoviePlayer.uplugin" 238
"../../../Engine/Plugins/Cameras/EngineCameras/EngineCameras.uplugin" 239
"../../../Engine/Plugins/Compression/OodleNetwork/OodleNetwork.uplugin" 240
"../../../Engine/Plugins/Cameras/CameraShakePreviewer/CameraShakePreviewer.uplugin" 241
"../../../Engine/Plugins/Runtime/ZoneGraphAnnotations/ZoneGraphAnnotations.uplugin" 242
"../../../Engine/Plugins/Importers/AlembicImporter/AlembicImporter.uplugin" 243
"../../../Engine/Plugins/Importers/USDImporter/USDImporter.uplugin" 244
"../../../Engine/Plugins/Importers/AlembicHairImporter/AlembicHairImporter.uplugin" 245
"../../../Engine/Plugins/Enterprise/DatasmithFBXImporter/DatasmithFBXImporter.uplugin" 246
"../../../Engine/Plugins/Runtime/PreLoadScreenMoviePlayer/PreLoadScreenMoviePlayer.uplugin" 247
"../../../Engine/Plugins/Runtime/Synthesis/Synthesis.uplugin" 248
"../../../Engine/Plugins/Enterprise/LidarPointCloud/LidarPointCloud.uplugin" 249
"../../../Engine/Plugins/Runtime/WindowsDeviceProfileSelector/WindowsDeviceProfileSelector.uplugin" 250
"../../../Engine/Plugins/Enterprise/MDLImporter/MDLImporter.uplugin" 251
"../../../Engine/Plugins/Enterprise/VariantManagerContent/VariantManagerContent.uplugin" 252
"../../../Engine/Plugins/Runtime/NetworkPrediction/NetworkPrediction.uplugin" 253
"../../../Engine/Plugins/Cameras/GameplayCameras/GameplayCameras.uplugin" 254
"../../../Engine/Plugins/Runtime/OSC/OSC.uplugin" 255
"../../../Engine/Plugins/Media/AjaMedia/AjaMedia.uplugin" 256
"../../../Engine/Plugins/Media/AndroidCamera/AndroidCamera.uplugin" 257
"../../../Engine/Plugins/Enterprise/DataprepEditor/DataprepEditor.uplugin" 258
"../../../Engine/Plugins/Media/AndroidMedia/AndroidMedia.uplugin" 259
"../../../Engine/Plugins/Media/AppleProResDecoderElectra/AppleProResDecoderElectra.uplugin" 260
"../../../Engine/Plugins/Runtime/ZoneGraph/ZoneGraph.uplugin" 261
"../../../Engine/Plugins/Enterprise/GLTFExporter/GLTFExporter.uplugin" 262
"../../../Engine/Plugins/Media/AudioCaptureTimecodeProvider/AudioCaptureTimecodeProvider.uplugin" 263
"../../../Engine/Plugins/Enterprise/DatasmithImporter/DatasmithImporter.uplugin" 264
"../../../Engine/Plugins/Enterprise/AxFImporter/AxFImporter.uplugin" 265
"../../../Engine/Plugins/Media/AvidDNxMedia/AvidDNxMedia.uplugin" 266
"../../../Engine/Plugins/Media/AppleProResMedia/AppleProResMedia.uplugin" 267
"../../../Engine/Plugins/Enterprise/DatasmithContent/DatasmithContent.uplugin" 268
"../../../Engine/Plugins/Media/D3D12VideoDecodersElectra/D3D12VideoDecodersElectra.uplugin" 269
"../../../Engine/Plugins/Media/ElectraPlayer/ElectraPlayer.uplugin" 270
"../../../Engine/Plugins/Media/ElectraUtil/ElectraUtil.uplugin" 271
"../../../Engine/Plugins/Media/BinkMedia/BinkMedia.uplugin" 272
"../../../Engine/Plugins/Importers/USDImporterMDL/USDImporterMDL.uplugin" 273
"../../../Engine/Plugins/Media/HAPDecoderElectra/HAPDecoderElectra.uplugin" 274
"../../../Engine/Plugins/Media/AvidDNxHDDecoderElectra/AvidDNxHDDecoderElectra.uplugin" 275
"../../../Engine/Plugins/Importers/USDMultiUser/USDMultiUser.uplugin" 276
"../../../Engine/Plugins/Enterprise/VariantManager/VariantManager.uplugin" 277
"../../../Engine/Plugins/Media/FlacDecoderElectra/FlacDecoderElectra.uplugin" 278
"../../../Engine/Plugins/Media/ImgMedia/ImgMedia.uplugin" 279
"../../../Engine/Plugins/Media/AvfMedia/AvfMedia.uplugin" 280
"../../../Engine/Plugins/Runtime/SoundCueTemplates/SoundCueTemplates.uplugin" 281
"../../../Engine/Plugins/Media/BlackmagicMedia/BlackmagicMedia.uplugin" 282
"../../../Engine/Plugins/Media/MediaFrameworkUtilities/MediaFrameworkUtilities.uplugin" 283
"../../../Engine/Plugins/Media/ElectraCodecs/ElectraCodecs.uplugin" 284
"../../../Engine/Plugins/Media/MfMedia/MfMedia.uplugin" 285
"../../../Engine/Plugins/Media/ElectraSubtitles/ElectraSubtitles.uplugin" 286
"../../../Engine/Plugins/Media/MediaCompositing/MediaCompositing.uplugin" 287
"../../../Engine/Plugins/Runtime/SoundUtilities/SoundUtilities.uplugin" 288
"../../../Engine/Plugins/Media/OpusDecoderElectra/OpusDecoderElectra.uplugin" 289
"../../../Engine/Plugins/Media/LinearTimecode/LinearTimecode.uplugin" 290
"../../../Engine/Plugins/Media/MediaIOFramework/MediaIOFramework.uplugin" 291
"../../../Engine/Plugins/Media/MediaPlate/MediaPlate.uplugin" 292
"../../../Engine/Plugins/Enterprise/DatasmithCADImporter/DatasmithCADImporter.uplugin" 293
"../../../Engine/Plugins/Media/PixelCapture/PixelCapture.uplugin" 294
"../../../Engine/Plugins/Media/MediaMovieStreamer/MediaMovieStreamer.uplugin" 295
"../../../Engine/Plugins/Media/MJPEGDecoderElectra/MJPEGDecoderElectra.uplugin" 296
"../../../Engine/Plugins/Media/PixelStreaming2/PixelStreaming2.uplugin" 297
"../../../Engine/Plugins/Media/MediaPlayerEditor/MediaPlayerEditor.uplugin" 298
"../../../Engine/Plugins/Media/WmfMedia/WmfMedia.uplugin" 299
"../../../Engine/Plugins/MovieScene/ReplayTracks/ReplayTracks.uplugin" 300
"../../../Engine/Plugins/Media/MediaViewer/MediaViewer.uplugin" 301
"../../../Engine/Plugins/NNE/NNEDenoiser/NNEDenoiser.uplugin" 302
"../../../Engine/Plugins/MovieScene/SequenceValidator/SequenceValidator.uplugin" 303
"../../../Engine/Plugins/MovieScene/ActorSequence/ActorSequence.uplugin" 304
"../../../Engine/Plugins/Media/HAPMedia/HAPMedia.uplugin" 305
"../../../Engine/Plugins/Media/TimecodeSynchronizer/TimecodeSynchronizer.uplugin" 306
"../../../Engine/Plugins/MovieScene/CustomizableSequencerTracks/CustomizableSequencerTracks.uplugin" 307
"../../../Engine/Plugins/NNE/NNERuntimeORT/NNERuntimeORT.uplugin" 308
"../../../Engine/Plugins/Media/NDIMedia/NDIMedia.uplugin" 309
"../../../Engine/Plugins/Media/HardwareEncoders/HardwareEncoders.uplugin" 310
"../../../Engine/Plugins/Web/HttpBlueprint/HttpBlueprint.uplugin" 311
"../../../Engine/Plugins/PCGInterops/PCGGeometryScriptInterop/PCGGeometryScriptInterop.uplugin" 312
"../../../Engine/Plugins/MovieScene/LevelSequenceEditor/LevelSequenceEditor.uplugin" 313
"../../../Engine/Plugins/PCGInterops/PCGExternalDataInterop/PCGExternalDataInterop.uplugin" 314
"../../../Engine/Plugins/NetcodeUnitTest/NetcodeUnitTest/NetcodeUnitTest.uplugin" 315
"../../../Engine/Plugins/Slate/SlateInsights/SlateInsights.uplugin" 316
"../../../Engine/Plugins/Slate/SlateScripting/SlateScripting.uplugin" 317
"../../../Engine/Plugins/AI/EnvironmentQueryEditor/EnvironmentQueryEditor.uplugin" 318
"../../../Engine/Plugins/AI/HTNPlanner/HTNPlanner.uplugin" 319
"../../../Engine/Plugins/Portal/LauncherChunkInstaller/LauncherChunkInstaller.uplugin" 320
"../../../Engine/Plugins/NetcodeUnitTest/NUTUnrealEngine/NUTUnrealEngine.uplugin" 321
"../../../Engine/Plugins/MovieScene/TemplateSequence/TemplateSequence.uplugin" 322
"../../../Engine/Plugins/AI/MassAI/MassAI.uplugin" 323
"../../../Engine/Plugins/Compositing/Composite/Composite.uplugin" 324
"../../../Engine/Plugins/Media/ElectraCDM/ElectraCDM.uplugin" 325
"../../../Engine/Plugins/AI/MLAdapter/MLAdapter.uplugin" 326
"../../../Engine/Plugins/Enterprise/DatasmithC4DImporter/DatasmithC4DImporter.uplugin" 327
"../../../Engine/Plugins/MovieScene/MoviePipelineMaskRenderPass/MoviePipelineMaskRenderPass.uplugin" 328
"../../../Engine/Plugins/Compositing/OpenColorIO/OpenColorIO.uplugin" 329
"../../../Engine/Plugins/MovieScene/SequencerScripting/SequencerScripting.uplugin" 330
"../../../Engine/Plugins/2D/Paper2D/Paper2D.uplugin" 331
"../../../Engine/Plugins/Media/PixelStreaming/PixelStreaming.uplugin" 332
"../../../Engine/Plugins/Editor/AssetRegistryExport/AssetRegistryExport.uplugin" 333
"../../../Engine/Plugins/Editor/AssetReferenceRestrictions/AssetReferenceRestrictions.uplugin" 334
"../../../Engine/Plugins/Compositing/HoldoutComposite/HoldoutComposite.uplugin" 335
"../../../Engine/Plugins/Editor/BlueprintHeaderView/BlueprintHeaderView.uplugin" 336
"../../../Engine/Plugins/Editor/ColorGrading/ColorGrading.uplugin" 337
"../../../Engine/Plugins/Editor/CurveEditorTools/CurveEditorTools.uplugin" 338
"../../../Engine/Plugins/Editor/CryptoKeys/CryptoKeys.uplugin" 339
"../../../Engine/Plugins/Media/WebMMedia/WebMMedia.uplugin" 340
"../../../Engine/Plugins/Compositing/LensDistortion/LensDistortion.uplugin" 341
"../../../Engine/Plugins/Editor/DisplayClusterLaunch/DisplayClusterLaunch.uplugin" 342
"../../../Engine/Plugins/Editor/AssetSearch/AssetSearch.uplugin" 343
"../../../Engine/Plugins/Editor/DataValidation/DataValidation.uplugin" 344
"../../../Engine/Plugins/AI/AISupport/AISupport.uplugin" 345
"../../../Engine/Plugins/Editor/FacialAnimation/FacialAnimation.uplugin" 346
"../../../Engine/Plugins/Editor/EditorScriptingUtilities/EditorScriptingUtilities.uplugin" 347
"../../../Engine/Plugins/Editor/EditorDebugTools/EditorDebugTools.uplugin" 348
"../../../Engine/Plugins/Editor/GeometryMode/GeometryMode.uplugin" 349
"../../../Engine/Plugins/PCGInterops/PCGPythonInterop/PCGPythonInterop.uplugin" 350
"../../../Engine/Plugins/Editor/GameplayTagsEditor/GameplayTagsEditor.uplugin" 351
"../../../Engine/Plugins/Compositing/OpenCVLensDistortion/OpenCVLensDistortion.uplugin" 352
"../../../Engine/Plugins/Editor/GuidedTutorials/GuidedTutorials.uplugin" 353
"../../../Engine/Plugins/Compositing/Composure/Composure.uplugin" 354
"../../../Engine/Plugins/Editor/MeshLODToolset/MeshLODToolset.uplugin" 355
"../../../Engine/Plugins/Editor/MobileLauncherProfileWizard/MobileLauncherProfileWizard.uplugin" 356
"../../../Engine/Plugins/Editor/ModelingToolsEditorMode/ModelingToolsEditorMode.uplugin" 357
"../../../Engine/Plugins/Editor/ConsoleVariablesEditor/ConsoleVariables.uplugin" 358
"../../../Engine/Plugins/Compositing/CompositeCore/CompositeCore.uplugin" 359
"../../../Engine/Plugins/Editor/EditorSysConfigAssistant/EditorSysConfigAssistant.uplugin" 360
"../../../Engine/Plugins/Editor/ProxyLODPlugin/ProxyLODPlugin.uplugin" 361
"../../../Engine/Plugins/Editor/LiveUpdateForSlate/LiveUpdateForSlate.uplugin" 362
"../../../Engine/Plugins/Editor/LandscapePatch/LandscapePatch.uplugin" 363
"../../../Engine/Plugins/MovieScene/MovieSceneTextTrack/MovieSceneTextTrack.uplugin" 364
"../../../Engine/Plugins/Editor/PluginBrowser/PluginBrowser.uplugin" 365
"../../../Engine/Plugins/Editor/UMGWidgetPreview/UMGWidgetPreview.uplugin" 366
"../../../Engine/Plugins/Editor/SequencerAnimTools/SequencerAnimTools.uplugin" 367
"../../../Engine/Plugins/MovieScene/MovieRenderPipeline/MovieRenderPipeline.uplugin" 368
"../../../Engine/Plugins/Editor/SpeedTreeImporter/SpeedTreeImporter.uplugin" 369
"../../../Engine/Plugins/Editor/WaveformEditor/WaveformEditor.uplugin" 370
"../../../Engine/Plugins/Editor/EngineAssetDefinitions/EngineAssetDefinitions.uplugin" 371
"../../../Engine/Plugins/Experimental/AdvancedRenamer/AdvancedRenamer.uplugin" 372
"../../../Engine/Plugins/Experimental/AbilitySystemGameFeatureActions/AbilitySystemGameFeatureActions.uplugin" 373
"../../../Engine/Plugins/Editor/ChangelistReview/ChangelistReview.uplugin" 374
"../../../Engine/Plugins/Experimental/AsyncMessageSystemTests/AsyncMessageSystemTests.uplugin" 375
"../../../Engine/Plugins/Media/VPxDecoderElectra/VPxDecoderElectra.uplugin" 376
"../../../Engine/Plugins/Editor/WorldPartitionHLODUtilities/WorldPartitionHLODUtilities.uplugin" 377
"../../../Engine/Plugins/Editor/MakeCookedEditorAsDLC/MakeCookedEditorAsDLC.uplugin" 378
"../../../Engine/Plugins/Editor/UVEditor/UVEditor.uplugin" 379
"../../../Engine/Plugins/Editor/MacGraphicsSwitching/MacGraphicsSwitching.uplugin" 380
"../../../Engine/Plugins/Experimental/AvalancheSequenceNavigator/AvalancheSequenceNavigator.uplugin" 381
"../../../Engine/Plugins/Editor/MaterialAnalyzer/MaterialAnalyzer.uplugin" 382
"../../../Engine/Plugins/Editor/ModelViewViewModelPreview/ModelViewViewModelPreview.uplugin" 383
"../../../Engine/Plugins/Experimental/Buoyancy/Buoyancy.uplugin" 384
"../../../Engine/Plugins/Experimental/AvalancheDisplayCluster/AvalancheDisplayCluster.uplugin" 385
"../../../Engine/Plugins/Experimental/AnimToTexture/AnimToTexture.uplugin" 386
"../../../Engine/Plugins/Experimental/AutomationUtils/AutomationUtils.uplugin" 387
"../../../Engine/Plugins/Experimental/ChaosCaching/ChaosCaching.uplugin" 388
"../../../Engine/Plugins/Experimental/BlueprintSnapNodes/BlueprintSnapNodes.uplugin" 389
"../../../Engine/Plugins/Experimental/AsyncMessageSystem/AsyncMessageSystem.uplugin" 390
"../../../Engine/Plugins/Experimental/BackChannel/BackChannel.uplugin" 391
"../../../Engine/Plugins/Editor/BlueprintMaterialTextureNodes/BlueprintMaterialTextureNodes.uplugin" 392
"../../../Engine/Plugins/Experimental/ChaosNiagara/ChaosNiagara.uplugin" 393
"../../../Engine/Plugins/Experimental/ChaosModularVehicleExamples/ChaosModularVehicleExamples.uplugin" 394
"../../../Engine/Plugins/Experimental/CelestialVault/CelestialVault.uplugin" 395
"../../../Engine/Plugins/AI/MassCrowd/MassCrowd.uplugin" 396
"../../../Engine/Plugins/Experimental/AIAssistant/AIAssistant.uplugin" 397
"../../../Engine/Plugins/Experimental/ChaosFlesh/ChaosFlesh.uplugin" 398
"../../../Engine/Plugins/Experimental/ChaosModularVehicle/ChaosModularVehicle.uplugin" 399
"../../../Engine/Plugins/Editor/ScriptableToolsEditorMode/ScriptableToolsEditorMode.uplugin" 400
"../../../Engine/Plugins/Experimental/ChaosRigidAsset/ChaosRigidAsset.uplugin" 401
"../../../Engine/Plugins/Experimental/CodeEditor/CodeEditor.uplugin" 402
"../../../Engine/Plugins/Experimental/ChaosVehiclesPlugin/ChaosVehiclesPlugin.uplugin" 403
"../../../Engine/Plugins/Experimental/CineCameraSceneCapture/CineCameraSceneCapture.uplugin" 404
"../../../Engine/Plugins/Experimental/ChaosOutfitAsset/ChaosOutfitAsset.uplugin" 405
"../../../Engine/Plugins/Runtime/WaveTable/WaveTable.uplugin" 406
"../../../Engine/Plugins/Experimental/Dataflow/Dataflow.uplugin" 407
"../../../Engine/Plugins/Experimental/ChaosCachingUSD/ChaosCachingUSD.uplugin" 408
"../../../Engine/Plugins/Editor/StylusInput/StylusInput.uplugin" 409
"../../../Engine/Plugins/Experimental/CineCameraRigs/CineCameraRigs.uplugin" 410
"../../../Engine/Plugins/Experimental/DaySequence/DaySequence.uplugin" 411
"../../../Engine/Plugins/Experimental/ChaosSolverPlugin/ChaosSolverPlugin.uplugin" 412
"../../../Engine/Plugins/Experimental/CommonConversation/CommonConversation.uplugin" 413
"../../../Engine/Plugins/Experimental/ControlRigPhysics/ControlRigPhysics.uplugin" 414
"../../../Engine/Plugins/Experimental/DrawDebugLibrary/DrawDebugLibrary.uplugin" 415
"../../../Engine/Plugins/Experimental/EditorDataStorageFeatures/EditorDataStorageFeatures.uplugin" 416
"../../../Engine/Plugins/Experimental/ChaosEditor/ChaosEditor.uplugin" 417
"../../../Engine/Plugins/Experimental/ChaosUserDataPT/ChaosUserDataPT.uplugin" 418
"../../../Engine/Plugins/Experimental/EditorDataStorage/EditorDataStorage.uplugin" 419
"../../../Engine/Plugins/Editor/AssetManagerEditor/AssetManagerEditor.uplugin" 420
"../../../Engine/Plugins/Experimental/EditorTelemetry/EditorTelemetry.uplugin" 421
"../../../Engine/Plugins/Editor/StaticMeshEditorModeling/StaticMeshEditorModeling.uplugin" 422
"../../../Engine/Plugins/Experimental/EvaluationNotifies/EvaluationNotifies.uplugin" 423
"../../../Engine/Plugins/Experimental/FieldSystemPlugin/FieldSystemPlugin.uplugin" 424
"../../../Engine/Plugins/Experimental/Fracture/Fracture.uplugin" 425
"../../../Engine/Plugins/Experimental/DynamicWind/DynamicWind.uplugin" 426
"../../../Engine/Plugins/Experimental/GeometryCacheAbcFile/GeometryCacheAbcFile.uplugin" 427
"../../../Engine/Plugins/Experimental/GameplayTargetingSystem/TargetingSystem.uplugin" 428
"../../../Engine/Plugins/Experimental/ChaosClothEditor/ChaosClothEditor.uplugin" 429
"../../../Engine/Plugins/Experimental/GeometryFlow/GeometryFlow.uplugin" 430
"../../../Engine/Plugins/Experimental/BlueprintStats/BlueprintStats.uplugin" 431
"../../../Engine/Plugins/Experimental/GameplayBehaviors/GameplayBehaviors.uplugin" 432
"../../../Engine/Plugins/Experimental/ChaosMover/ChaosMover.uplugin" 433
"../../../Engine/Plugins/Experimental/ControlFlows/ControlFlows.uplugin" 434
"../../../Engine/Plugins/Experimental/FullBodyIK/FullBodyIK.uplugin" 435
"../../../Engine/Plugins/Experimental/GameplayGraph/GameplayGraph.uplugin" 436
"../../../Engine/Plugins/Experimental/GizmoFramework/GizmoFramework.uplugin" 437
"../../../Engine/Plugins/Experimental/CharacterAI/CharacterAI.uplugin" 438
"../../../Engine/Plugins/Experimental/CodeView/CodeView.uplugin" 439
"../../../Engine/Plugins/Experimental/GlobalConfigurationData/GlobalConfigurationData.uplugin" 440
"../../../Engine/Plugins/Experimental/ImagePlate/ImagePlate.uplugin" 441
"../../../Engine/Plugins/Experimental/HairModelingToolset/HairModelingToolset.uplugin" 442
"../../../Engine/Plugins/Experimental/EditorPerformance/EditorPerformance.uplugin" 443
"../../../Engine/Plugins/Experimental/ImageWidgets/ImageWidgets.uplugin" 444
"../../../Engine/Plugins/Experimental/InEditorDocumentation/InEditorDocumentation.uplugin" 445
"../../../Engine/Plugins/Experimental/FloatingProperties/FloatingProperties.uplugin" 446
"../../../Engine/Plugins/Experimental/GeometryCollectionPlugin/GeometryCollectionPlugin.uplugin" 447
"../../../Engine/Plugins/Experimental/GeometryDataflow/GeometryDataflow.uplugin" 448
"../../../Engine/Plugins/Experimental/InstanceDataObjectFixupTool/InstanceDataObjectFixupTool.uplugin" 449
"../../../Engine/Plugins/Experimental/Landmass/Landmass.uplugin" 450
"../../../Engine/Plugins/Experimental/GeometryCacheLevelSequenceBaker/GeometryCacheLevelSequenceBaker.uplugin" 451
"../../../Engine/Plugins/Experimental/ColorCorrectRegions/ColorCorrectRegions.uplugin" 452
"../../../Engine/Plugins/Experimental/DynamicMaterialMediaStreamBridge/DynamicMaterialMediaStreamBridge.uplugin" 453
"../../../Engine/Plugins/Experimental/LiveLinkFaceImporter/LiveLinkFaceImporter.uplugin" 454
"../../../Engine/Plugins/Experimental/GPULightmass/GPULightmass.uplugin" 455
"../../../Engine/Plugins/Experimental/HairStrandsMutable/HairStrandsMutable.uplugin" 456
"../../../Engine/Plugins/Experimental/LiveLinkControlRig/LiveLinkControlRig.uplugin" 457
"../../../Engine/Plugins/Experimental/LocalizableMessage/LocalizableMessage.uplugin" 458
"../../../Engine/Plugins/Experimental/MeshModelingToolsetExp/MeshModelingToolsetExp.uplugin" 459
"../../../Engine/Plugins/Experimental/ActorPalette/ActorPalette.uplugin" 460
"../../../Engine/Plugins/Experimental/Gauntlet/Gauntlet.uplugin" 461
"../../../Engine/Plugins/Experimental/MeshResizing/MeshResizing.uplugin" 462
"../../../Engine/Plugins/Experimental/GizmoEdMode/GizmoEdMode.uplugin" 463
"../../../Engine/Plugins/Experimental/MetasoundExperimental/MetasoundExperimental.uplugin" 464
"../../../Engine/Plugins/Experimental/ImpostorBaker/ImpostorBaker.uplugin" 465
"../../../Engine/Plugins/Experimental/HairCardGenerator/HairCardGenerator.uplugin" 466
"../../../Engine/Plugins/Experimental/LiveLinkOpenVR/LiveLinkOpenVR.uplugin" 467
"../../../Engine/Plugins/Experimental/Mover/Mover.uplugin" 468
"../../../Engine/Plugins/Experimental/LearningAgents/LearningAgents.uplugin" 469
"../../../Engine/Plugins/Experimental/LowLevelNetTrace/LowLevelNetTrace.uplugin" 470
"../../../Engine/Plugins/Experimental/JWT/JWT.uplugin" 471
"../../../Engine/Plugins/Experimental/MLflow/MLflow.uplugin" 472
"../../../Engine/Plugins/Experimental/GameInputWindows/GameInputWindows.uplugin" 473
"../../../Engine/Plugins/Experimental/MediaStream/MediaStream.uplugin" 474
"../../../Engine/Plugins/Experimental/MoverExamples/MoverExamples.uplugin" 475
"../../../Engine/Plugins/Experimental/LevelSequenceNavigatorBridge/LevelSequenceNavigatorBridge.uplugin" 476
"../../../Engine/Plugins/Experimental/NeuralRendering/NeuralRendering.uplugin" 477
"../../../Engine/Plugins/Experimental/InlineMaterialInstance/InlineMaterialInstance.uplugin" 478
"../../../Engine/Plugins/Experimental/NaniteAssemblyEditorUtils/NaniteAssemblyEditorUtils.uplugin" 479
"../../../Engine/Plugins/Experimental/CinematicPrestreaming/CinematicPrestreaming.uplugin" 480
"../../../Engine/Plugins/Experimental/FastGeoStreaming/FastGeoStreaming.uplugin" 481
"../../../Engine/Plugins/Experimental/NNERuntimeRDG/NNERuntimeRDG.uplugin" 482
"../../../Engine/Plugins/Experimental/DefaultInstallBundleManager/DefaultInstallBundleManager.uplugin" 483
"../../../Engine/Plugins/Experimental/MutableDataflow/MutableDataflow.uplugin" 484
"../../../Engine/Plugins/Experimental/OpenImageDenoise/OpenImageDenoise.uplugin" 485
"../../../Engine/Plugins/Experimental/MovieScenePoseSearchTracks/MovieScenePoseSearchTracks.uplugin" 486
"../../../Engine/Plugins/Experimental/PanoramicCapture/PanoramicCapture.uplugin" 487
"../../../Engine/Plugins/Experimental/InteractionInterface/InteractionInterface.uplugin" 488
"../../../Engine/Plugins/Experimental/OptiXDenoise/OptiXDenoise.uplugin" 489
"../../../Engine/Plugins/Experimental/MotoSynth/MotoSynth.uplugin" 490
"../../../Engine/Plugins/Experimental/NNERuntimeIREE/NNERuntimeIREE.uplugin" 491
"../../../Engine/Plugins/Editor/SampleToolsEditorMode/SampleToolsEditorMode.uplugin" 492
"../../../Engine/Plugins/Experimental/NNERuntimeCoreML/NNERuntimeCoreML.uplugin" 493
"../../../Engine/Plugins/Experimental/PlainPropsUObject/PlainPropsUObject.uplugin" 494
"../../../Engine/Plugins/Experimental/MoverIntegrations/MoverIntegrations.uplugin" 495
"../../../Engine/Plugins/Experimental/PlanarCutPlugin/PlanarCut.uplugin" 496
"../../../Engine/Plugins/Experimental/NNERuntimeBasicCpu/NNERuntimeBasicCpu.uplugin" 497
"../../../Engine/Plugins/Experimental/MutablePopulation/MutablePopulation.uplugin" 498
"../../../Engine/Plugins/Experimental/MotorSimOutputMotoSynth/MotorSimOutputMotoSynth.uplugin" 499
"../../../Engine/Plugins/Experimental/MoverAnimNext/MoverAnimNext.uplugin" 500
"../../../Engine/Plugins/Experimental/MovieSceneAnimMixer/MovieSceneAnimMixer.uplugin" 501
"../../../Engine/Plugins/Experimental/RenderGrid/RenderGrid.uplugin" 502
"../../../Engine/Plugins/Experimental/NaniteDisplacedMesh/NaniteDisplacedMesh.uplugin" 503
"../../../Engine/Plugins/Experimental/SecuritySandbox/SecuritySandbox.uplugin" 504
"../../../Engine/Plugins/Experimental/RigLogicUAF/RigLogicUAF.uplugin" 505
"../../../Engine/Plugins/Experimental/RigLogicMutable/RigLogicMutable.uplugin" 506
"../../../Engine/Plugins/Experimental/QuicMessaging/QuicMessaging.uplugin" 507
"../../../Engine/Plugins/Experimental/RawInput/RawInput.uplugin" 508
"../../../Engine/Plugins/Experimental/PlainProps/PlainProps.uplugin" 509
"../../../Engine/Plugins/Experimental/CinematicSequenceNavigator/CinematicSequenceNavigator.uplugin" 510
"../../../Engine/Plugins/Experimental/SimpleHMD/SimpleHMD.uplugin" 511
"../../../Engine/Plugins/Experimental/RemoteSession/RemoteSession.uplugin" 512
"../../../Engine/Plugins/Experimental/ScreenReader/ScreenReader.uplugin" 513
"../../../Engine/Plugins/Experimental/SlateModelViewViewModel/SlateModelViewViewModel.uplugin" 514
"../../../Engine/Plugins/Experimental/Iris/Iris.uplugin" 515
"../../../Engine/Plugins/Experimental/MutableClothing/MutableClothing.uplugin" 516
"../../../Engine/Plugins/Experimental/SpatialReadiness/SpatialReadiness.uplugin" 517
"../../../Engine/Plugins/Experimental/SkeletalReduction/SkeletalReduction.uplugin" 518
"../../../Engine/Plugins/Experimental/StructUtils/StructUtils.uplugin" 519
"../../../Engine/Plugins/Experimental/SlateIM/SlateIM.uplugin" 520
"../../../Engine/Plugins/Experimental/PixelStreamingPlayer/PixelStreamingPlayer.uplugin" 521
"../../../Engine/Plugins/Experimental/SequenceNavigator/SequenceNavigator.uplugin" 522
"../../../Engine/Plugins/Experimental/RuntimeTelemetry/RuntimeTelemetry.uplugin" 523
"../../../Engine/Plugins/Experimental/PlatformCrypto/PlatformCrypto.uplugin" 524
"../../../Engine/Plugins/Experimental/TargetDeviceServicesScripting/TargetDeviceServicesScripting.uplugin" 525
"../../../Engine/Plugins/Experimental/PCGBiomeSample/PCGBiomeSample.uplugin" 526
"../../../Engine/Plugins/Experimental/SurfaceEffects/SurfaceEffects.uplugin" 527
"../../../Engine/Plugins/Experimental/SerializationUtils/SerializationUtils.uplugin" 528
"../../../Engine/Plugins/Experimental/TextToSpeech/TextToSpeech.uplugin" 529
"../../../Engine/Plugins/Experimental/Shotgrid/Shotgrid.uplugin" 530
"../../../Engine/Plugins/Experimental/SubtitlesAndClosedCaptions/SubtitlesAndClosedCaptions.uplugin" 531
"../../../Engine/Plugins/Experimental/UserToolBoxBasicCommand/UserToolBoxBasicCommand.uplugin" 532
"../../../Engine/Plugins/Experimental/VirtualProductionUtilities/VirtualProductionUtilities.uplugin" 533
"../../../Engine/Plugins/Experimental/PluginReferenceViewer/PluginReferenceViewer.uplugin" 534
"../../../Engine/Plugins/Experimental/Volumetrics/Volumetrics.uplugin" 535
"../../../Engine/Plugins/Experimental/UIFramework/UIFramework.uplugin" 536
"../../../Engine/Plugins/Experimental/PlainPropsEngine/PlainPropsEngine.uplugin" 537
"../../../Engine/Plugins/Experimental/VirtualHeightfieldMesh/VirtualHeightfieldMesh.uplugin" 538
"../../../Engine/Plugins/MetaHuman/MetaHumanAnimator/MetaHuman.uplugin" 539
"../../../Engine/Plugins/Experimental/PluginTemplateTool/PluginTemplateTool.uplugin" 540
"../../../Engine/Plugins/Experimental/WebSocketMessaging/WebSocketMessaging.uplugin" 541
"../../../Engine/Plugins/Experimental/SubmitToolEditor/SubmitToolEditor.uplugin" 542
"../../../Engine/Plugins/Experimental/PSDImporterMaterialDesignerBridge/PSDImporterMaterialDesignerBridge.uplugin" 543
"../../../Engine/Plugins/Experimental/Tensorboard/Tensorboard.uplugin" 544
"../../../Engine/Plugins/Experimental/PluginAudit/PluginAudit.uplugin" 545
"../../../Engine/Plugins/Experimental/PostProcessMaterialChainGraph/PostProcessMaterialChainGraph.uplugin" 546
"../../../Engine/Plugins/MetaHuman/MetaHumanCharacter/MetaHumanCharacter.uplugin" 547
"../../../Engine/Plugins/Experimental/ProceduralVegetationEditor/ProceduralVegetationEditor.uplugin" 548
"../../../Engine/Plugins/Experimental/Water/Water.uplugin" 549
"../../../Engine/Plugins/Experimental/WaterAdvanced/WaterAdvanced.uplugin" 550
"../../../Engine/Plugins/MetaHuman/MetaHumanLiveLink/MetaHumanLiveLink.uplugin" 551
"../../../Engine/Plugins/Experimental/PythonScriptPlugin/PythonScriptPlugin.uplugin" 552
"../../../Engine/Plugins/MetaHuman/MetaHumanSDK/MetaHumanSDK.uplugin" 553
"../../../Engine/Plugins/Experimental/Workspace/Workspace.uplugin" 554
"../../../Engine/Plugins/Experimental/PythonFoundationPackages/PythonFoundationPackages.uplugin" 555
"../../../Engine/Plugins/Tests/CQTestEnhancedInput/CQTestEnhancedInput.uplugin" 556
"../../../Engine/Plugins/Performance/AutomatedPerfTesting/AutomatedPerfTesting.uplugin" 557
"../../../Engine/Plugins/MetaHuman/MetaHumanCoreTechLib/MetaHumanCoreTech.uplugin" 558
"../../../Engine/Plugins/Experimental/XRCreativeFramework/XRCreativeFramework.uplugin" 559
"../../../Engine/Plugins/Tests/AutomationDriverTests/AutomationDriverTests.uplugin" 560
"../../../Engine/Plugins/Experimental/PSDImporter/PSDImporter.uplugin" 561
"../../../Engine/Plugins/Tests/AudioCQTests/AudioCQTests.uplugin" 562
"../../../Engine/Plugins/Experimental/RemoteControlComponents/RemoteControlComponents.uplugin" 563
"../../../Engine/Plugins/Tests/FunctionalTestingEditor/FunctionalTestingEditor.uplugin" 564
"../../../Engine/Plugins/Experimental/RemoteControlActorModifierBridge/RemoteControlActorModifierBridge.uplugin" 565
"../../../Engine/Plugins/VirtualProduction/ActorModifier/ActorModifier.uplugin" 566
"../../../Engine/Plugins/Tests/RuntimeTests/RuntimeTests.uplugin" 567
"../../../Engine/Plugins/Tests/PythonAutomationTest/PythonAutomationTest.uplugin" 568
"../../../Engine/Plugins/Tests/InterchangeTests/InterchangeTests.uplugin" 569
"../../../Engine/Plugins/Tests/CQTestExperimental/CQTestExperimental.uplugin" 570
"../../../Engine/Plugins/VirtualProduction/ActorModifierCore/ActorModifierCore.uplugin" 571
"../../../Engine/Plugins/Experimental/SlateScreenReader/SlateScreenReader.uplugin" 572
"../../../Engine/Plugins/Tests/WidgetAutomationTests/WidgetAutomationTests.uplugin" 573
"../../../Engine/Plugins/VirtualProduction/Avalanche/Avalanche.uplugin" 574
"../../../Engine/Plugins/Experimental/MoverTests/MoverTests.uplugin" 575
"../../../Engine/Plugins/VirtualProduction/AvalancheSceneState/AvalancheSceneState.uplugin" 576
"../../../Engine/Plugins/Experimental/RazerChromaDevices/RazerChromaDevices.uplugin" 577
"../../../Engine/Plugins/Tests/TestSamples/TestSamples.uplugin" 578
"../../../Engine/Plugins/Experimental/UserToolBoxCore/UserToolBoxCore.uplugin" 579
"../../../Engine/Plugins/Performance/PerformanceMonitor/PerformanceMonitor.uplugin" 580
"../../../Engine/Plugins/VirtualProduction/CameraCalibrationCore/CameraCalibrationCore.uplugin" 581
"../../../Engine/Plugins/Experimental/WebSocketNetworking/WebSocketNetworking.uplugin" 582
"../../../Engine/Plugins/VirtualProduction/CameraCalibration/CameraCalibration.uplugin" 583
"../../../Engine/Plugins/VirtualProduction/DynamicMaterial/DynamicMaterial.uplugin" 584
"../../../Engine/Plugins/VirtualProduction/EpicStageApp/EpicStageApp.uplugin" 585
"../../../Engine/Plugins/Experimental/WaterExtras/WaterExtras.uplugin" 586
"../../../Engine/Plugins/VirtualProduction/GeometryMask/GeometryMask.uplugin" 587
"../../../Engine/Plugins/Experimental/TechAudioTools/TechAudioTools.uplugin" 588
"../../../Engine/Plugins/VirtualProduction/LiveLinkCamera/LiveLinkCamera.uplugin" 589
"../../../Engine/Plugins/Tests/RHITests/RHITests.uplugin" 590
"../../../Engine/Plugins/Tests/FbxAutomationTestBuilder/FbxAutomationTestBuilder.uplugin" 591
"../../../Engine/Plugins/VirtualProduction/ICVFXTesting/ICVFXTesting.uplugin" 592
"../../../Engine/Plugins/VirtualProduction/DataCharts/DataCharts.uplugin" 593
"../../../Engine/Plugins/VirtualProduction/LiveLinkMasterLockit/LiveLinkMasterLockit.uplugin" 594
"../../../Engine/Plugins/VirtualProduction/LiveLinkInputDevice/LiveLinkInputDevice.uplugin" 595
"../../../Engine/Plugins/VirtualProduction/ICVFX/ICVFX.uplugin" 596
"../../../Engine/Plugins/VirtualProduction/DataLink/DataLink.uplugin" 597
"../../../Engine/Plugins/VirtualProduction/CameraCalibrationML/CameraCalibrationML.uplugin" 598
"../../../Engine/Plugins/VirtualProduction/CinematicAssemblyTools/CinematicAssemblyTools.uplugin" 599
"../../../Engine/Plugins/VirtualProduction/DataLinkOAuth/DataLinkOAuth.uplugin" 600
"../../../Engine/Plugins/Tests/CQTest/CQTest.uplugin" 601
"../../../Engine/Plugins/VirtualProduction/LiveLinkLens/LiveLinkLens.uplugin" 602
"../../../Engine/Plugins/VirtualProduction/LiveLinkOpenTrackIO/LiveLinkOpenTrackIO.uplugin" 603
"../../../Engine/Plugins/Experimental/PhysicsControl/PhysicsControl.uplugin" 604
"../../../Engine/Plugins/VirtualProduction/CompositePlane/CompositePlane.uplugin" 605
"../../../Engine/Plugins/VirtualProduction/RemoteControlWebInterface/RemoteControlWebInterface.uplugin" 606
"../../../Engine/Plugins/VirtualProduction/RemoteControl/RemoteControl.uplugin" 607
"../../../Engine/Plugins/VirtualProduction/PropertyAnimatorCore/PropertyAnimatorCore.uplugin" 608
"../../../Engine/Plugins/VirtualProduction/LiveLinkXR/LiveLinkXR.uplugin" 609
"../../../Engine/Plugins/VirtualProduction/MultiUserTakes/MultiUserTakes.uplugin" 610
"../../../Engine/Plugins/VirtualProduction/RemoteControlProtocolDMX/RemoteControlProtocolDMX.uplugin" 611
"../../../Engine/Plugins/VirtualProduction/PropertyAnimator/PropertyAnimator.uplugin" 612
"../../../Engine/Plugins/Experimental/TetMeshing/TetMeshing.uplugin" 613
"../../../Engine/Plugins/VirtualProduction/PerformanceCaptureWorkflow/PerformanceCaptureWorkflow.uplugin" 614
"../../../Engine/Plugins/VirtualProduction/StageMonitoring/StageMonitoring.uplugin" 615
"../../../Engine/Plugins/Experimental/StateGraph/StateGraph.uplugin" 616
"../../../Engine/Plugins/Experimental/PCGBiomeCore/PCGBiomeCore.uplugin" 617
"../../../Engine/Plugins/VirtualProduction/StormSync/StormSync.uplugin" 618
"../../../Engine/Plugins/Experimental/NFORDenoise/NFORDenoise.uplugin" 619
"../../../Engine/Plugins/VirtualProduction/LevelSnapshots/LevelSnapshots.uplugin" 620
"../../../Engine/Plugins/MetaHuman/MetaHumanCalibrationProcessing/MetaHumanCalibrationProcessing.uplugin" 621
"../../../Engine/Plugins/VirtualProduction/SceneState/SceneState.uplugin" 622
"../../../Engine/Plugins/VirtualProduction/TextureShare/TextureShare.uplugin" 623
"../../../Engine/Plugins/VirtualProduction/SceneStateDataLink/SceneStateDataLink.uplugin" 624
"../../../Engine/Plugins/VirtualProduction/OperatorStack/OperatorStack.uplugin" 625
"../../../Engine/Plugins/Experimental/PythonMLPackages/PythonMLPackages.uplugin" 626
"../../../Engine/Plugins/VirtualProduction/LiveLinkPrestonMDR/LiveLinkPrestonMDR.uplugin" 627
"../../../Engine/Plugins/VirtualProduction/RemoteControlProtocolMIDI/RemoteControlProtocolMIDI.uplugin" 628
"../../../Engine/Plugins/VirtualProduction/ClonerEffector/ClonerEffector.uplugin" 629
"../../../Engine/Plugins/VirtualProduction/LensComponent/LensComponent.uplugin" 630
"../../../Engine/Plugins/VirtualProduction/SequencerPlaylists/SequencerPlaylists.uplugin" 631
"../../../Engine/Plugins/VirtualProduction/LiveLinkVRPN/LiveLinkVRPN.uplugin" 632
"../../../Engine/Plugins/VirtualProduction/TimedDataMonitor/TimedDataMonitor.uplugin" 633
"../../../Engine/Plugins/VirtualProduction/RemoteControlProtocolOSC/RemoteControlProtocolOSC.uplugin" 634
"../../../Engine/Plugins/VirtualProduction/SVGImporter/SVGImporter.uplugin" 635
"../../../Engine/Plugins/VirtualProduction/Text3D/Text3D.uplugin" 636
"../../../Engine/Plugins/Animation/MLDeformer/VertexDeltaModel/VertexDeltaModel.uplugin" 637
"../../../Engine/Plugins/VirtualProduction/Takes/Takes.uplugin" 638
"../../../Engine/Plugins/Animation/MLDeformer/ChaosFleshGenerator/ChaosFleshGenerator.uplugin" 639
"../../../Engine/Plugins/Developer/Concert/ConcertMain/ConcertMain.uplugin" 640
"../../../Engine/Plugins/VirtualProduction/LiveLinkFreeD/LiveLinkFreeD.uplugin" 641
"../../../Engine/Plugins/Interchange/Extensions/OpenVDB/InterchangeOpenVDB.uplugin" 642
"../../../Engine/Plugins/Animation/MLDeformer/MLDeformerFramework/MLDeformerFramework.uplugin" 643
"../../../Engine/Plugins/Tests/EditorTests/EditorTests.uplugin" 644
"../../../Engine/Plugins/Online/VoiceChat/VoiceChat/VoiceChat.uplugin" 645
"../../../Engine/Plugins/Runtime/Database/SQLiteCore/SQLiteCore.uplugin" 646
"../../../Engine/Plugins/Animation/MLDeformer/NeuralMorphModel/NeuralMorphModel.uplugin" 647
"../../../Engine/Plugins/Runtime/Database/DatabaseSupport/DatabaseSupport.uplugin" 648
"../../../Engine/Plugins/Experimental/ToolPresets/ToolPresets.uplugin" 649
"../../../Engine/Plugins/Runtime/Database/SQLiteSupport/SQLiteSupport.uplugin" 650
"../../../Engine/Plugins/Runtime/Advertising/IOSTapJoy/IOSTapJoy.uplugin" 651
"../../../Engine/Plugins/Runtime/Analytics/Adjust/Adjust.uplugin" 652
"../../../Engine/Plugins/Runtime/Steam/SteamController/SteamController.uplugin" 653
"../../../Engine/Plugins/Tests/TestFramework/TestFramework.uplugin" 654
"../../../Engine/Plugins/Runtime/Analytics/FileLogging/FileLogging.uplugin" 655
"../../../Engine/Plugins/Experimental/WaveFunctionCollapse/WaveFunctionCollapse.uplugin" 656
"../../../Engine/Plugins/Runtime/Steam/SteamAudio/SteamAudio.uplugin" 657
"../../../Engine/Plugins/Runtime/Steam/SteamShared/SteamShared.uplugin" 658
"../../../Engine/Plugins/VirtualProduction/VirtualScouting/VirtualScouting.uplugin" 659
"../../../Engine/Plugins/Runtime/Analytics/AnalyticsBlueprintLibrary/AnalyticsBlueprintLibrary.uplugin" 660
"../../../Engine/Plugins/Runtime/Windows/WinDualShock/WinDualShock.uplugin" 661
"../../../Engine/Plugins/VirtualProduction/CustomDetailsView/CustomDetailsView.uplugin" 662
"../../../Engine/Plugins/Experimental/WidgetEditorToolPalette/WidgetEditorToolPalette.uplugin" 663
"../../../Engine/Plugins/Runtime/Analytics/AnalyticsMulticast/AnalyticsMulticast.uplugin" 664
"../../../Engine/Plugins/VirtualProduction/Switchboard/Switchboard.uplugin" 665
"../../../Engine/Plugins/Online/Android/AndroidFetchBackgroundDownload/AndroidFetchBackgroundDownload.uplugin" 666
"../../../Engine/Plugins/Online/IOS/OnlineSubsystemIOS/OnlineSubsystemIOS.uplugin" 667
"../../../Engine/Plugins/Runtime/Windows/WinVirtualKeyboard/WinVirtualKeyboard.uplugin" 668
"../../../Engine/Plugins/Experimental/MetaHuman/MetaHumanRuntime/MetaHumanRuntime.uplugin" 669
"../../../Engine/Plugins/Experimental/Web/WebAPI/WebAPI.uplugin" 670
"../../../Engine/Plugins/Editor/ObjectMixer/LightMixer/LightMixer.uplugin" 671
"../../../Engine/Plugins/Experimental/MetaHuman/MetaHumanCalibrationDiagnostics/MetaHumanCalibrationDiagnostics.uplugin" 672
"../../../Engine/Plugins/Runtime/Windows/XInputDevice/XInputDevice.uplugin" 673
"../../../Engine/Plugins/Experimental/AVCodecs/LibVpxCodecs/LibVpxCodecs.uplugin" 674
"../../../Engine/Plugins/Runtime/Nvidia/GeForceNOWWrapper/GeForceNOWWrapper.uplugin" 675
"../../../Engine/Plugins/Experimental/UAF/UAFAnimGraph/UAFAnimGraph.uplugin" 676
"../../../Engine/Plugins/Experimental/UAF/UAF/UAF.uplugin" 677
"../../../Engine/Plugins/Animation/MLDeformer/NearestNeighborModel/NearestNeighborModel.uplugin" 678
"../../../Engine/Plugins/Online/VoiceChat/EOSVoiceChat/EOSVoiceChat.uplugin" 679
"../../../Engine/Plugins/Experimental/UAF/UAFControlRig/UAFControlRig.uplugin" 680
"../../../Engine/Plugins/Online/Android/OnlineSubsystemGooglePlay/OnlineSubsystemGooglePlay.uplugin" 681
"../../../Engine/Plugins/Experimental/UAF/UAFTests/UAFTests.uplugin" 682
"../../../Engine/Plugins/Interchange/Extensions/OpenUSD/InterchangeOpenUSD.uplugin" 683
"../../../Engine/Plugins/Experimental/AVCodecs/WMFCodecs/WMFCodecs.uplugin" 684
"../../../Engine/Plugins/VirtualProduction/DMX/DMXProtocol/DMXProtocol.uplugin" 685
"../../../Engine/Plugins/Runtime/XR/XRVisualization/XRVisualization.uplugin" 686
"../../../Engine/Plugins/Runtime/Database/RemoteDatabaseSupport/RemoteDatabaseSupport.uplugin" 687
"../../../Engine/Plugins/Experimental/UAF/UAFWarping/UAFWarping.uplugin" 688
"../../../Engine/Plugins/VirtualProduction/DMX/DMXModularFeatures/DMXModularFeatures.uplugin" 689
"../../../Engine/Plugins/Experimental/PCGInterops/PCGInstancedActorsInterop/PCGInstancedActorsInterop.uplugin" 690
"../../../Engine/Plugins/Experimental/AVCodecs/NVCodecs/NVCodecs.uplugin" 691
"../../../Engine/Plugins/Runtime/XR/XRScribe/XRScribe.uplugin" 692
"../../../Engine/Plugins/VirtualProduction/DMX/DatasmithMVR/DatasmithMVR.uplugin" 693
"../../../Engine/Plugins/Experimental/AVCodecs/VTCodecs/VTCodecs.uplugin" 694
"../../../Engine/Plugins/VirtualProduction/RemoteControlInterception/RemoteControlInterception.uplugin" 695
"../../../Engine/Plugins/Editor/ContentBrowser/ContentBrowserAssetDataSource/ContentBrowserAssetDataSource.uplugin" 696
"../../../Engine/Plugins/VirtualProduction/DMX/DMXGDTF/DMXGDTF.uplugin" 697
"../../../Engine/Plugins/VirtualProduction/StormSyncAvalancheBridge/StormSyncAvalancheBridge.uplugin" 698
"../../../Engine/Plugins/Runtime/Nvidia/Reflex/Reflex.uplugin" 699
"../../../Engine/Plugins/Experimental/PCGInterops/PCGFastGeoInterop/PCGFastGeoInterop.uplugin" 700
"../../../Engine/Plugins/Runtime/Steam/SteamSockets/SteamSockets.uplugin" 701
"../../../Engine/Plugins/VirtualProduction/Rivermax/RivermaxMedia/RivermaxMedia.uplugin" 702
"../../../Engine/Plugins/VirtualProduction/DMX/DMXEngine/DMXEngine.uplugin" 703
"../../../Engine/Plugins/Experimental/VirtualProduction/VPSettings/VPSettings.uplugin" 704
"../../../Engine/Plugins/Experimental/PCGInterops/PCGWaterInterop/PCGWaterInterop.uplugin" 705
"../../../Engine/Plugins/VirtualProduction/VirtualCamera/VirtualCamera.uplugin" 706
"../../../Engine/Plugins/Animation/MLDeformer/ChaosClothGenerator/ChaosClothGenerator.uplugin" 707
"../../../Engine/Plugins/VirtualProduction/Rivermax/RivermaxCore/RivermaxCore.uplugin" 708
"../../../Engine/Plugins/Experimental/Enterprise/DatasmithInterchange/DatasmithInterchange.uplugin" 709
"../../../Engine/Plugins/Experimental/AVCodecs/AMFCodecs/AMFCodecs.uplugin" 710
"../../../Engine/Plugins/Runtime/AR/ARUtilities/ARUtilities.uplugin" 711
"../../../Engine/Plugins/Experimental/PCGInterops/PCGNaniteAssembliesInterop/PCGNaniteAssembliesInterop.uplugin" 712
"../../../Engine/Plugins/VirtualProduction/CaptureData/CaptureData.uplugin" 713
"../../../Engine/Plugins/Experimental/Enterprise/DatasmithRuntime/DatasmithRuntime.uplugin" 714
"../../../Engine/Plugins/VirtualProduction/DMX/DMXDisplayCluster/DMXDisplayCluster.uplugin" 715
"../../../Engine/Plugins/Editor/ObjectMixer/ObjectMixer/ObjectMixer.uplugin" 716
"../../../Engine/Plugins/Experimental/Animation/Locomotor/Locomotor.uplugin" 717
"../../../Engine/Plugins/VirtualProduction/DMX/DMXControlConsole/DMXControlConsole.uplugin" 718
"../../../Engine/Plugins/Runtime/PacketHandlers/AESGCMHandlerComponent/AESGCMHandlerComponent.uplugin" 719
"../../../Engine/Plugins/Experimental/VirtualProduction/LedWallCalibration/LedWallCalibration.uplugin" 720
"../../../Engine/Plugins/VirtualProduction/VirtualCameraCore/VirtualCameraCore.uplugin" 721
"../../../Engine/Plugins/Experimental/Animation/CurveExpression/CurveExpression.uplugin" 722
"../../../Engine/Plugins/Experimental/Animation/RelativeIKOp/RelativeIKOp.uplugin" 723
"../../../Engine/Plugins/VirtualProduction/DMX/DMXFixtures/DMXFixtures.uplugin" 724
"../../../Engine/Plugins/Runtime/MeshReconstruction/DummyMeshReconstructor/DummyMeshReconstructor.uplugin" 725
"../../../Engine/Plugins/Editor/Localization/PortableObjectFileDataSource/PortableObjectFileDataSource.uplugin" 726
"../../../Engine/Plugins/Experimental/Animation/RigMapper/RigMapper.uplugin" 727
"../../../Engine/Plugins/Experimental/Animation/MotionTrajectory/MotionTrajectory.uplugin" 728
"../../../Engine/Plugins/Experimental/CharacterFXEditor/BaseCharacterFXEditor/BaseCharacterFXEditor.uplugin" 729
"../../../Engine/Plugins/Editor/ContentBrowser/ContentBrowserAliasDataSource/ContentBrowserAliasDataSource.uplugin" 730
"../../../Engine/Plugins/Experimental/Animation/SkeletalMeshMorphTargetEditingTools/SkeletalMeshMorphTargetEditingTools.uplugin" 731
"../../../Engine/Plugins/Experimental/Animation/HierarchyTableAnimation/HierarchyTableAnimation.uplugin" 732
"../../../Engine/Plugins/VirtualProduction/CaptureManager/CaptureManagerDevices/CaptureManagerDevices.uplugin" 733
"../../../Engine/Plugins/Experimental/CharacterFXEditor/ExampleCharacterFXEditor/ExampleCharacterFXEditor.uplugin" 734
"../../../Engine/Plugins/Experimental/PCGInterops/PCGNiagaraInterop/PCGNiagaraInterop.uplugin" 735
"../../../Engine/Plugins/Experimental/Animation/Optimus/Optimus.uplugin" 736
"../../../Engine/Plugins/Experimental/Animation/ContextualAnimation/ContextualAnimation.uplugin" 737
"../../../Engine/Plugins/VirtualProduction/CaptureManager/CaptureManagerEditor/CaptureManagerEditor.uplugin" 738
"../../../Engine/Plugins/VirtualProduction/CaptureManager/CaptureManagerCore/CaptureManagerCore.uplugin" 739
"../../../Engine/Plugins/Developer/Concert/ConcertApp/MultiUserClient/MultiUserClient.uplugin" 740
"../../../Engine/Plugins/Developer/Concert/ConcertApp/MultiUserServer/MultiUserServer.uplugin" 741
"../../../Engine/Plugins/Developer/Concert/ConcertInsights/ConcertInsightsServer/ConcertInsightsServer.uplugin" 742
"../../../Engine/Plugins/Developer/Concert/ConcertApp/DisasterRecoveryClient/DisasterRecoveryClient.uplugin" 743
"../../../Engine/Plugins/Experimental/UAF/UAFMirroring/UAFMirroring.uplugin" 744
"../../../Engine/Plugins/Developer/Concert/ConcertInsights/ConcertInsightsClient/ConcertInsightsClient.uplugin" 745
"../../../Engine/Plugins/Developer/Concert/ConcertSync/ConcertSyncServer/ConcertSyncServer.uplugin" 746
"../../../Engine/Plugins/Experimental/MetaHuman/MetaHumanCharacterUAF/MetaHumanCharacterUAF.uplugin" 747
"../../../Engine/Plugins/Developer/Concert/ConcertUI/ConcertClientSharedSlate/ConcertClientSharedSlate.uplugin" 748
"../../../Engine/Plugins/Developer/Concert/ConcertSync/ConcertSyncClient/ConcertSyncClient.uplugin" 749
"../../../Engine/Plugins/VirtualProduction/DMX/DMXPixelMapping/DMXPixelMapping.uplugin" 750
"../../../Engine/Plugins/Developer/Concert/ConcertScripting/ConcertReplicationScripting/ConcertReplicationScripting.uplugin" 751
"../../../Engine/Plugins/Editor/ContentBrowser/ContentBrowserFileDataSource/ContentBrowserFileDataSource.uplugin" 752
"../../../Engine/Plugins/Developer/Concert/ConcertSync/ConcertSyncTest/ConcertSyncTest.uplugin" 753
"../../../Engine/Plugins/Runtime/AR/AppleAR/AppleARKit/AppleARKit.uplugin" 754
"../../../Engine/Plugins/Experimental/Animation/MLDeformer/DetailPoseModel/DetailPoseModel.uplugin" 755
"../../../Engine/Plugins/Experimental/UAF/UAFChooser/UAFChooser.uplugin" 756
"../../../Engine/Plugins/Developer/Concert/ConcertSync/ConcertSyncCore/ConcertSyncCore.uplugin" 757
"../../../Engine/Plugins/Runtime/AR/Google/GoogleARCoreServices/GoogleARCoreServices.uplugin" 758
"../../../Engine/Plugins/VirtualProduction/Rivermax/RivermaxSync/RivermaxSync.uplugin" 759
"../../../Engine/Plugins/Developer/Concert/ConcertInsights/ConcertInsightsCore/ConcertInsightsCore.uplugin" 760
"../../../Engine/Plugins/Experimental/Animation/HierarchyTable/HierarchyTable.uplugin" 761
"../../../Engine/Plugins/VirtualProduction/AvalancheDataLink/AvalancheDataLink.uplugin" 762
"../../../Engine/Plugins/Experimental/AVCodecs/AVCodecsCore/AVCodecsCore.uplugin" 763
"../../../Engine/Plugins/Runtime/PacketHandlers/AESHandlerComponent/AESHandlerComponent.uplugin" 764
"../../../Engine/Plugins/Experimental/Animation/TrajectoryTools/TrajectoryTools.uplugin" 765
"../../../Engine/Plugins/Experimental/UAF/UAFPoseSearch/UAFPoseSearch.uplugin" 766
"../../../Engine/Plugins/Runtime/Database/ADOSupport/ADOSupport.uplugin" 767
"../../../Engine/Plugins/Runtime/PacketHandlers/DTLSHandlerComponent/DTLSHandlerComponent.uplugin" 768
"../../../Engine/Plugins/Experimental/Enterprise/DataprepGeometryOperations/DataprepGeometryOperations.uplugin" 769
"../../../Engine/Plugins/Editor/ContentBrowser/ContentBrowserClassDataSource/ContentBrowserClassDataSource.uplugin" 770
"../../../Engine/Plugins/Experimental/Animation/PackedAttributes/PackedAttributes.uplugin" 771
"../../../Engine/Plugins/Experimental/Animation/RigMapperOp/RigMapperOp.uplugin" 772
"../../../Engine/Plugins/VirtualProduction/CaptureManager/CaptureManagerApp/CaptureManagerApp.uplugin" 773
"../../../Engine/Plugins/Developer/Concert/ConcertInsights/ConcertInsightsVisualizer/ConcertInsightsVisualizer.uplugin" 774
"../../../Engine/Plugins/Runtime/AR/Google/GoogleARCore/GoogleARCore.uplugin" 775
"../../../Engine/Plugins/Experimental/VirtualProduction/VPRoles/VPRoles.uplugin" 776
"../../../Engine/Plugins/Developer/Concert/ConcertUI/ConcertSharedSlate/ConcertSharedSlate.uplugin" 777
"../../../Engine/Plugins/Runtime/AR/AppleAR/AppleARKitFaceSupport/AppleARKitFaceSupport.uplugin" 778
"../../../Engine/Plugins/Experimental/UAF/UAFStateTree/UAFStateTree.uplugin" 779
"../../../Engine/Platforms/Android/Plugins/Animation/ACLPlugin/ACLPlugin_Android.uplugin" 780
"../../../Engine/Platforms/Android/Plugins/Animation/RigLogic/RigLogic_Android.uplugin" 781
"../../../Engine/Platforms/IOS/Plugins/Animation/RigLogic/RigLogic_IOS.uplugin" 782
"../../../Engine/Content/Internationalization/icudt64l/cnvalias.icu" 783
"../../../Engine/Content/Internationalization/icudt64l/res_index.res" 784
"../../../Engine/Content/Internationalization/icudt64l/plurals.res" 785
"../../../Engine/Content/Internationalization/icudt64l/lang/en.res" 786
"../../../Engine/Content/Internationalization/icudt64l/lang/pool.res" 787
"../../../Engine/Content/Internationalization/icudt64l/lang/root.res" 788
"../../../Engine/Content/Internationalization/icudt64l/region/en.res" 789
"../../../Engine/Content/Internationalization/icudt64l/region/pool.res" 790
"../../../Engine/Content/Internationalization/icudt64l/region/root.res" 791
"../../../Engine/Content/Internationalization/icudt64l/windowsZones.res" 792
"../../../Engine/Content/Internationalization/icudt64l/zoneinfo64.res" 793
"../../../Engine/Content/Internationalization/icudt64l/keyTypeData.res" 794
"../../../Engine/Content/Internationalization/icudt64l/timezoneTypes.res" 795
"../../../Engine/Content/Internationalization/icudt64l/likelySubtags.res" 796
"../../../Engine/Content/Internationalization/icudt64l/en_US.res" 797
"../../../Engine/Content/Internationalization/icudt64l/pool.res" 798
"../../../Engine/Content/Internationalization/icudt64l/en.res" 799
"../../../Engine/Content/Internationalization/icudt64l/root.res" 800
"../../../Engine/Content/Internationalization/icudt64l/supplementalData.res" 801
"../../../Engine/Config/ConfigRedirects.ini" 802
"C:/Users/whama/AppData/Local/UnrealEngine/5.7/Saved/Config/WindowsEditor/Manifest.ini" 803
"../../../Engine/Config/BaseEngine.ini" 804
"../../../Engine/Config/Windows/BaseWindowsEngine.ini" 805
"../../../../../../Arcadia/Unreal/Projects/BonkSouls/Config/DefaultEngine.ini" 806
"../../../Engine/Config/BaseGame.ini" 807
"../../../../../../Arcadia/Unreal/Projects/BonkSouls/Config/DefaultGame.ini" 808
"../../../Engine/Config/Windows/WindowsGame.ini" 809
"C:/Arcadia/Unreal/Projects/BonkSouls/Saved/Config/WindowsEditor/Game.ini" 810
"../../../Engine/Config/BaseInput.ini" 811
"../../../Engine/Config/Windows/BaseWindowsInput.ini" 812
"../../../../../../Arcadia/Unreal/Projects/BonkSouls/Config/DefaultInput.ini" 813
"../../../Engine/Config/Windows/WindowsInput.ini" 814
"../../../Engine/Config/BaseDeviceProfiles.ini" 815
"../../../Engine/Config/BaseGameUserSettings.ini" 816
"C:/Arcadia/Unreal/Projects/BonkSouls/Saved/Config/WindowsEditor/GameUserSettings.ini" 817
"../../../Engine/Config/BaseScalability.ini" 818
"../../../Engine/Config/BaseRuntimeOptions.ini" 819
"../../../Engine/Config/BaseInstallBundle.ini" 820
"../../../Engine/Config/BaseHardware.ini" 821
"../../../Engine/Config/BaseCompat.ini" 822
"../../../Engine/Config/BaseLightmass.ini" 823
"../../../Engine/Config/BaseEditor.ini" 824
"../../../../../../Arcadia/Unreal/Projects/BonkSouls/Config/DefaultEditor.ini" 825
"C:/Arcadia/Unreal/Projects/BonkSouls/Saved/Config/WindowsEditor/Editor.ini" 826
"../../../Engine/Config/BaseMaterialExpressions.ini" 827
"../../../Engine/Config/BaseEditorPerProjectUserSettings.ini" 828
"../../../../../../Arcadia/Unreal/Projects/BonkSouls/Config/DefaultEditorPerProjectUserSettings.ini" 829
"../../../Engine/Config/Windows/WindowsEditorPerProjectUserSettings.ini" 830
"C:/Arcadia/Unreal/Projects/BonkSouls/Saved/Config/WindowsEditor/EditorPerProjectUserSettings.ini" 831
"../../../Engine/Config/BaseEditorSettings.ini" 832
"../../../Engine/Config/Windows/WindowsEditorSettings.ini" 833
"C:/Users/whama/AppData/Local/UnrealEngine/5.7/Saved/Config/WindowsEditor/EditorSettings.ini" 834
"../../../Engine/Config/BaseEditorKeyBindings.ini" 835
"C:/Users/whama/AppData/Local/UnrealEngine/5.7/Saved/Config/WindowsEditor/EditorLayout.ini" 836
"../../../../../../Arcadia/Unreal/Projects/BonkSouls/Binaries/Win64/BonkSouls.target" 837
"../../../../../../Arcadia/Unreal/Projects/BonkSouls/Intermediate/CachedAssetRegistryDiscovery.bin" 838
"../../../Engine/Config/IOS/BaseIOSEngine.ini" 839
"../../../Engine/Config/Android/BaseAndroidEngine.ini" 840
"../../../Engine/Platforms/VisionOS/Config/BaseVisionOSEngine.ini" 841
"../../../Engine/Binaries/Win64/BootstrapPackagedGame-Win64-Shipping.target" 842
"../../../Engine/Binaries/Win64/BuildPatchTool-Win64-Shipping.target" 843
"../../../Engine/Config/Mac/BaseMacEngine.ini" 844
"../../../Engine/Binaries/Win64/CrashReportClient-Win64-Shipping.target" 845
"../../../Engine/Config/Unix/UnixEngine.ini" 846
"../../../Engine/Config/Android/AndroidEngine.ini" 847
"../../../Engine/Binaries/Win64/CrashReportClientEditor-Win64-Shipping.target" 848
"../../../Engine/Platforms/VisionOS/Config/VisionOSEngine.ini" 849
"../../../Engine/Config/Linux/BaseLinuxEngine.ini" 850
"../../../Engine/Binaries/Win64/DatasmithCADWorker.target" 851
"../../../Engine/Binaries/Win64/EpicWebHelper-Win64-Shipping.target" 852
"../../../Engine/Binaries/Win64/InterchangeWorker.target" 853
"../../../Engine/Binaries/Win64/LiveCodingConsole.target" 854
"../../../Engine/Binaries/Win64/LiveLinkHub.target" 855
"../../../Engine/Config/Linux/LinuxEngine.ini" 856
"../../../Engine/Config/Android/BaseAndroidGame.ini" 857
"../../../Engine/Config/TVOS/TVOSEngine.ini" 858
"../../../Engine/Config/IOS/BaseIOSGame.ini" 859
"../../../Engine/Config/Mac/MacGame.ini" 860
"../../../Engine/Config/IOS/IOSGame.ini" 861
"../../../Engine/Config/Android/BaseAndroidInput.ini" 862
"../../../Engine/Config/Mac/BaseMacInput.ini" 863
"../../../Engine/Config/Linux/LinuxGame.ini" 864
"../../../Engine/Config/IOS/BaseIOSInput.ini" 865
"../../../Engine/Config/Android/AndroidScalability.ini" 866
"../../../Engine/Config/IOS/IOSScalability.ini" 867
"../../../Engine/Config/Android/BaseAndroidInstallBundle.ini" 868
"../../../Engine/Config/IOS/BaseIOSInstallBundle.ini" 869
"../../../Engine/Binaries/Win64/ShaderCompileWorker.target" 870
"../../../Engine/Binaries/Win64/SwitchboardListener.target" 871
"../../../Engine/Binaries/Win64/SwitchboardListenerHelper.target" 872
"../../../Engine/Binaries/Win64/UnrealEditor-Win64-DebugGame.target" 873
"../../../Engine/Binaries/Win64/UnrealEditor.target" 874
"../../../Engine/Config/PluginBase.ini" 875
"../../../Engine/Plugins/ChaosVD/Config/DefaultChaosVD.ini" 876
"../../../Engine/Plugins/EnhancedInput/Config/BaseEnhancedInput.ini" 877
"../../../Engine/Plugins/Fab/Config/BaseFab.ini" 878
"../../../Engine/Plugins/TraceUtilities/Config/BaseTraceUtilities.ini" 879
"../../../Engine/Plugins/Animation/ControlRig/Config/BaseControlRig.ini" 880
"../../../Engine/Plugins/Animation/DeformerGraph/Config/BaseDeformerGraph.ini" 881
"../../../Engine/Plugins/Animation/IKRig/Config/BaseIKRig.ini" 882
"../../../Engine/Plugins/FX/Niagara/Config/BaseNiagara.ini" 883
"C:/Arcadia/Unreal/Projects/BonkSouls/Saved/Config/WindowsEditor/Niagara.ini" 884
"../../../Engine/Plugins/Interchange/Runtime/Config/BaseInterchange.ini" 885
"../../../Engine/Plugins/Interchange/Assets/Config/BaseInterchangeAssets.ini" 886
"../../../Engine/Plugins/Runtime/GameplayStateTree/Config/BaseGameplayStateTree.ini" 887
"../../../Engine/Plugins/Runtime/HairStrands/Config/BaseHairStrands.ini" 888
"../../../Engine/Plugins/Runtime/Metasound/Config/BaseMetasound.ini" 889
"../../../Engine/Plugins/Runtime/Metasound/Config/DefaultMetasound.ini" 890
"../../../Engine/Plugins/Runtime/PropertyBindingUtils/Config/BasePropertyBindingUtils.ini" 891
"../../../Engine/Plugins/Runtime/RigVM/Config/BaseRigVM.ini" 892
"../../../Engine/Plugins/Runtime/Synthesis/Config/BaseSynthesis.ini" 893
"../../../Engine/Plugins/Runtime/StateTree/Config/BaseStateTree.ini" 894
"../../../Engine/Plugins/Cameras/GameplayCameras/Config/BaseGameplayCameras.ini" 895
"../../../Engine/Plugins/Enterprise/DatasmithContent/Config/BaseDatasmithContent.ini" 896
"../../../Engine/Plugins/Enterprise/VariantManagerContent/Config/BaseVariantManagerContent.ini" 897
"../../../Engine/Plugins/Enterprise/GLTFExporter/Config/BaseGLTFExporter.ini" 898
"../../../Engine/Plugins/Enterprise/GLTFExporter/Config/DefaultGLTFExporter.ini" 899
"../../../Engine/Plugins/Compositing/CompositeCore/Config/BaseCompositeCore.ini" 900
"../../../Engine/Plugins/2D/Paper2D/Config/BasePaper2D.ini" 901
"../../../Engine/Plugins/Editor/EditorScriptingUtilities/Config/BaseEditorScriptingUtilities.ini" 902
"../../../Engine/Plugins/Experimental/FullBodyIK/Config/BaseFullBodyIK.ini" 903
"../../../Engine/Plugins/Experimental/ToolPresets/Config/BaseToolPresets.ini" 904
"../../../Engine/Plugins/MetaHuman/MetaHumanSDK/Config/BaseMetaHumanSDK.ini" 905
"../../../Engine/Plugins/VirtualProduction/Takes/Config/BaseTakes.ini" 906
"../../../Engine/Plugins/ChaosVD/Config/Engine.ini" 907
"../../../Engine/Plugins/EnhancedInput/Config/Input.ini" 908
"../../../Engine/Plugins/Runtime/InputDebugging/Config/Input.ini" 909
"../../../Engine/Plugins/Runtime/Windows/XInputDevice/Config/Input.ini" 910
"../../../Engine/Plugins/Online/OnlineSubsystemUtils/Config/Editor.ini" 911
"../../../Engine/Plugins/Runtime/RigVM/Config/Editor.ini" 912
"../../../Engine/Plugins/NNE/NNEDenoiser/Config/Game.ini" 913
"../../../Engine/Plugins/Editor/ModelingToolsEditorMode/Binaries/Win64/UnrealEditor.modules" 914
"../../../Engine/Plugins/Runtime/MeshModelingToolset/Binaries/Win64/UnrealEditor.modules" 915
"../../../Engine/Plugins/Experimental/MeshModelingToolsetExp/Binaries/Win64/UnrealEditor.modules" 916
"../../../Engine/Plugins/Editor/MeshLODToolset/Binaries/Win64/UnrealEditor.modules" 917
"../../../Engine/Plugins/Experimental/ToolPresets/Binaries/Win64/UnrealEditor.modules" 918
"../../../Engine/Plugins/Editor/StylusInput/Binaries/Win64/UnrealEditor.modules" 919
"../../../Engine/Plugins/Runtime/GeometryProcessing/Binaries/Win64/UnrealEditor.modules" 920
"../../../Engine/Plugins/Editor/ProxyLODPlugin/Binaries/Win64/UnrealEditor.modules" 921
"../../../Engine/Plugins/Experimental/PlanarCutPlugin/Binaries/Win64/UnrealEditor.modules" 922
"../../../Engine/Plugins/Runtime/GeometryCache/Binaries/Win64/UnrealEditor.modules" 923
"../../../Engine/Plugins/Experimental/GeometryFlow/Binaries/Win64/UnrealEditor.modules" 924
"../../../Engine/Plugins/Editor/EditorScriptingUtilities/Binaries/Win64/UnrealEditor.modules" 925
"../../../Engine/Plugins/FX/Niagara/Binaries/Win64/UnrealEditor.modules" 926
"../../../Engine/Plugins/Experimental/PythonScriptPlugin/Binaries/Win64/UnrealEditor.modules" 927
"../../../Engine/Plugins/Editor/ContentBrowser/ContentBrowserFileDataSource/Binaries/Win64/UnrealEditor.modules" 928
"../../../Engine/Plugins/Runtime/GameplayStateTree/Binaries/Win64/UnrealEditor.modules" 929
"../../../Engine/Plugins/Runtime/StateTree/Binaries/Win64/UnrealEditor.modules" 930
"../../../Engine/Plugins/Animation/GameplayInsights/Binaries/Win64/UnrealEditor.modules" 931
"../../../Engine/Plugins/Runtime/PropertyAccess/Binaries/Win64/UnrealEditor.modules" 932
"../../../Engine/Plugins/Runtime/PropertyBindingUtils/Binaries/Win64/UnrealEditor.modules" 933
"../../../Engine/Plugins/AudioInsights/Binaries/Win64/UnrealEditor.modules" 934
"../../../Engine/Plugins/Runtime/AudioWidgets/Binaries/Win64/UnrealEditor.modules" 935
"../../../Engine/Plugins/Runtime/AudioSynesthesia/Binaries/Win64/UnrealEditor.modules" 936
"../../../Engine/Plugins/Bridge/Binaries/Win64/UnrealEditor.modules" 937
"../../../Engine/Plugins/MetaHuman/MetaHumanSDK/Binaries/Win64/UnrealEditor.modules" 938
"../../../Engine/Plugins/Animation/ControlRig/Binaries/Win64/UnrealEditor.modules" 939
"../../../Engine/Plugins/Runtime/HairStrands/Binaries/Win64/UnrealEditor.modules" 940
"../../../Engine/Plugins/Animation/RigLogic/Binaries/Win64/UnrealEditor.modules" 941
"../../../Engine/Plugins/Interchange/Runtime/Binaries/Win64/UnrealEditor.modules" 942
"../../../Engine/Plugins/Online/EOSShared/Binaries/Win64/UnrealEditor.modules" 943
"../../../Engine/Plugins/Runtime/RigVM/Binaries/Win64/UnrealEditor.modules" 944
"../../../Engine/Plugins/MovieScene/LevelSequenceEditor/Binaries/Win64/UnrealEditor.modules" 945
"../../../Engine/Plugins/MovieScene/SequencerScripting/Binaries/Win64/UnrealEditor.modules" 946
"../../../Engine/Plugins/Animation/TweeningUtils/Binaries/Win64/UnrealEditor.modules" 947
"../../../Engine/Plugins/Animation/DeformerGraph/Binaries/Win64/UnrealEditor.modules" 948
"../../../Engine/Plugins/Experimental/Dataflow/Binaries/Win64/UnrealEditor.modules" 949
"../../../Engine/Plugins/Runtime/ComputeFramework/Binaries/Win64/UnrealEditor.modules" 950
"../../../Engine/Plugins/Enterprise/VariantManagerContent/Binaries/Win64/UnrealEditor.modules" 951
"../../../Engine/Plugins/Enterprise/VariantManager/Binaries/Win64/UnrealEditor.modules" 952
"../../../Engine/Plugins/Interchange/Assets/Binaries/Win64/UnrealEditor.modules" 953
"../../../Engine/Plugins/Experimental/CharacterFXEditor/BaseCharacterFXEditor/Binaries/Win64/UnrealEditor.modules" 954
"../../../Engine/Plugins/Runtime/ProceduralMeshComponent/Binaries/Win64/UnrealEditor.modules" 955
"../../../Engine/Plugins/Experimental/ChaosCaching/Binaries/Win64/UnrealEditor.modules" 956
"../../../Engine/Plugins/Experimental/EditorDataStorage/Binaries/Win64/UnrealEditor.modules" 957
"../../../Engine/Plugins/Experimental/EditorDataStorageFeatures/Binaries/Win64/UnrealEditor.modules" 958
"../../../Engine/Plugins/Animation/SkeletalMeshModelingTools/Binaries/Win64/UnrealEditor.modules" 959
"../../../Engine/Plugins/VirtualProduction/Takes/Binaries/Win64/UnrealEditor.modules" 960
"../../../Engine/Plugins/Runtime/AudioCapture/Binaries/Win64/UnrealEditor.modules" 961
"../../../Engine/Plugins/Developer/NamingTokens/Binaries/Win64/UnrealEditor.modules" 962
"../../../Engine/Plugins/Editor/EngineAssetDefinitions/Binaries/Win64/UnrealEditor.modules" 963
"../../../Engine/Plugins/ChaosCloth/Binaries/Win64/UnrealEditor.modules" 964
"../../../Engine/Plugins/ChaosVD/Binaries/Win64/UnrealEditor.modules" 965
"../../../Engine/Plugins/ChaosInsights/Binaries/Win64/UnrealEditor.modules" 966
"../../../Engine/Plugins/CmdLinkServer/Binaries/Win64/UnrealEditor.modules" 967
"../../../Engine/Plugins/EnhancedInput/Binaries/Win64/UnrealEditor.modules" 968
"../../../Engine/Plugins/Editor/DataValidation/Binaries/Win64/UnrealEditor.modules" 969
"../../../Engine/Plugins/Fab/Binaries/Win64/UnrealEditor.modules" 970
"../../../Engine/Plugins/IoStoreInsights/Binaries/Win64/UnrealEditor.modules" 971
"../../../Engine/Plugins/MassInsights/Binaries/Win64/UnrealEditor.modules" 972
"../../../Engine/Plugins/MeshPainting/Binaries/Win64/UnrealEditor.modules" 973
"../../../Engine/Plugins/Interchange/Editor/Binaries/Win64/UnrealEditor.modules" 974
"../../../Engine/Plugins/RenderGraphInsights/Binaries/Win64/UnrealEditor.modules" 975
"../../../Engine/Plugins/TraceUtilities/Binaries/Win64/UnrealEditor.modules" 976
"../../../Engine/Plugins/UbaController/Binaries/Win64/UnrealEditor.modules" 977
"../../../Engine/Plugins/WorldMetrics/Binaries/Win64/UnrealEditor.modules" 978
"../../../Engine/Plugins/XGEController/Binaries/Win64/UnrealEditor.modules" 979
"../../../Engine/Plugins/Animation/ACLPlugin/Binaries/Win64/UnrealEditor.modules" 980
"../../../Engine/Plugins/Animation/AnimationData/Binaries/Win64/UnrealEditor.modules" 981
"../../../Engine/Plugins/Animation/AnimationModifierLibrary/Binaries/Win64/UnrealEditor.modules" 982
"../../../Engine/Plugins/Animation/BlendSpaceMotionAnalysis/Binaries/Win64/UnrealEditor.modules" 983
"../../../Engine/Plugins/Animation/ControlRigSpline/Binaries/Win64/UnrealEditor.modules" 984
"../../../Engine/Plugins/Animation/EaseCurveTool/Binaries/Win64/UnrealEditor.modules" 985
"../../../Engine/Plugins/Animation/IKRig/Binaries/Win64/UnrealEditor.modules" 986
"../../../Engine/Plugins/Experimental/FullBodyIK/Binaries/Win64/UnrealEditor.modules" 987
"../../../Engine/Plugins/Developer/AnimationSharing/Binaries/Win64/UnrealEditor.modules" 988
"../../../Engine/Plugins/Runtime/SignificanceManager/Binaries/Win64/UnrealEditor.modules" 989
"../../../Engine/Plugins/Developer/CLionSourceCodeAccess/Binaries/Win64/UnrealEditor.modules" 990
"../../../Engine/Plugins/Developer/DumpGPUServices/Binaries/Win64/UnrealEditor.modules" 991
"../../../Engine/Plugins/Developer/GitSourceControl/Binaries/Win64/UnrealEditor.modules" 992
"../../../Engine/Plugins/Developer/GPUReshape/Binaries/Win64/UnrealEditor.modules" 993
"../../../Engine/Plugins/Developer/N10XSourceCodeAccess/Binaries/Win64/UnrealEditor.modules" 994
"../../../Engine/Plugins/Developer/PerforceSourceControl/Binaries/Win64/UnrealEditor.modules" 995
"../../../Engine/Plugins/Developer/PixWinPlugin/Binaries/Win64/UnrealEditor.modules" 996
"../../../Engine/Plugins/Developer/PlasticSourceControl/Binaries/Win64/UnrealEditor.modules" 997
"../../../Engine/Plugins/Developer/PluginUtils/Binaries/Win64/UnrealEditor.modules" 998
"../../../Engine/Plugins/Developer/PropertyAccessNode/Binaries/Win64/UnrealEditor.modules" 999
"../../../Engine/Plugins/Developer/RiderSourceCodeAccess/Binaries/Win64/UnrealEditor.modules" 1000
"../../../Engine/Plugins/Developer/ProjectLauncher/Binaries/Win64/UnrealEditor.modules" 1001
"../../../Engine/Plugins/Developer/TextureFormatOodle/Binaries/Win64/UnrealEditor.modules" 1002
"../../../Engine/Plugins/Developer/SubversionSourceControl/Binaries/Win64/UnrealEditor.modules" 1003
"../../../Engine/Plugins/Developer/RenderDocPlugin/Binaries/Win64/UnrealEditor.modules" 1004
"../../../Engine/Plugins/Developer/UObjectPlugin/Binaries/Win64/UnrealEditor.modules" 1005
"../../../Engine/Plugins/Developer/VisualStudioCodeSourceCodeAccess/Binaries/Win64/UnrealEditor.modules" 1006
"../../../Engine/Plugins/Developer/VisualStudioSourceCodeAccess/Binaries/Win64/UnrealEditor.modules" 1007
"../../../Engine/Plugins/FX/Cascade/Binaries/Win64/UnrealEditor.modules" 1008
"../../../Engine/Plugins/FX/NiagaraPreviewContent/Binaries/Win64/UnrealEditor.modules" 1009
"../../../Engine/Plugins/FX/NiagaraSimCaching/Binaries/Win64/UnrealEditor.modules" 1010
"../../../Engine/Plugins/Messaging/UdpMessaging/Binaries/Win64/UnrealEditor.modules" 1011
"../../../Engine/Plugins/Messaging/TcpMessaging/Binaries/Win64/UnrealEditor.modules" 1012
"../../../Engine/Plugins/Online/OnlineBase/Binaries/Win64/UnrealEditor.modules" 1013
"../../../Engine/Plugins/Online/OnlineSubsystem/Binaries/Win64/UnrealEditor.modules" 1014
"../../../Engine/Plugins/Online/OnlineSubsystemNull/Binaries/Win64/UnrealEditor.modules" 1015
"../../../Engine/Plugins/Online/OnlineSubsystemUtils/Binaries/Win64/UnrealEditor.modules" 1016
"../../../Engine/Plugins/Online/OnlineServices/Binaries/Win64/UnrealEditor.modules" 1017
"../../../Engine/Plugins/Runtime/ActorLayerUtilities/Binaries/Win64/UnrealEditor.modules" 1018
"../../../Engine/Plugins/Runtime/AndroidDeviceProfileSelector/Binaries/Win64/UnrealEditor.modules" 1019
"../../../Engine/Plugins/Runtime/AndroidFileServer/Binaries/Win64/UnrealEditor.modules" 1020
"../../../Engine/Plugins/Runtime/AndroidPermission/Binaries/Win64/UnrealEditor.modules" 1021
"../../../Engine/Plugins/Runtime/ArchVisCharacter/Binaries/Win64/UnrealEditor.modules" 1022
"../../../Engine/Plugins/Runtime/AssetTags/Binaries/Win64/UnrealEditor.modules" 1023
"../../../Engine/Plugins/Runtime/AppleImageUtils/Binaries/Win64/UnrealEditor.modules" 1024
"../../../Engine/Plugins/Runtime/CableComponent/Binaries/Win64/UnrealEditor.modules" 1025
"../../../Engine/Plugins/Runtime/ChunkDownloader/Binaries/Win64/UnrealEditor.modules" 1026
"../../../Engine/Plugins/Runtime/CustomMeshComponent/Binaries/Win64/UnrealEditor.modules" 1027
"../../../Engine/Plugins/Runtime/ExampleDeviceProfileSelector/Binaries/Win64/UnrealEditor.modules" 1028
"../../../Engine/Plugins/Runtime/GooglePAD/Binaries/Win64/UnrealEditor.modules" 1029
"../../../Engine/Plugins/Runtime/InputDebugging/Binaries/Win64/UnrealEditor.modules" 1030
"../../../Engine/Plugins/Runtime/LocationServicesBPLibrary/Binaries/Win64/UnrealEditor.modules" 1031
"../../../Engine/Plugins/Runtime/Metasound/Binaries/Win64/UnrealEditor.modules" 1032
"../../../Engine/Plugins/Editor/ContentBrowser/ContentBrowserAssetDataSource/Binaries/Win64/UnrealEditor.modules" 1033
"../../../Engine/Plugins/Runtime/WaveTable/Binaries/Win64/UnrealEditor.modules" 1034
"../../../Engine/Plugins/Runtime/MsQuic/Binaries/Win64/UnrealEditor.modules" 1035
"../../../Engine/Plugins/Runtime/MobilePatchingUtils/Binaries/Win64/UnrealEditor.modules" 1036
"../../../Engine/Plugins/Runtime/ResonanceAudio/Binaries/Win64/UnrealEditor.modules" 1037
"../../../Engine/Plugins/Runtime/SoundFields/Binaries/Win64/UnrealEditor.modules" 1038
"../../../Engine/Plugins/Runtime/Synthesis/Binaries/Win64/UnrealEditor.modules" 1039
"../../../Engine/Plugins/Runtime/WebMMoviePlayer/Binaries/Win64/UnrealEditor.modules" 1040
"../../../Engine/Plugins/Media/WebMMedia/Binaries/Win64/UnrealEditor.modules" 1041
"../../../Engine/Plugins/Runtime/WindowsDeviceProfileSelector/Binaries/Win64/UnrealEditor.modules" 1042
"../../../Engine/Plugins/Runtime/WindowsMoviePlayer/Binaries/Win64/UnrealEditor.modules" 1043
"../../../Engine/Plugins/Cameras/CameraShakePreviewer/Binaries/Win64/UnrealEditor.modules" 1044
"../../../Engine/Plugins/Cameras/GameplayCameras/Binaries/Win64/UnrealEditor.modules" 1045
"../../../Engine/Plugins/MovieScene/TemplateSequence/Binaries/Win64/UnrealEditor.modules" 1046
"../../../Engine/Plugins/Cameras/EngineCameras/Binaries/Win64/UnrealEditor.modules" 1047
"../../../Engine/Plugins/Compression/OodleNetwork/Binaries/Win64/UnrealEditor.modules" 1048
"../../../Engine/Plugins/Enterprise/DatasmithContent/Binaries/Win64/UnrealEditor.modules" 1049
"../../../Engine/Plugins/Importers/AlembicImporter/Binaries/Win64/UnrealEditor.modules" 1050
"../../../Engine/Plugins/Media/AndroidMedia/Binaries/Win64/UnrealEditor.modules" 1051
"../../../Engine/Plugins/Enterprise/GLTFExporter/Binaries/Win64/UnrealEditor.modules" 1052
"../../../Engine/Plugins/Media/AvfMedia/Binaries/Win64/UnrealEditor.modules" 1053
"../../../Engine/Plugins/Media/ImgMedia/Binaries/Win64/UnrealEditor.modules" 1054
"../../../Engine/Plugins/Media/MediaPlayerEditor/Binaries/Win64/UnrealEditor.modules" 1055
"../../../Engine/Plugins/Media/MediaCompositing/Binaries/Win64/UnrealEditor.modules" 1056
"../../../Engine/Plugins/Media/MediaPlate/Binaries/Win64/UnrealEditor.modules" 1057
"../../../Engine/Plugins/Compositing/CompositeCore/Binaries/Win64/UnrealEditor.modules" 1058
"../../../Engine/Plugins/Media/WmfMedia/Binaries/Win64/UnrealEditor.modules" 1059
"../../../Engine/Plugins/MovieScene/SequenceValidator/Binaries/Win64/UnrealEditor.modules" 1060
"../../../Engine/Plugins/NNE/NNEDenoiser/Binaries/Win64/UnrealEditor.modules" 1061
"../../../Engine/Plugins/NNE/NNERuntimeORT/Binaries/Win64/UnrealEditor.modules" 1062
"../../../Engine/Plugins/MovieScene/ActorSequence/Binaries/Win64/UnrealEditor.modules" 1063
"../../../Engine/Plugins/Portal/LauncherChunkInstaller/Binaries/Win64/UnrealEditor.modules" 1064
"../../../Engine/Plugins/AI/AISupport/Binaries/Win64/UnrealEditor.modules" 1065
"../../../Engine/Plugins/AI/EnvironmentQueryEditor/Binaries/Win64/UnrealEditor.modules" 1066
"../../../Engine/Plugins/2D/Paper2D/Binaries/Win64/UnrealEditor.modules" 1067
"../../../Engine/Plugins/Editor/AssetManagerEditor/Binaries/Win64/UnrealEditor.modules" 1068
"../../../Engine/Plugins/Editor/BlueprintHeaderView/Binaries/Win64/UnrealEditor.modules" 1069
"../../../Engine/Plugins/Editor/CurveEditorTools/Binaries/Win64/UnrealEditor.modules" 1070
"../../../Engine/Plugins/Editor/CryptoKeys/Binaries/Win64/UnrealEditor.modules" 1071
"../../../Engine/Plugins/Editor/ColorGrading/Binaries/Win64/UnrealEditor.modules" 1072
"../../../Engine/Plugins/Editor/ObjectMixer/ObjectMixer/Binaries/Win64/UnrealEditor.modules" 1073
"../../../Engine/Plugins/Editor/EditorDebugTools/Binaries/Win64/UnrealEditor.modules" 1074
"../../../Engine/Plugins/Editor/ChangelistReview/Binaries/Win64/UnrealEditor.modules" 1075
"../../../Engine/Plugins/Editor/FacialAnimation/Binaries/Win64/UnrealEditor.modules" 1076
"../../../Engine/Plugins/Editor/GameplayTagsEditor/Binaries/Win64/UnrealEditor.modules" 1077
"../../../Engine/Plugins/Editor/GeometryMode/Binaries/Win64/UnrealEditor.modules" 1078
"../../../Engine/Plugins/Editor/MaterialAnalyzer/Binaries/Win64/UnrealEditor.modules" 1079
"../../../Engine/Plugins/Editor/MobileLauncherProfileWizard/Binaries/Win64/UnrealEditor.modules" 1080
"../../../Engine/Plugins/Editor/PluginBrowser/Binaries/Win64/UnrealEditor.modules" 1081
"../../../Engine/Plugins/Editor/UMGWidgetPreview/Binaries/Win64/UnrealEditor.modules" 1082
"../../../Engine/Plugins/Editor/SequencerAnimTools/Binaries/Win64/UnrealEditor.modules" 1083
"../../../Engine/Plugins/Editor/SpeedTreeImporter/Binaries/Win64/UnrealEditor.modules" 1084
"../../../Engine/Plugins/Experimental/AdvancedRenamer/Binaries/Win64/UnrealEditor.modules" 1085
"../../../Engine/Plugins/Editor/WorldPartitionHLODUtilities/Binaries/Win64/UnrealEditor.modules" 1086
"../../../Engine/Plugins/Experimental/AutomationUtils/Binaries/Win64/UnrealEditor.modules" 1087
"../../../Engine/Plugins/Editor/UVEditor/Binaries/Win64/UnrealEditor.modules" 1088
"../../../Engine/Plugins/Experimental/ChaosEditor/Binaries/Win64/UnrealEditor.modules" 1089
"../../../Engine/Plugins/Experimental/GeometryCollectionPlugin/Binaries/Win64/UnrealEditor.modules" 1090
"../../../Engine/Plugins/Experimental/Fracture/Binaries/Win64/UnrealEditor.modules" 1091
"../../../Engine/Plugins/Experimental/ChaosSolverPlugin/Binaries/Win64/UnrealEditor.modules" 1092
"../../../Engine/Plugins/Experimental/GeometryDataflow/Binaries/Win64/UnrealEditor.modules" 1093
"../../../Engine/Plugins/Experimental/BackChannel/Binaries/Win64/UnrealEditor.modules" 1094
"../../../Engine/Plugins/Experimental/ChaosNiagara/Binaries/Win64/UnrealEditor.modules" 1095
"../../../Engine/Plugins/Experimental/CharacterAI/Binaries/Win64/UnrealEditor.modules" 1096
"../../../Engine/Plugins/Experimental/ChaosUserDataPT/Binaries/Win64/UnrealEditor.modules" 1097
"../../../Engine/Plugins/Experimental/EditorTelemetry/Binaries/Win64/UnrealEditor.modules" 1098
"../../../Engine/Plugins/Experimental/GlobalConfigurationData/Binaries/Win64/UnrealEditor.modules" 1099
"../../../Engine/Plugins/Experimental/EditorPerformance/Binaries/Win64/UnrealEditor.modules" 1100
"../../../Engine/Plugins/Experimental/LevelSequenceNavigatorBridge/Binaries/Win64/UnrealEditor.modules" 1101
"../../../Engine/Plugins/Experimental/SequenceNavigator/Binaries/Win64/UnrealEditor.modules" 1102
"../../../Engine/Plugins/Experimental/LocalizableMessage/Binaries/Win64/UnrealEditor.modules" 1103
"../../../Engine/Plugins/Experimental/NFORDenoise/Binaries/Win64/UnrealEditor.modules" 1104
"../../../Engine/Plugins/Experimental/PlatformCrypto/Binaries/Win64/UnrealEditor.modules" 1105
"../../../Engine/Plugins/Experimental/SkeletalReduction/Binaries/Win64/UnrealEditor.modules" 1106
"../../../Engine/Plugins/Experimental/RuntimeTelemetry/Binaries/Win64/UnrealEditor.modules" 1107
"../../../Engine/Plugins/Tests/InterchangeTests/Binaries/Win64/UnrealEditor.modules" 1108
"../../../Engine/Plugins/Editor/ObjectMixer/LightMixer/Binaries/Win64/UnrealEditor.modules" 1109
"../../../Engine/Plugins/Runtime/Windows/XInputDevice/Binaries/Win64/UnrealEditor.modules" 1110
"../../../Engine/Plugins/Editor/ContentBrowser/ContentBrowserClassDataSource/Binaries/Win64/UnrealEditor.modules" 1111
"../../../Engine/Plugins/Editor/Localization/PortableObjectFileDataSource/Binaries/Win64/UnrealEditor.modules" 1112
"../../../Engine/Config/BaseSourceControlSettings.ini" 1113
"C:/Users/whama/AppData/Local/UnrealEngine/5.7/Saved/Config/WindowsEditor/SourceControlSettings.ini" 1114
"../../../Engine/Content/Internationalization/icudt64l/coll/ucadata.icu" 1115
"../../../Engine/Content/Internationalization/icudt64l/coll/en_US.res" 1116
"../../../Engine/Content/Internationalization/icudt64l/coll/en.res" 1117
"../../../Engine/Content/Internationalization/icudt64l/coll/root.res" 1118
"../../../Engine/Content/Certificates/ThirdParty/cacert.pem" 1119
"../../../Engine/Config/ConsoleVariables.ini" 1120
"../../../Engine/Binaries/Win64/Android/UnrealEditor.modules" 1121
"../../../Engine/Binaries/Win64/IOS/UnrealEditor.modules" 1122
"../../../Engine/Binaries/Win64/Linux/UnrealEditor.modules" 1123
"../../../Engine/Content/Localization/Editor/en/Editor.locres" 1124
"../../../Engine/Content/Localization/Keywords/en/Keywords.locres" 1125
"../../../Engine/Content/Localization/Category/en/Category.locres" 1126
"../../../Engine/Content/Localization/ToolTips/en/ToolTips.locres" 1127
"../../../Engine/Content/Localization/PropertyNames/en/PropertyNames.locres" 1128
"../../../Engine/Content/Localization/Engine/en/Engine.locres" 1129
"../../../Engine/Plugins/Online/OnlineSubsystem/Content/Localization/OnlineSubsystem/en/OnlineSubsystem.locres" 1130
"../../../Engine/Plugins/Online/OnlineSubsystemUtils/Content/Localization/OnlineSubsystemUtils/en/OnlineSubsystemUtils.locres" 1131
"../../../Engine/Plugins/MetaHuman/MetaHumanSDK/Content/Localization/MetaHumanSDK/en/MetaHumanSDK.locres" 1132
"../../../Engine/Plugins/MetaHuman/MetaHumanSDK/Content/Localization/MetaHumanSDK_Properties/en/MetaHumanSDK_Properties.locres" 1133
"../../../Engine/Plugins/MetaHuman/MetaHumanSDK/Content/Localization/MetaHumanSDK_Tooltips/en/MetaHumanSDK_Tooltips.locres" 1134
"../../../Engine/Plugins/Online/IOS/OnlineSubsystemIOS/Content/Localization/OnlineSubsystemIOS/en/OnlineSubsystemIOS.locres" 1135
"../../../Engine/Plugins/Online/Android/OnlineSubsystemGooglePlay/Content/Localization/OnlineSubsystemGooglePlay/en/OnlineSubsystemGooglePlay.locres" 1136
"../../../Engine/Content/Internationalization/icudt64l/numberingSystems.res" 1137
"../../../Engine/Content/Internationalization/icudt64l/curr/supplementalData.res" 1138
"../../../Engine/Content/Internationalization/icudt64l/curr/en.res" 1139
"../../../Engine/Content/Internationalization/icudt64l/curr/pool.res" 1140
"../../../Engine/Content/Internationalization/icudt64l/curr/root.res" 1141
"../../../Engine/Content/Internationalization/icudt64l/lang/af.res" 1142
"../../../Engine/Content/Internationalization/icudt64l/region/af.res" 1143
"../../../Engine/Content/Internationalization/icudt64l/lang/agq.res" 1144
"../../../Engine/Content/Internationalization/icudt64l/region/agq.res" 1145
"../../../Engine/Content/Internationalization/icudt64l/lang/ak.res" 1146
"../../../Engine/Content/Internationalization/icudt64l/region/ak.res" 1147
"../../../Engine/Content/Internationalization/icudt64l/lang/am.res" 1148
"../../../Engine/Content/Internationalization/icudt64l/region/am.res" 1149
"../../../Engine/Content/Internationalization/icudt64l/lang/ar.res" 1150
"../../../Engine/Content/Internationalization/icudt64l/region/ar.res" 1151
"../../../Engine/Content/Internationalization/icudt64l/region/ar_AE.res" 1152
"../../../Engine/Content/Internationalization/icudt64l/lang/ar_EG.res" 1153
"../../../Engine/Content/Internationalization/icudt64l/lang/ar_LY.res" 1154
"../../../Engine/Content/Internationalization/icudt64l/region/ar_LY.res" 1155
"../../../Engine/Content/Internationalization/icudt64l/lang/ar_SA.res" 1156
"../../../Engine/Content/Internationalization/icudt64l/region/ar_SA.res" 1157
"../../../Engine/Content/Internationalization/icudt64l/lang/as.res" 1158
"../../../Engine/Content/Internationalization/icudt64l/region/as.res" 1159
"../../../Engine/Content/Internationalization/icudt64l/lang/asa.res" 1160
"../../../Engine/Content/Internationalization/icudt64l/region/asa.res" 1161
"../../../Engine/Content/Internationalization/icudt64l/lang/ast.res" 1162
"../../../Engine/Content/Internationalization/icudt64l/region/ast.res" 1163
"../../../Engine/Content/Internationalization/icudt64l/lang/az.res" 1164
"../../../Engine/Content/Internationalization/icudt64l/lang/az_Cyrl.res" 1165
"../../../Engine/Content/Internationalization/icudt64l/lang/az_AZ.res" 1166
"../../../Engine/Content/Internationalization/icudt64l/lang/az_Latn_AZ.res" 1167
"../../../Engine/Content/Internationalization/icudt64l/lang/az_Latn.res" 1168
"../../../Engine/Content/Internationalization/icudt64l/region/az_AZ.res" 1169
"../../../Engine/Content/Internationalization/icudt64l/region/az_Latn_AZ.res" 1170
"../../../Engine/Content/Internationalization/icudt64l/region/az_Latn.res" 1171
"../../../Engine/Content/Internationalization/icudt64l/region/az.res" 1172
"../../../Engine/Content/Internationalization/icudt64l/region/az_Cyrl.res" 1173
"../../../Engine/Content/Internationalization/icudt64l/lang/bas.res" 1174
"../../../Engine/Content/Internationalization/icudt64l/region/bas.res" 1175
"../../../Engine/Content/Internationalization/icudt64l/lang/be.res" 1176
"../../../Engine/Content/Internationalization/icudt64l/region/be.res" 1177
"../../../Engine/Content/Internationalization/icudt64l/lang/bem.res" 1178
"../../../Engine/Content/Internationalization/icudt64l/region/bem.res" 1179
"../../../Engine/Content/Internationalization/icudt64l/lang/bez.res" 1180
"../../../Engine/Content/Internationalization/icudt64l/region/bez.res" 1181
"../../../Engine/Content/Internationalization/icudt64l/lang/bg.res" 1182
"../../../Engine/Content/Internationalization/icudt64l/region/bg.res" 1183
"../../../Engine/Content/Internationalization/icudt64l/lang/bm.res" 1184
"../../../Engine/Content/Internationalization/icudt64l/region/bm.res" 1185
"../../../Engine/Content/Internationalization/icudt64l/lang/bn.res" 1186
"../../../Engine/Content/Internationalization/icudt64l/region/bn.res" 1187
"../../../Engine/Content/Internationalization/icudt64l/lang/bn_IN.res" 1188
"../../../Engine/Content/Internationalization/icudt64l/region/bn_IN.res" 1189
"../../../Engine/Content/Internationalization/icudt64l/lang/bo.res" 1190
"../../../Engine/Content/Internationalization/icudt64l/region/bo.res" 1191
"../../../Engine/Content/Internationalization/icudt64l/region/bo_IN.res" 1192
"../../../Engine/Content/Internationalization/icudt64l/lang/br.res" 1193
"../../../Engine/Content/Internationalization/icudt64l/region/br.res" 1194
"../../../Engine/Content/Internationalization/icudt64l/lang/brx.res" 1195
"../../../Engine/Content/Internationalization/icudt64l/region/brx.res" 1196
"../../../Engine/Content/Internationalization/icudt64l/lang/bs.res" 1197
"../../../Engine/Content/Internationalization/icudt64l/lang/bs_Cyrl.res" 1198
"../../../Engine/Content/Internationalization/icudt64l/lang/bs_BA.res" 1199
"../../../Engine/Content/Internationalization/icudt64l/lang/bs_Latn_BA.res" 1200
"../../../Engine/Content/Internationalization/icudt64l/lang/bs_Latn.res" 1201
"../../../Engine/Content/Internationalization/icudt64l/region/bs_BA.res" 1202
"../../../Engine/Content/Internationalization/icudt64l/region/bs_Latn_BA.res" 1203
"../../../Engine/Content/Internationalization/icudt64l/region/bs_Latn.res" 1204
"../../../Engine/Content/Internationalization/icudt64l/region/bs.res" 1205
"../../../Engine/Content/Internationalization/icudt64l/region/bs_Cyrl.res" 1206
"../../../Engine/Content/Internationalization/icudt64l/lang/ca.res" 1207
"../../../Engine/Content/Internationalization/icudt64l/region/ca.res" 1208
"../../../Engine/Content/Internationalization/icudt64l/lang/ccp.res" 1209
"../../../Engine/Content/Internationalization/icudt64l/region/ccp.res" 1210
"../../../Engine/Content/Internationalization/icudt64l/lang/ce.res" 1211
"../../../Engine/Content/Internationalization/icudt64l/region/ce.res" 1212
"../../../Engine/Content/Internationalization/icudt64l/lang/ceb.res" 1213
"../../../Engine/Content/Internationalization/icudt64l/region/ceb.res" 1214
"../../../Engine/Content/Internationalization/icudt64l/lang/cgg.res" 1215
"../../../Engine/Content/Internationalization/icudt64l/region/cgg.res" 1216
"../../../Engine/Content/Internationalization/icudt64l/lang/chr.res" 1217
"../../../Engine/Content/Internationalization/icudt64l/region/chr.res" 1218
"../../../Engine/Content/Internationalization/icudt64l/lang/ckb.res" 1219
"../../../Engine/Content/Internationalization/icudt64l/region/ckb.res" 1220
"../../../Engine/Content/Internationalization/icudt64l/lang/cs.res" 1221
"../../../Engine/Content/Internationalization/icudt64l/region/cs.res" 1222
"../../../Engine/Content/Internationalization/icudt64l/lang/cy.res" 1223
"../../../Engine/Content/Internationalization/icudt64l/region/cy.res" 1224
"../../../Engine/Content/Internationalization/icudt64l/lang/da.res" 1225
"../../../Engine/Content/Internationalization/icudt64l/region/da.res" 1226
"../../../Engine/Content/Internationalization/icudt64l/lang/dav.res" 1227
"../../../Engine/Content/Internationalization/icudt64l/region/dav.res" 1228
"../../../Engine/Content/Internationalization/icudt64l/lang/de.res" 1229
"../../../Engine/Content/Internationalization/icudt64l/lang/de_AT.res" 1230
"../../../Engine/Content/Internationalization/icudt64l/region/de_AT.res" 1231
"../../../Engine/Content/Internationalization/icudt64l/region/de.res" 1232
"../../../Engine/Content/Internationalization/icudt64l/lang/de_CH.res" 1233
"../../../Engine/Content/Internationalization/icudt64l/region/de_CH.res" 1234
"../../../Engine/Content/Internationalization/icudt64l/lang/de_LU.res" 1235
"../../../Engine/Content/Internationalization/icudt64l/lang/dje.res" 1236
"../../../Engine/Content/Internationalization/icudt64l/region/dje.res" 1237
"../../../Engine/Content/Internationalization/icudt64l/lang/dsb.res" 1238
"../../../Engine/Content/Internationalization/icudt64l/region/dsb.res" 1239
"../../../Engine/Content/Internationalization/icudt64l/lang/dua.res" 1240
"../../../Engine/Content/Internationalization/icudt64l/region/dua.res" 1241
"../../../Engine/Content/Internationalization/icudt64l/lang/dyo.res" 1242
"../../../Engine/Content/Internationalization/icudt64l/region/dyo.res" 1243
"../../../Engine/Content/Internationalization/icudt64l/lang/dz.res" 1244
"../../../Engine/Content/Internationalization/icudt64l/region/dz.res" 1245
"../../../Engine/Content/Internationalization/icudt64l/lang/ebu.res" 1246
"../../../Engine/Content/Internationalization/icudt64l/region/ebu.res" 1247
"../../../Engine/Content/Internationalization/icudt64l/lang/ee.res" 1248
"../../../Engine/Content/Internationalization/icudt64l/region/ee.res" 1249
"../../../Engine/Content/Internationalization/icudt64l/lang/el.res" 1250
"../../../Engine/Content/Internationalization/icudt64l/region/el.res" 1251
"../../../Engine/Content/Internationalization/icudt64l/lang/en_001.res" 1252
"../../../Engine/Content/Internationalization/icudt64l/lang/en_150.res" 1253
"../../../Engine/Content/Internationalization/icudt64l/region/en_150.res" 1254
"../../../Engine/Content/Internationalization/icudt64l/lang/en_AG.res" 1255
"../../../Engine/Content/Internationalization/icudt64l/region/en_AG.res" 1256
"../../../Engine/Content/Internationalization/icudt64l/lang/en_AI.res" 1257
"../../../Engine/Content/Internationalization/icudt64l/region/en_AI.res" 1258
"../../../Engine/Content/Internationalization/icudt64l/lang/en_AT.res" 1259
"../../../Engine/Content/Internationalization/icudt64l/region/en_AT.res" 1260
"../../../Engine/Content/Internationalization/icudt64l/lang/en_AU.res" 1261
"../../../Engine/Content/Internationalization/icudt64l/region/en_AU.res" 1262
"../../../Engine/Content/Internationalization/icudt64l/lang/en_BB.res" 1263
"../../../Engine/Content/Internationalization/icudt64l/region/en_BB.res" 1264
"../../../Engine/Content/Internationalization/icudt64l/lang/en_BE.res" 1265
"../../../Engine/Content/Internationalization/icudt64l/region/en_BE.res" 1266
"../../../Engine/Content/Internationalization/icudt64l/lang/en_BM.res" 1267
"../../../Engine/Content/Internationalization/icudt64l/region/en_BM.res" 1268
"../../../Engine/Content/Internationalization/icudt64l/lang/en_BS.res" 1269
"../../../Engine/Content/Internationalization/icudt64l/region/en_BS.res" 1270
"../../../Engine/Content/Internationalization/icudt64l/lang/en_BW.res" 1271
"../../../Engine/Content/Internationalization/icudt64l/region/en_BW.res" 1272
"../../../Engine/Content/Internationalization/icudt64l/lang/en_BZ.res" 1273
"../../../Engine/Content/Internationalization/icudt64l/region/en_BZ.res" 1274
"../../../Engine/Content/Internationalization/icudt64l/lang/en_CA.res" 1275
"../../../Engine/Content/Internationalization/icudt64l/region/en_CA.res" 1276
"../../../Engine/Content/Internationalization/icudt64l/lang/en_CC.res" 1277
"../../../Engine/Content/Internationalization/icudt64l/region/en_CC.res" 1278
"../../../Engine/Content/Internationalization/icudt64l/lang/en_CH.res" 1279
"../../../Engine/Content/Internationalization/icudt64l/region/en_CH.res" 1280
"../../../Engine/Content/Internationalization/icudt64l/lang/en_CK.res" 1281
"../../../Engine/Content/Internationalization/icudt64l/region/en_CK.res" 1282
"../../../Engine/Content/Internationalization/icudt64l/lang/en_CM.res" 1283
"../../../Engine/Content/Internationalization/icudt64l/region/en_CM.res" 1284
"../../../Engine/Content/Internationalization/icudt64l/lang/en_CX.res" 1285
"../../../Engine/Content/Internationalization/icudt64l/region/en_CX.res" 1286
"../../../Engine/Content/Internationalization/icudt64l/lang/en_CY.res" 1287
"../../../Engine/Content/Internationalization/icudt64l/region/en_CY.res" 1288
"../../../Engine/Content/Internationalization/icudt64l/lang/en_DE.res" 1289
"../../../Engine/Content/Internationalization/icudt64l/region/en_DE.res" 1290
"../../../Engine/Content/Internationalization/icudt64l/lang/en_DG.res" 1291
"../../../Engine/Content/Internationalization/icudt64l/region/en_DG.res" 1292
"../../../Engine/Content/Internationalization/icudt64l/lang/en_DK.res" 1293
"../../../Engine/Content/Internationalization/icudt64l/region/en_DK.res" 1294
"../../../Engine/Content/Internationalization/icudt64l/lang/en_DM.res" 1295
"../../../Engine/Content/Internationalization/icudt64l/region/en_DM.res" 1296
"../../../Engine/Content/Internationalization/icudt64l/lang/en_ER.res" 1297
"../../../Engine/Content/Internationalization/icudt64l/region/en_ER.res" 1298
"../../../Engine/Content/Internationalization/icudt64l/lang/en_FI.res" 1299
"../../../Engine/Content/Internationalization/icudt64l/region/en_FI.res" 1300
"../../../Engine/Content/Internationalization/icudt64l/lang/en_FJ.res" 1301
"../../../Engine/Content/Internationalization/icudt64l/region/en_FJ.res" 1302
"../../../Engine/Content/Internationalization/icudt64l/lang/en_FK.res" 1303
"../../../Engine/Content/Internationalization/icudt64l/region/en_FK.res" 1304
"../../../Engine/Content/Internationalization/icudt64l/lang/en_FM.res" 1305
"../../../Engine/Content/Internationalization/icudt64l/region/en_FM.res" 1306
"../../../Engine/Content/Internationalization/icudt64l/lang/en_GB.res" 1307
"../../../Engine/Content/Internationalization/icudt64l/region/en_GB.res" 1308
"../../../Engine/Content/Internationalization/icudt64l/lang/en_GD.res" 1309
"../../../Engine/Content/Internationalization/icudt64l/region/en_GD.res" 1310
"../../../Engine/Content/Internationalization/icudt64l/lang/en_GG.res" 1311
"../../../Engine/Content/Internationalization/icudt64l/region/en_GG.res" 1312
"../../../Engine/Content/Internationalization/icudt64l/lang/en_GH.res" 1313
"../../../Engine/Content/Internationalization/icudt64l/region/en_GH.res" 1314
"../../../Engine/Content/Internationalization/icudt64l/lang/en_GI.res" 1315
"../../../Engine/Content/Internationalization/icudt64l/region/en_GI.res" 1316
"../../../Engine/Content/Internationalization/icudt64l/lang/en_GM.res" 1317
"../../../Engine/Content/Internationalization/icudt64l/region/en_GM.res" 1318
"../../../Engine/Content/Internationalization/icudt64l/lang/en_GY.res" 1319
"../../../Engine/Content/Internationalization/icudt64l/region/en_GY.res" 1320
"../../../Engine/Content/Internationalization/icudt64l/lang/en_HK.res" 1321
"../../../Engine/Content/Internationalization/icudt64l/region/en_HK.res" 1322
"../../../Engine/Content/Internationalization/icudt64l/lang/en_IE.res" 1323
"../../../Engine/Content/Internationalization/icudt64l/region/en_IE.res" 1324
"../../../Engine/Content/Internationalization/icudt64l/lang/en_IL.res" 1325
"../../../Engine/Content/Internationalization/icudt64l/region/en_IL.res" 1326
"../../../Engine/Content/Internationalization/icudt64l/lang/en_IM.res" 1327
"../../../Engine/Content/Internationalization/icudt64l/region/en_IM.res" 1328
"../../../Engine/Content/Internationalization/icudt64l/lang/en_IN.res" 1329
"../../../Engine/Content/Internationalization/icudt64l/region/en_IN.res" 1330
"../../../Engine/Content/Internationalization/icudt64l/lang/en_IO.res" 1331
"../../../Engine/Content/Internationalization/icudt64l/region/en_IO.res" 1332
"../../../Engine/Content/Internationalization/icudt64l/lang/en_JE.res" 1333
"../../../Engine/Content/Internationalization/icudt64l/region/en_JE.res" 1334
"../../../Engine/Content/Internationalization/icudt64l/lang/en_JM.res" 1335
"../../../Engine/Content/Internationalization/icudt64l/region/en_JM.res" 1336
"../../../Engine/Content/Internationalization/icudt64l/lang/en_KE.res" 1337
"../../../Engine/Content/Internationalization/icudt64l/region/en_KE.res" 1338
"../../../Engine/Content/Internationalization/icudt64l/lang/en_KI.res" 1339
"../../../Engine/Content/Internationalization/icudt64l/region/en_KI.res" 1340
"../../../Engine/Content/Internationalization/icudt64l/lang/en_KN.res" 1341
"../../../Engine/Content/Internationalization/icudt64l/region/en_KN.res" 1342
"../../../Engine/Content/Internationalization/icudt64l/lang/en_KY.res" 1343
"../../../Engine/Content/Internationalization/icudt64l/region/en_KY.res" 1344
"../../../Engine/Content/Internationalization/icudt64l/lang/en_LC.res" 1345
"../../../Engine/Content/Internationalization/icudt64l/region/en_LC.res" 1346
"../../../Engine/Content/Internationalization/icudt64l/lang/en_LR.res" 1347
"../../../Engine/Content/Internationalization/icudt64l/region/en_LR.res" 1348
"../../../Engine/Content/Internationalization/icudt64l/lang/en_LS.res" 1349
"../../../Engine/Content/Internationalization/icudt64l/region/en_LS.res" 1350
"../../../Engine/Content/Internationalization/icudt64l/lang/en_MG.res" 1351
"../../../Engine/Content/Internationalization/icudt64l/region/en_MG.res" 1352
"../../../Engine/Content/Internationalization/icudt64l/lang/en_MO.res" 1353
"../../../Engine/Content/Internationalization/icudt64l/region/en_MO.res" 1354
"../../../Engine/Content/Internationalization/icudt64l/lang/en_MS.res" 1355
"../../../Engine/Content/Internationalization/icudt64l/region/en_MS.res" 1356
"../../../Engine/Content/Internationalization/icudt64l/lang/en_MT.res" 1357
"../../../Engine/Content/Internationalization/icudt64l/region/en_MT.res" 1358
"../../../Engine/Content/Internationalization/icudt64l/lang/en_MU.res" 1359
"../../../Engine/Content/Internationalization/icudt64l/region/en_MU.res" 1360
"../../../Engine/Content/Internationalization/icudt64l/lang/en_MW.res" 1361
"../../../Engine/Content/Internationalization/icudt64l/region/en_MW.res" 1362
"../../../Engine/Content/Internationalization/icudt64l/lang/en_MY.res" 1363
"../../../Engine/Content/Internationalization/icudt64l/region/en_MY.res" 1364
"../../../Engine/Content/Internationalization/icudt64l/lang/en_NA.res" 1365
"../../../Engine/Content/Internationalization/icudt64l/region/en_NA.res" 1366
"../../../Engine/Content/Internationalization/icudt64l/lang/en_NF.res" 1367
"../../../Engine/Content/Internationalization/icudt64l/region/en_NF.res" 1368
"../../../Engine/Content/Internationalization/icudt64l/lang/en_NG.res" 1369
"../../../Engine/Content/Internationalization/icudt64l/region/en_NG.res" 1370
"../../../Engine/Content/Internationalization/icudt64l/lang/en_NL.res" 1371
"../../../Engine/Content/Internationalization/icudt64l/region/en_NL.res" 1372
"../../../Engine/Content/Internationalization/icudt64l/lang/en_NR.res" 1373
"../../../Engine/Content/Internationalization/icudt64l/region/en_NR.res" 1374
"../../../Engine/Content/Internationalization/icudt64l/lang/en_NU.res" 1375
"../../../Engine/Content/Internationalization/icudt64l/region/en_NU.res" 1376
"../../../Engine/Content/Internationalization/icudt64l/lang/en_NZ.res" 1377
"../../../Engine/Content/Internationalization/icudt64l/region/en_NZ.res" 1378
"../../../Engine/Content/Internationalization/icudt64l/lang/en_PG.res" 1379
"../../../Engine/Content/Internationalization/icudt64l/region/en_PG.res" 1380
"../../../Engine/Content/Internationalization/icudt64l/lang/en_PH.res" 1381
"../../../Engine/Content/Internationalization/icudt64l/region/en_PH.res" 1382
"../../../Engine/Content/Internationalization/icudt64l/lang/en_PK.res" 1383
"../../../Engine/Content/Internationalization/icudt64l/region/en_PK.res" 1384
"../../../Engine/Content/Internationalization/icudt64l/lang/en_PN.res" 1385
"../../../Engine/Content/Internationalization/icudt64l/region/en_PN.res" 1386
"../../../Engine/Content/Internationalization/icudt64l/lang/en_PW.res" 1387
"../../../Engine/Content/Internationalization/icudt64l/region/en_PW.res" 1388
"../../../Engine/Content/Internationalization/icudt64l/lang/en_RW.res" 1389
"../../../Engine/Content/Internationalization/icudt64l/region/en_RW.res" 1390
"../../../Engine/Content/Internationalization/icudt64l/lang/en_SB.res" 1391
"../../../Engine/Content/Internationalization/icudt64l/region/en_SB.res" 1392
"../../../Engine/Content/Internationalization/icudt64l/lang/en_SC.res" 1393
"../../../Engine/Content/Internationalization/icudt64l/region/en_SC.res" 1394
"../../../Engine/Content/Internationalization/icudt64l/lang/en_SD.res" 1395
"../../../Engine/Content/Internationalization/icudt64l/region/en_SD.res" 1396
"../../../Engine/Content/Internationalization/icudt64l/lang/en_SE.res" 1397
"../../../Engine/Content/Internationalization/icudt64l/region/en_SE.res" 1398
"../../../Engine/Content/Internationalization/icudt64l/lang/en_SG.res" 1399
"../../../Engine/Content/Internationalization/icudt64l/region/en_SG.res" 1400
"../../../Engine/Content/Internationalization/icudt64l/lang/en_SH.res" 1401
"../../../Engine/Content/Internationalization/icudt64l/region/en_SH.res" 1402
"../../../Engine/Content/Internationalization/icudt64l/lang/en_SI.res" 1403
"../../../Engine/Content/Internationalization/icudt64l/region/en_SI.res" 1404
"../../../Engine/Content/Internationalization/icudt64l/lang/en_SL.res" 1405
"../../../Engine/Content/Internationalization/icudt64l/region/en_SL.res" 1406
"../../../Engine/Content/Internationalization/icudt64l/lang/en_SS.res" 1407
"../../../Engine/Content/Internationalization/icudt64l/region/en_SS.res" 1408
"../../../Engine/Content/Internationalization/icudt64l/lang/en_SX.res" 1409
"../../../Engine/Content/Internationalization/icudt64l/region/en_SX.res" 1410
"../../../Engine/Content/Internationalization/icudt64l/lang/en_SZ.res" 1411
"../../../Engine/Content/Internationalization/icudt64l/region/en_SZ.res" 1412
"../../../Engine/Content/Internationalization/icudt64l/lang/en_TC.res" 1413
"../../../Engine/Content/Internationalization/icudt64l/region/en_TC.res" 1414
"../../../Engine/Content/Internationalization/icudt64l/lang/en_TK.res" 1415
"../../../Engine/Content/Internationalization/icudt64l/region/en_TK.res" 1416
"../../../Engine/Content/Internationalization/icudt64l/lang/en_TO.res" 1417
"../../../Engine/Content/Internationalization/icudt64l/region/en_TO.res" 1418
"../../../Engine/Content/Internationalization/icudt64l/lang/en_TT.res" 1419
"../../../Engine/Content/Internationalization/icudt64l/region/en_TT.res" 1420
"../../../Engine/Content/Internationalization/icudt64l/lang/en_TV.res" 1421
"../../../Engine/Content/Internationalization/icudt64l/region/en_TV.res" 1422
"../../../Engine/Content/Internationalization/icudt64l/lang/en_TZ.res" 1423
"../../../Engine/Content/Internationalization/icudt64l/region/en_TZ.res" 1424
"../../../Engine/Content/Internationalization/icudt64l/lang/en_UG.res" 1425
"../../../Engine/Content/Internationalization/icudt64l/region/en_UG.res" 1426
"../../../Engine/Content/Internationalization/icudt64l/lang/en_VC.res" 1427
"../../../Engine/Content/Internationalization/icudt64l/region/en_VC.res" 1428
"../../../Engine/Content/Internationalization/icudt64l/lang/en_VG.res" 1429
"../../../Engine/Content/Internationalization/icudt64l/region/en_VG.res" 1430
"../../../Engine/Content/Internationalization/icudt64l/lang/en_VU.res" 1431
"../../../Engine/Content/Internationalization/icudt64l/region/en_VU.res" 1432
"../../../Engine/Content/Internationalization/icudt64l/lang/en_WS.res" 1433
"../../../Engine/Content/Internationalization/icudt64l/region/en_WS.res" 1434
"../../../Engine/Content/Internationalization/icudt64l/lang/en_ZA.res" 1435
"../../../Engine/Content/Internationalization/icudt64l/region/en_ZA.res" 1436
"../../../Engine/Content/Internationalization/icudt64l/lang/en_ZM.res" 1437
"../../../Engine/Content/Internationalization/icudt64l/region/en_ZM.res" 1438
"../../../Engine/Content/Internationalization/icudt64l/lang/en_ZW.res" 1439
"../../../Engine/Content/Internationalization/icudt64l/region/en_ZW.res" 1440
"../../../Engine/Content/Internationalization/icudt64l/lang/eo.res" 1441
"../../../Engine/Content/Internationalization/icudt64l/region/eo.res" 1442
"../../../Engine/Content/Internationalization/icudt64l/lang/es.res" 1443
"../../../Engine/Content/Internationalization/icudt64l/lang/es_419.res" 1444
"../../../Engine/Content/Internationalization/icudt64l/region/es_419.res" 1445
"../../../Engine/Content/Internationalization/icudt64l/region/es.res" 1446
"../../../Engine/Content/Internationalization/icudt64l/lang/es_AR.res" 1447
"../../../Engine/Content/Internationalization/icudt64l/region/es_AR.res" 1448
"../../../Engine/Content/Internationalization/icudt64l/lang/es_BO.res" 1449
"../../../Engine/Content/Internationalization/icudt64l/region/es_BO.res" 1450
"../../../Engine/Content/Internationalization/icudt64l/lang/es_BR.res" 1451
"../../../Engine/Content/Internationalization/icudt64l/region/es_BR.res" 1452
"../../../Engine/Content/Internationalization/icudt64l/lang/es_BZ.res" 1453
"../../../Engine/Content/Internationalization/icudt64l/region/es_BZ.res" 1454
"../../../Engine/Content/Internationalization/icudt64l/lang/es_CL.res" 1455
"../../../Engine/Content/Internationalization/icudt64l/region/es_CL.res" 1456
"../../../Engine/Content/Internationalization/icudt64l/lang/es_CO.res" 1457
"../../../Engine/Content/Internationalization/icudt64l/region/es_CO.res" 1458
"../../../Engine/Content/Internationalization/icudt64l/lang/es_CR.res" 1459
"../../../Engine/Content/Internationalization/icudt64l/region/es_CR.res" 1460
"../../../Engine/Content/Internationalization/icudt64l/lang/es_CU.res" 1461
"../../../Engine/Content/Internationalization/icudt64l/region/es_CU.res" 1462
"../../../Engine/Content/Internationalization/icudt64l/lang/es_DO.res" 1463
"../../../Engine/Content/Internationalization/icudt64l/region/es_DO.res" 1464
"../../../Engine/Content/Internationalization/icudt64l/lang/es_EC.res" 1465
"../../../Engine/Content/Internationalization/icudt64l/region/es_EC.res" 1466
"../../../Engine/Content/Internationalization/icudt64l/lang/es_GT.res" 1467
"../../../Engine/Content/Internationalization/icudt64l/region/es_GT.res" 1468
"../../../Engine/Content/Internationalization/icudt64l/lang/es_HN.res" 1469
"../../../Engine/Content/Internationalization/icudt64l/region/es_HN.res" 1470
"../../../Engine/Content/Internationalization/icudt64l/lang/es_MX.res" 1471
"../../../Engine/Content/Internationalization/icudt64l/region/es_MX.res" 1472
"../../../Engine/Content/Internationalization/icudt64l/lang/es_NI.res" 1473
"../../../Engine/Content/Internationalization/icudt64l/region/es_NI.res" 1474
"../../../Engine/Content/Internationalization/icudt64l/lang/es_PA.res" 1475
"../../../Engine/Content/Internationalization/icudt64l/region/es_PA.res" 1476
"../../../Engine/Content/Internationalization/icudt64l/lang/es_PE.res" 1477
"../../../Engine/Content/Internationalization/icudt64l/region/es_PE.res" 1478
"../../../Engine/Content/Internationalization/icudt64l/lang/es_PR.res" 1479
"../../../Engine/Content/Internationalization/icudt64l/region/es_PR.res" 1480
"../../../Engine/Content/Internationalization/icudt64l/lang/es_PY.res" 1481
"../../../Engine/Content/Internationalization/icudt64l/region/es_PY.res" 1482
"../../../Engine/Content/Internationalization/icudt64l/lang/es_SV.res" 1483
"../../../Engine/Content/Internationalization/icudt64l/region/es_SV.res" 1484
"../../../Engine/Content/Internationalization/icudt64l/lang/es_US.res" 1485
"../../../Engine/Content/Internationalization/icudt64l/region/es_US.res" 1486
"../../../Engine/Content/Internationalization/icudt64l/lang/es_UY.res" 1487
"../../../Engine/Content/Internationalization/icudt64l/region/es_UY.res" 1488
"../../../Engine/Content/Internationalization/icudt64l/lang/es_VE.res" 1489
"../../../Engine/Content/Internationalization/icudt64l/region/es_VE.res" 1490
"../../../Engine/Content/Internationalization/icudt64l/lang/et.res" 1491
"../../../Engine/Content/Internationalization/icudt64l/region/et.res" 1492
"../../../Engine/Content/Internationalization/icudt64l/lang/eu.res" 1493
"../../../Engine/Content/Internationalization/icudt64l/region/eu.res" 1494
"../../../Engine/Content/Internationalization/icudt64l/lang/ewo.res" 1495
"../../../Engine/Content/Internationalization/icudt64l/region/ewo.res" 1496
"../../../Engine/Content/Internationalization/icudt64l/lang/fa.res" 1497
"../../../Engine/Content/Internationalization/icudt64l/lang/fa_AF.res" 1498
"../../../Engine/Content/Internationalization/icudt64l/region/fa_AF.res" 1499
"../../../Engine/Content/Internationalization/icudt64l/region/fa.res" 1500
"../../../Engine/Content/Internationalization/icudt64l/lang/ff.res" 1501
"../../../Engine/Content/Internationalization/icudt64l/lang/ff_Latn.res" 1502
"../../../Engine/Content/Internationalization/icudt64l/region/ff.res" 1503
"../../../Engine/Content/Internationalization/icudt64l/region/ff_Latn.res" 1504
"../../../Engine/Content/Internationalization/icudt64l/lang/ff_CM.res" 1505
"../../../Engine/Content/Internationalization/icudt64l/lang/ff_Latn_CM.res" 1506
"../../../Engine/Content/Internationalization/icudt64l/region/ff_CM.res" 1507
"../../../Engine/Content/Internationalization/icudt64l/region/ff_Latn_CM.res" 1508
"../../../Engine/Content/Internationalization/icudt64l/lang/ff_GN.res" 1509
"../../../Engine/Content/Internationalization/icudt64l/lang/ff_Latn_GN.res" 1510
"../../../Engine/Content/Internationalization/icudt64l/region/ff_GN.res" 1511
"../../../Engine/Content/Internationalization/icudt64l/region/ff_Latn_GN.res" 1512
"../../../Engine/Content/Internationalization/icudt64l/lang/ff_MR.res" 1513
"../../../Engine/Content/Internationalization/icudt64l/lang/ff_Latn_MR.res" 1514
"../../../Engine/Content/Internationalization/icudt64l/region/ff_MR.res" 1515
"../../../Engine/Content/Internationalization/icudt64l/region/ff_Latn_MR.res" 1516
"../../../Engine/Content/Internationalization/icudt64l/lang/ff_SN.res" 1517
"../../../Engine/Content/Internationalization/icudt64l/lang/ff_Latn_SN.res" 1518
"../../../Engine/Content/Internationalization/icudt64l/region/ff_SN.res" 1519
"../../../Engine/Content/Internationalization/icudt64l/region/ff_Latn_SN.res" 1520
"../../../Engine/Content/Internationalization/icudt64l/lang/fi.res" 1521
"../../../Engine/Content/Internationalization/icudt64l/region/fi.res" 1522
"../../../Engine/Content/Internationalization/icudt64l/lang/fil.res" 1523
"../../../Engine/Content/Internationalization/icudt64l/lang/fil_PH.res" 1524
"../../../Engine/Content/Internationalization/icudt64l/region/fil_PH.res" 1525
"../../../Engine/Content/Internationalization/icudt64l/region/fil.res" 1526
"../../../Engine/Content/Internationalization/icudt64l/lang/fo.res" 1527
"../../../Engine/Content/Internationalization/icudt64l/region/fo.res" 1528
"../../../Engine/Content/Internationalization/icudt64l/lang/fr.res" 1529
"../../../Engine/Content/Internationalization/icudt64l/lang/fr_BE.res" 1530
"../../../Engine/Content/Internationalization/icudt64l/region/fr_BE.res" 1531
"../../../Engine/Content/Internationalization/icudt64l/region/fr.res" 1532
"../../../Engine/Content/Internationalization/icudt64l/lang/fr_CA.res" 1533
"../../../Engine/Content/Internationalization/icudt64l/region/fr_CA.res" 1534
"../../../Engine/Content/Internationalization/icudt64l/lang/fr_CH.res" 1535
"../../../Engine/Content/Internationalization/icudt64l/lang/fur.res" 1536
"../../../Engine/Content/Internationalization/icudt64l/region/fur.res" 1537
"../../../Engine/Content/Internationalization/icudt64l/lang/fy.res" 1538
"../../../Engine/Content/Internationalization/icudt64l/region/fy.res" 1539
"../../../Engine/Content/Internationalization/icudt64l/lang/ga.res" 1540
"../../../Engine/Content/Internationalization/icudt64l/region/ga.res" 1541
"../../../Engine/Content/Internationalization/icudt64l/lang/gd.res" 1542
"../../../Engine/Content/Internationalization/icudt64l/region/gd.res" 1543
"../../../Engine/Content/Internationalization/icudt64l/lang/gl.res" 1544
"../../../Engine/Content/Internationalization/icudt64l/region/gl.res" 1545
"../../../Engine/Content/Internationalization/icudt64l/lang/gsw.res" 1546
"../../../Engine/Content/Internationalization/icudt64l/region/gsw.res" 1547
"../../../Engine/Content/Internationalization/icudt64l/lang/gu.res" 1548
"../../../Engine/Content/Internationalization/icudt64l/region/gu.res" 1549
"../../../Engine/Content/Internationalization/icudt64l/lang/guz.res" 1550
"../../../Engine/Content/Internationalization/icudt64l/region/guz.res" 1551
"../../../Engine/Content/Internationalization/icudt64l/lang/gv.res" 1552
"../../../Engine/Content/Internationalization/icudt64l/region/gv.res" 1553
"../../../Engine/Content/Internationalization/icudt64l/lang/ha.res" 1554
"../../../Engine/Content/Internationalization/icudt64l/region/ha.res" 1555
"../../../Engine/Content/Internationalization/icudt64l/lang/ha_NE.res" 1556
"../../../Engine/Content/Internationalization/icudt64l/region/ha_NE.res" 1557
"../../../Engine/Content/Internationalization/icudt64l/lang/haw.res" 1558
"../../../Engine/Content/Internationalization/icudt64l/region/haw.res" 1559
"../../../Engine/Content/Internationalization/icudt64l/lang/he.res" 1560
"../../../Engine/Content/Internationalization/icudt64l/lang/he_IL.res" 1561
"../../../Engine/Content/Internationalization/icudt64l/region/he_IL.res" 1562
"../../../Engine/Content/Internationalization/icudt64l/region/he.res" 1563
"../../../Engine/Content/Internationalization/icudt64l/lang/hi.res" 1564
"../../../Engine/Content/Internationalization/icudt64l/region/hi.res" 1565
"../../../Engine/Content/Internationalization/icudt64l/lang/hr.res" 1566
"../../../Engine/Content/Internationalization/icudt64l/region/hr.res" 1567
"../../../Engine/Content/Internationalization/icudt64l/lang/hsb.res" 1568
"../../../Engine/Content/Internationalization/icudt64l/region/hsb.res" 1569
"../../../Engine/Content/Internationalization/icudt64l/lang/hu.res" 1570
"../../../Engine/Content/Internationalization/icudt64l/region/hu.res" 1571
"../../../Engine/Content/Internationalization/icudt64l/lang/hy.res" 1572
"../../../Engine/Content/Internationalization/icudt64l/region/hy.res" 1573
"../../../Engine/Content/Internationalization/icudt64l/lang/ia.res" 1574
"../../../Engine/Content/Internationalization/icudt64l/region/ia.res" 1575
"../../../Engine/Content/Internationalization/icudt64l/lang/id.res" 1576
"../../../Engine/Content/Internationalization/icudt64l/lang/id_ID.res" 1577
"../../../Engine/Content/Internationalization/icudt64l/region/id_ID.res" 1578
"../../../Engine/Content/Internationalization/icudt64l/region/id.res" 1579
"../../../Engine/Content/Internationalization/icudt64l/lang/ig.res" 1580
"../../../Engine/Content/Internationalization/icudt64l/region/ig.res" 1581
"../../../Engine/Content/Internationalization/icudt64l/lang/ii.res" 1582
"../../../Engine/Content/Internationalization/icudt64l/region/ii.res" 1583
"../../../Engine/Content/Internationalization/icudt64l/lang/is.res" 1584
"../../../Engine/Content/Internationalization/icudt64l/region/is.res" 1585
"../../../Engine/Content/Internationalization/icudt64l/lang/it.res" 1586
"../../../Engine/Content/Internationalization/icudt64l/region/it.res" 1587
"../../../Engine/Content/Internationalization/icudt64l/lang/ja.res" 1588
"../../../Engine/Content/Internationalization/icudt64l/lang/ja_JP.res" 1589
"../../../Engine/Content/Internationalization/icudt64l/region/ja_JP.res" 1590
"../../../Engine/Content/Internationalization/icudt64l/region/ja.res" 1591
"../../../Engine/Content/Internationalization/icudt64l/lang/jgo.res" 1592
"../../../Engine/Content/Internationalization/icudt64l/region/jgo.res" 1593
"../../../Engine/Content/Internationalization/icudt64l/lang/jmc.res" 1594
"../../../Engine/Content/Internationalization/icudt64l/region/jmc.res" 1595
"../../../Engine/Content/Internationalization/icudt64l/lang/jv.res" 1596
"../../../Engine/Content/Internationalization/icudt64l/region/jv.res" 1597
"../../../Engine/Content/Internationalization/icudt64l/lang/ka.res" 1598
"../../../Engine/Content/Internationalization/icudt64l/region/ka.res" 1599
"../../../Engine/Content/Internationalization/icudt64l/lang/kab.res" 1600
"../../../Engine/Content/Internationalization/icudt64l/region/kab.res" 1601
"../../../Engine/Content/Internationalization/icudt64l/lang/kam.res" 1602
"../../../Engine/Content/Internationalization/icudt64l/region/kam.res" 1603
"../../../Engine/Content/Internationalization/icudt64l/lang/kde.res" 1604
"../../../Engine/Content/Internationalization/icudt64l/region/kde.res" 1605
"../../../Engine/Content/Internationalization/icudt64l/lang/kea.res" 1606
"../../../Engine/Content/Internationalization/icudt64l/region/kea.res" 1607
"../../../Engine/Content/Internationalization/icudt64l/lang/khq.res" 1608
"../../../Engine/Content/Internationalization/icudt64l/region/khq.res" 1609
"../../../Engine/Content/Internationalization/icudt64l/lang/ki.res" 1610
"../../../Engine/Content/Internationalization/icudt64l/region/ki.res" 1611
"../../../Engine/Content/Internationalization/icudt64l/lang/kk.res" 1612
"../../../Engine/Content/Internationalization/icudt64l/region/kk.res" 1613
"../../../Engine/Content/Internationalization/icudt64l/lang/kkj.res" 1614
"../../../Engine/Content/Internationalization/icudt64l/region/kkj.res" 1615
"../../../Engine/Content/Internationalization/icudt64l/lang/kl.res" 1616
"../../../Engine/Content/Internationalization/icudt64l/region/kl.res" 1617
"../../../Engine/Content/Internationalization/icudt64l/lang/kln.res" 1618
"../../../Engine/Content/Internationalization/icudt64l/region/kln.res" 1619
"../../../Engine/Content/Internationalization/icudt64l/lang/km.res" 1620
"../../../Engine/Content/Internationalization/icudt64l/region/km.res" 1621
"../../../Engine/Content/Internationalization/icudt64l/lang/kn.res" 1622
"../../../Engine/Content/Internationalization/icudt64l/region/kn.res" 1623
"../../../Engine/Content/Internationalization/icudt64l/lang/ko.res" 1624
"../../../Engine/Content/Internationalization/icudt64l/region/ko_KP.res" 1625
"../../../Engine/Content/Internationalization/icudt64l/region/ko.res" 1626
"../../../Engine/Content/Internationalization/icudt64l/lang/kok.res" 1627
"../../../Engine/Content/Internationalization/icudt64l/region/kok.res" 1628
"../../../Engine/Content/Internationalization/icudt64l/lang/ks.res" 1629
"../../../Engine/Content/Internationalization/icudt64l/region/ks.res" 1630
"../../../Engine/Content/Internationalization/icudt64l/lang/ksb.res" 1631
"../../../Engine/Content/Internationalization/icudt64l/region/ksb.res" 1632
"../../../Engine/Content/Internationalization/icudt64l/lang/ksf.res" 1633
"../../../Engine/Content/Internationalization/icudt64l/region/ksf.res" 1634
"../../../Engine/Content/Internationalization/icudt64l/lang/ksh.res" 1635
"../../../Engine/Content/Internationalization/icudt64l/region/ksh.res" 1636
"../../../Engine/Content/Internationalization/icudt64l/lang/ku.res" 1637
"../../../Engine/Content/Internationalization/icudt64l/region/ku.res" 1638
"../../../Engine/Content/Internationalization/icudt64l/lang/kw.res" 1639
"../../../Engine/Content/Internationalization/icudt64l/region/kw.res" 1640
"../../../Engine/Content/Internationalization/icudt64l/lang/ky.res" 1641
"../../../Engine/Content/Internationalization/icudt64l/region/ky.res" 1642
"../../../Engine/Content/Internationalization/icudt64l/lang/lag.res" 1643
"../../../Engine/Content/Internationalization/icudt64l/region/lag.res" 1644
"../../../Engine/Content/Internationalization/icudt64l/lang/lb.res" 1645
"../../../Engine/Content/Internationalization/icudt64l/region/lb.res" 1646
"../../../Engine/Content/Internationalization/icudt64l/lang/lg.res" 1647
"../../../Engine/Content/Internationalization/icudt64l/region/lg.res" 1648
"../../../Engine/Content/Internationalization/icudt64l/lang/lkt.res" 1649
"../../../Engine/Content/Internationalization/icudt64l/region/lkt.res" 1650
"../../../Engine/Content/Internationalization/icudt64l/lang/ln.res" 1651
"../../../Engine/Content/Internationalization/icudt64l/region/ln.res" 1652
"../../../Engine/Content/Internationalization/icudt64l/lang/lo.res" 1653
"../../../Engine/Content/Internationalization/icudt64l/region/lo.res" 1654
"../../../Engine/Content/Internationalization/icudt64l/lang/lrc.res" 1655
"../../../Engine/Content/Internationalization/icudt64l/region/lrc.res" 1656
"../../../Engine/Content/Internationalization/icudt64l/lang/lt.res" 1657
"../../../Engine/Content/Internationalization/icudt64l/region/lt.res" 1658
"../../../Engine/Content/Internationalization/icudt64l/lang/lu.res" 1659
"../../../Engine/Content/Internationalization/icudt64l/region/lu.res" 1660
"../../../Engine/Content/Internationalization/icudt64l/lang/luo.res" 1661
"../../../Engine/Content/Internationalization/icudt64l/region/luo.res" 1662
"../../../Engine/Content/Internationalization/icudt64l/lang/luy.res" 1663
"../../../Engine/Content/Internationalization/icudt64l/region/luy.res" 1664
"../../../Engine/Content/Internationalization/icudt64l/lang/lv.res" 1665
"../../../Engine/Content/Internationalization/icudt64l/region/lv.res" 1666
"../../../Engine/Content/Internationalization/icudt64l/lang/mas.res" 1667
"../../../Engine/Content/Internationalization/icudt64l/region/mas.res" 1668
"../../../Engine/Content/Internationalization/icudt64l/lang/mer.res" 1669
"../../../Engine/Content/Internationalization/icudt64l/region/mer.res" 1670
"../../../Engine/Content/Internationalization/icudt64l/lang/mfe.res" 1671
"../../../Engine/Content/Internationalization/icudt64l/region/mfe.res" 1672
"../../../Engine/Content/Internationalization/icudt64l/lang/mg.res" 1673
"../../../Engine/Content/Internationalization/icudt64l/region/mg.res" 1674
"../../../Engine/Content/Internationalization/icudt64l/lang/mgh.res" 1675
"../../../Engine/Content/Internationalization/icudt64l/region/mgh.res" 1676
"../../../Engine/Content/Internationalization/icudt64l/lang/mgo.res" 1677
"../../../Engine/Content/Internationalization/icudt64l/region/mgo.res" 1678
"../../../Engine/Content/Internationalization/icudt64l/lang/mi.res" 1679
"../../../Engine/Content/Internationalization/icudt64l/region/mi.res" 1680
"../../../Engine/Content/Internationalization/icudt64l/lang/mk.res" 1681
"../../../Engine/Content/Internationalization/icudt64l/region/mk.res" 1682
"../../../Engine/Content/Internationalization/icudt64l/lang/ml.res" 1683
"../../../Engine/Content/Internationalization/icudt64l/region/ml.res" 1684
"../../../Engine/Content/Internationalization/icudt64l/lang/mn.res" 1685
"../../../Engine/Content/Internationalization/icudt64l/region/mn.res" 1686
"../../../Engine/Content/Internationalization/icudt64l/lang/mr.res" 1687
"../../../Engine/Content/Internationalization/icudt64l/region/mr.res" 1688
"../../../Engine/Content/Internationalization/icudt64l/lang/ms.res" 1689
"../../../Engine/Content/Internationalization/icudt64l/region/ms.res" 1690
"../../../Engine/Content/Internationalization/icudt64l/lang/mt.res" 1691
"../../../Engine/Content/Internationalization/icudt64l/region/mt.res" 1692
"../../../Engine/Content/Internationalization/icudt64l/lang/mua.res" 1693
"../../../Engine/Content/Internationalization/icudt64l/region/mua.res" 1694
"../../../Engine/Content/Internationalization/icudt64l/lang/my.res" 1695
"../../../Engine/Content/Internationalization/icudt64l/region/my.res" 1696
"../../../Engine/Content/Internationalization/icudt64l/lang/mzn.res" 1697
"../../../Engine/Content/Internationalization/icudt64l/region/mzn.res" 1698
"../../../Engine/Content/Internationalization/icudt64l/lang/naq.res" 1699
"../../../Engine/Content/Internationalization/icudt64l/region/naq.res" 1700
"../../../Engine/Content/Internationalization/icudt64l/lang/nb.res" 1701
"../../../Engine/Content/Internationalization/icudt64l/lang/nb_NO.res" 1702
"../../../Engine/Content/Internationalization/icudt64l/region/nb_NO.res" 1703
"../../../Engine/Content/Internationalization/icudt64l/region/nb.res" 1704
"../../../Engine/Content/Internationalization/icudt64l/lang/nd.res" 1705
"../../../Engine/Content/Internationalization/icudt64l/region/nd.res" 1706
"../../../Engine/Content/Internationalization/icudt64l/lang/nds.res" 1707
"../../../Engine/Content/Internationalization/icudt64l/region/nds.res" 1708
"../../../Engine/Content/Internationalization/icudt64l/lang/ne.res" 1709
"../../../Engine/Content/Internationalization/icudt64l/region/ne.res" 1710
"../../../Engine/Content/Internationalization/icudt64l/lang/nl.res" 1711
"../../../Engine/Content/Internationalization/icudt64l/region/nl.res" 1712
"../../../Engine/Content/Internationalization/icudt64l/lang/nmg.res" 1713
"../../../Engine/Content/Internationalization/icudt64l/region/nmg.res" 1714
"../../../Engine/Content/Internationalization/icudt64l/lang/nn.res" 1715
"../../../Engine/Content/Internationalization/icudt64l/lang/nn_NO.res" 1716
"../../../Engine/Content/Internationalization/icudt64l/region/nn_NO.res" 1717
"../../../Engine/Content/Internationalization/icudt64l/region/nn.res" 1718
"../../../Engine/Content/Internationalization/icudt64l/lang/nnh.res" 1719
"../../../Engine/Content/Internationalization/icudt64l/region/nnh.res" 1720
"../../../Engine/Content/Internationalization/icudt64l/lang/nus.res" 1721
"../../../Engine/Content/Internationalization/icudt64l/region/nus.res" 1722
"../../../Engine/Content/Internationalization/icudt64l/lang/nyn.res" 1723
"../../../Engine/Content/Internationalization/icudt64l/region/nyn.res" 1724
"../../../Engine/Content/Internationalization/icudt64l/lang/om.res" 1725
"../../../Engine/Content/Internationalization/icudt64l/region/om.res" 1726
"../../../Engine/Content/Internationalization/icudt64l/lang/or.res" 1727
"../../../Engine/Content/Internationalization/icudt64l/region/or.res" 1728
"../../../Engine/Content/Internationalization/icudt64l/lang/os.res" 1729
"../../../Engine/Content/Internationalization/icudt64l/region/os.res" 1730
"../../../Engine/Content/Internationalization/icudt64l/lang/pa.res" 1731
"../../../Engine/Content/Internationalization/icudt64l/lang/pa_Arab.res" 1732
"../../../Engine/Content/Internationalization/icudt64l/lang/pa_PK.res" 1733
"../../../Engine/Content/Internationalization/icudt64l/lang/pa_Arab_PK.res" 1734
"../../../Engine/Content/Internationalization/icudt64l/region/pa_PK.res" 1735
"../../../Engine/Content/Internationalization/icudt64l/region/pa_Arab_PK.res" 1736
"../../../Engine/Content/Internationalization/icudt64l/region/pa_Arab.res" 1737
"../../../Engine/Content/Internationalization/icudt64l/lang/pa_Guru.res" 1738
"../../../Engine/Content/Internationalization/icudt64l/lang/pa_IN.res" 1739
"../../../Engine/Content/Internationalization/icudt64l/lang/pa_Guru_IN.res" 1740
"../../../Engine/Content/Internationalization/icudt64l/region/pa_IN.res" 1741
"../../../Engine/Content/Internationalization/icudt64l/region/pa_Guru_IN.res" 1742
"../../../Engine/Content/Internationalization/icudt64l/region/pa_Guru.res" 1743
"../../../Engine/Content/Internationalization/icudt64l/region/pa.res" 1744
"../../../Engine/Content/Internationalization/icudt64l/lang/pl.res" 1745
"../../../Engine/Content/Internationalization/icudt64l/region/pl.res" 1746
"../../../Engine/Content/Internationalization/icudt64l/lang/ps.res" 1747
"../../../Engine/Content/Internationalization/icudt64l/region/ps.res" 1748
"../../../Engine/Content/Internationalization/icudt64l/lang/ps_PK.res" 1749
"../../../Engine/Content/Internationalization/icudt64l/region/ps_PK.res" 1750
"../../../Engine/Content/Internationalization/icudt64l/lang/pt.res" 1751
"../../../Engine/Content/Internationalization/icudt64l/lang/pt_AO.res" 1752
"../../../Engine/Content/Internationalization/icudt64l/lang/pt_PT.res" 1753
"../../../Engine/Content/Internationalization/icudt64l/region/pt_AO.res" 1754
"../../../Engine/Content/Internationalization/icudt64l/region/pt_PT.res" 1755
"../../../Engine/Content/Internationalization/icudt64l/region/pt.res" 1756
"../../../Engine/Content/Internationalization/icudt64l/lang/pt_CH.res" 1757
"../../../Engine/Content/Internationalization/icudt64l/region/pt_CH.res" 1758
"../../../Engine/Content/Internationalization/icudt64l/lang/pt_CV.res" 1759
"../../../Engine/Content/Internationalization/icudt64l/region/pt_CV.res" 1760
"../../../Engine/Content/Internationalization/icudt64l/lang/pt_GQ.res" 1761
"../../../Engine/Content/Internationalization/icudt64l/region/pt_GQ.res" 1762
"../../../Engine/Content/Internationalization/icudt64l/lang/pt_GW.res" 1763
"../../../Engine/Content/Internationalization/icudt64l/region/pt_GW.res" 1764
"../../../Engine/Content/Internationalization/icudt64l/lang/pt_LU.res" 1765
"../../../Engine/Content/Internationalization/icudt64l/region/pt_LU.res" 1766
"../../../Engine/Content/Internationalization/icudt64l/lang/pt_MO.res" 1767
"../../../Engine/Content/Internationalization/icudt64l/region/pt_MO.res" 1768
"../../../Engine/Content/Internationalization/icudt64l/lang/pt_MZ.res" 1769
"../../../Engine/Content/Internationalization/icudt64l/region/pt_MZ.res" 1770
"../../../Engine/Content/Internationalization/icudt64l/lang/pt_ST.res" 1771
"../../../Engine/Content/Internationalization/icudt64l/region/pt_ST.res" 1772
"../../../Engine/Content/Internationalization/icudt64l/lang/pt_TL.res" 1773
"../../../Engine/Content/Internationalization/icudt64l/region/pt_TL.res" 1774
"../../../Engine/Content/Internationalization/icudt64l/lang/qu.res" 1775
"../../../Engine/Content/Internationalization/icudt64l/region/qu.res" 1776
"../../../Engine/Content/Internationalization/icudt64l/lang/rm.res" 1777
"../../../Engine/Content/Internationalization/icudt64l/region/rm.res" 1778
"../../../Engine/Content/Internationalization/icudt64l/lang/rn.res" 1779
"../../../Engine/Content/Internationalization/icudt64l/region/rn.res" 1780
"../../../Engine/Content/Internationalization/icudt64l/lang/ro.res" 1781
"../../../Engine/Content/Internationalization/icudt64l/lang/ro_MD.res" 1782
"../../../Engine/Content/Internationalization/icudt64l/region/ro_MD.res" 1783
"../../../Engine/Content/Internationalization/icudt64l/region/ro.res" 1784
"../../../Engine/Content/Internationalization/icudt64l/lang/rof.res" 1785
"../../../Engine/Content/Internationalization/icudt64l/region/rof.res" 1786
"../../../Engine/Content/Internationalization/icudt64l/lang/ru.res" 1787
"../../../Engine/Content/Internationalization/icudt64l/region/ru.res" 1788
"../../../Engine/Content/Internationalization/icudt64l/region/ru_UA.res" 1789
"../../../Engine/Content/Internationalization/icudt64l/lang/rw.res" 1790
"../../../Engine/Content/Internationalization/icudt64l/region/rw.res" 1791
"../../../Engine/Content/Internationalization/icudt64l/lang/rwk.res" 1792
"../../../Engine/Content/Internationalization/icudt64l/region/rwk.res" 1793
"../../../Engine/Content/Internationalization/icudt64l/lang/sah.res" 1794
"../../../Engine/Content/Internationalization/icudt64l/region/sah.res" 1795
"../../../Engine/Content/Internationalization/icudt64l/lang/saq.res" 1796
"../../../Engine/Content/Internationalization/icudt64l/region/saq.res" 1797
"../../../Engine/Content/Internationalization/icudt64l/lang/sbp.res" 1798
"../../../Engine/Content/Internationalization/icudt64l/region/sbp.res" 1799
"../../../Engine/Content/Internationalization/icudt64l/lang/sd.res" 1800
"../../../Engine/Content/Internationalization/icudt64l/region/sd.res" 1801
"../../../Engine/Content/Internationalization/icudt64l/lang/se.res" 1802
"../../../Engine/Content/Internationalization/icudt64l/lang/se_FI.res" 1803
"../../../Engine/Content/Internationalization/icudt64l/region/se_FI.res" 1804
"../../../Engine/Content/Internationalization/icudt64l/region/se.res" 1805
"../../../Engine/Content/Internationalization/icudt64l/lang/seh.res" 1806
"../../../Engine/Content/Internationalization/icudt64l/region/seh.res" 1807
"../../../Engine/Content/Internationalization/icudt64l/lang/ses.res" 1808
"../../../Engine/Content/Internationalization/icudt64l/region/ses.res" 1809
"../../../Engine/Content/Internationalization/icudt64l/lang/sg.res" 1810
"../../../Engine/Content/Internationalization/icudt64l/region/sg.res" 1811
"../../../Engine/Content/Internationalization/icudt64l/lang/shi.res" 1812
"../../../Engine/Content/Internationalization/icudt64l/lang/shi_Latn.res" 1813
"../../../Engine/Content/Internationalization/icudt64l/lang/shi_MA.res" 1814
"../../../Engine/Content/Internationalization/icudt64l/lang/shi_Tfng_MA.res" 1815
"../../../Engine/Content/Internationalization/icudt64l/lang/shi_Tfng.res" 1816
"../../../Engine/Content/Internationalization/icudt64l/region/shi_MA.res" 1817
"../../../Engine/Content/Internationalization/icudt64l/region/shi_Tfng_MA.res" 1818
"../../../Engine/Content/Internationalization/icudt64l/region/shi_Tfng.res" 1819
"../../../Engine/Content/Internationalization/icudt64l/region/shi.res" 1820
"../../../Engine/Content/Internationalization/icudt64l/region/shi_Latn.res" 1821
"../../../Engine/Content/Internationalization/icudt64l/lang/si.res" 1822
"../../../Engine/Content/Internationalization/icudt64l/region/si.res" 1823
"../../../Engine/Content/Internationalization/icudt64l/lang/sk.res" 1824
"../../../Engine/Content/Internationalization/icudt64l/region/sk.res" 1825
"../../../Engine/Content/Internationalization/icudt64l/lang/sl.res" 1826
"../../../Engine/Content/Internationalization/icudt64l/region/sl.res" 1827
"../../../Engine/Content/Internationalization/icudt64l/lang/smn.res" 1828
"../../../Engine/Content/Internationalization/icudt64l/region/smn.res" 1829
"../../../Engine/Content/Internationalization/icudt64l/lang/sn.res" 1830
"../../../Engine/Content/Internationalization/icudt64l/region/sn.res" 1831
"../../../Engine/Content/Internationalization/icudt64l/lang/so.res" 1832
"../../../Engine/Content/Internationalization/icudt64l/region/so.res" 1833
"../../../Engine/Content/Internationalization/icudt64l/lang/sq.res" 1834
"../../../Engine/Content/Internationalization/icudt64l/region/sq.res" 1835
"../../../Engine/Content/Internationalization/icudt64l/lang/sr.res" 1836
"../../../Engine/Content/Internationalization/icudt64l/lang/sr_Cyrl.res" 1837
"../../../Engine/Content/Internationalization/icudt64l/lang/sr_BA.res" 1838
"../../../Engine/Content/Internationalization/icudt64l/lang/sr_Cyrl_BA.res" 1839
"../../../Engine/Content/Internationalization/icudt64l/region/sr_BA.res" 1840
"../../../Engine/Content/Internationalization/icudt64l/region/sr_Cyrl_BA.res" 1841
"../../../Engine/Content/Internationalization/icudt64l/region/sr_Cyrl.res" 1842
"../../../Engine/Content/Internationalization/icudt64l/region/sr.res" 1843
"../../../Engine/Content/Internationalization/icudt64l/lang/sr_ME.res" 1844
"../../../Engine/Content/Internationalization/icudt64l/lang/sr_Latn_ME.res" 1845
"../../../Engine/Content/Internationalization/icudt64l/lang/sr_Latn.res" 1846
"../../../Engine/Content/Internationalization/icudt64l/region/sr_ME.res" 1847
"../../../Engine/Content/Internationalization/icudt64l/region/sr_Latn_ME.res" 1848
"../../../Engine/Content/Internationalization/icudt64l/region/sr_Latn.res" 1849
"../../../Engine/Content/Internationalization/icudt64l/lang/sr_Cyrl_ME.res" 1850
"../../../Engine/Content/Internationalization/icudt64l/region/sr_Cyrl_ME.res" 1851
"../../../Engine/Content/Internationalization/icudt64l/lang/sr_RS.res" 1852
"../../../Engine/Content/Internationalization/icudt64l/lang/sr_Cyrl_RS.res" 1853
"../../../Engine/Content/Internationalization/icudt64l/region/sr_RS.res" 1854
"../../../Engine/Content/Internationalization/icudt64l/region/sr_Cyrl_RS.res" 1855
"../../../Engine/Content/Internationalization/icudt64l/lang/sr_XK.res" 1856
"../../../Engine/Content/Internationalization/icudt64l/lang/sr_Cyrl_XK.res" 1857
"../../../Engine/Content/Internationalization/icudt64l/region/sr_XK.res" 1858
"../../../Engine/Content/Internationalization/icudt64l/region/sr_Cyrl_XK.res" 1859
"../../../Engine/Content/Internationalization/icudt64l/lang/sr_Latn_BA.res" 1860
"../../../Engine/Content/Internationalization/icudt64l/region/sr_Latn_BA.res" 1861
"../../../Engine/Content/Internationalization/icudt64l/lang/sr_Latn_RS.res" 1862
"../../../Engine/Content/Internationalization/icudt64l/region/sr_Latn_RS.res" 1863
"../../../Engine/Content/Internationalization/icudt64l/lang/sr_Latn_XK.res" 1864
"../../../Engine/Content/Internationalization/icudt64l/region/sr_Latn_XK.res" 1865
"../../../Engine/Content/Internationalization/icudt64l/lang/sv.res" 1866
"../../../Engine/Content/Internationalization/icudt64l/region/sv.res" 1867
"../../../Engine/Content/Internationalization/icudt64l/lang/sv_FI.res" 1868
"../../../Engine/Content/Internationalization/icudt64l/lang/sw.res" 1869
"../../../Engine/Content/Internationalization/icudt64l/lang/sw_CD.res" 1870
"../../../Engine/Content/Internationalization/icudt64l/region/sw_CD.res" 1871
"../../../Engine/Content/Internationalization/icudt64l/region/sw.res" 1872
"../../../Engine/Content/Internationalization/icudt64l/lang/sw_KE.res" 1873
"../../../Engine/Content/Internationalization/icudt64l/region/sw_KE.res" 1874
"../../../Engine/Content/Internationalization/icudt64l/lang/ta.res" 1875
"../../../Engine/Content/Internationalization/icudt64l/region/ta.res" 1876
"../../../Engine/Content/Internationalization/icudt64l/lang/te.res" 1877
"../../../Engine/Content/Internationalization/icudt64l/region/te.res" 1878
"../../../Engine/Content/Internationalization/icudt64l/lang/teo.res" 1879
"../../../Engine/Content/Internationalization/icudt64l/region/teo.res" 1880
"../../../Engine/Content/Internationalization/icudt64l/lang/tg.res" 1881
"../../../Engine/Content/Internationalization/icudt64l/region/tg.res" 1882
"../../../Engine/Content/Internationalization/icudt64l/lang/th.res" 1883
"../../../Engine/Content/Internationalization/icudt64l/lang/th_TH.res" 1884
"../../../Engine/Content/Internationalization/icudt64l/region/th_TH.res" 1885
"../../../Engine/Content/Internationalization/icudt64l/region/th.res" 1886
"../../../Engine/Content/Internationalization/icudt64l/lang/ti.res" 1887
"../../../Engine/Content/Internationalization/icudt64l/region/ti.res" 1888
"../../../Engine/Content/Internationalization/icudt64l/lang/tk.res" 1889
"../../../Engine/Content/Internationalization/icudt64l/region/tk.res" 1890
"../../../Engine/Content/Internationalization/icudt64l/lang/to.res" 1891
"../../../Engine/Content/Internationalization/icudt64l/region/to.res" 1892
"../../../Engine/Content/Internationalization/icudt64l/lang/tr.res" 1893
"../../../Engine/Content/Internationalization/icudt64l/region/tr.res" 1894
"../../../Engine/Content/Internationalization/icudt64l/lang/tt.res" 1895
"../../../Engine/Content/Internationalization/icudt64l/region/tt.res" 1896
"../../../Engine/Content/Internationalization/icudt64l/lang/twq.res" 1897
"../../../Engine/Content/Internationalization/icudt64l/region/twq.res" 1898
"../../../Engine/Content/Internationalization/icudt64l/lang/tzm.res" 1899
"../../../Engine/Content/Internationalization/icudt64l/region/tzm.res" 1900
"../../../Engine/Content/Internationalization/icudt64l/lang/ug.res" 1901
"../../../Engine/Content/Internationalization/icudt64l/region/ug.res" 1902
"../../../Engine/Content/Internationalization/icudt64l/lang/uk.res" 1903
"../../../Engine/Content/Internationalization/icudt64l/region/uk.res" 1904
"../../../Engine/Content/Internationalization/icudt64l/lang/ur.res" 1905
"../../../Engine/Content/Internationalization/icudt64l/lang/ur_IN.res" 1906
"../../../Engine/Content/Internationalization/icudt64l/region/ur_IN.res" 1907
"../../../Engine/Content/Internationalization/icudt64l/region/ur.res" 1908
"../../../Engine/Content/Internationalization/icudt64l/lang/uz.res" 1909
"../../../Engine/Content/Internationalization/icudt64l/lang/uz_Arab.res" 1910
"../../../Engine/Content/Internationalization/icudt64l/lang/uz_AF.res" 1911
"../../../Engine/Content/Internationalization/icudt64l/lang/uz_Arab_AF.res" 1912
"../../../Engine/Content/Internationalization/icudt64l/region/uz_AF.res" 1913
"../../../Engine/Content/Internationalization/icudt64l/region/uz_Arab_AF.res" 1914
"../../../Engine/Content/Internationalization/icudt64l/region/uz_Arab.res" 1915
"../../../Engine/Content/Internationalization/icudt64l/lang/uz_Cyrl.res" 1916
"../../../Engine/Content/Internationalization/icudt64l/lang/uz_UZ.res" 1917
"../../../Engine/Content/Internationalization/icudt64l/lang/uz_Latn_UZ.res" 1918
"../../../Engine/Content/Internationalization/icudt64l/lang/uz_Latn.res" 1919
"../../../Engine/Content/Internationalization/icudt64l/region/uz_UZ.res" 1920
"../../../Engine/Content/Internationalization/icudt64l/region/uz_Latn_UZ.res" 1921
"../../../Engine/Content/Internationalization/icudt64l/region/uz_Latn.res" 1922
"../../../Engine/Content/Internationalization/icudt64l/region/uz.res" 1923
"../../../Engine/Content/Internationalization/icudt64l/region/uz_Cyrl.res" 1924
"../../../Engine/Content/Internationalization/icudt64l/lang/vai.res" 1925
"../../../Engine/Content/Internationalization/icudt64l/lang/vai_Latn.res" 1926
"../../../Engine/Content/Internationalization/icudt64l/lang/vai_LR.res" 1927
"../../../Engine/Content/Internationalization/icudt64l/lang/vai_Vaii_LR.res" 1928
"../../../Engine/Content/Internationalization/icudt64l/lang/vai_Vaii.res" 1929
"../../../Engine/Content/Internationalization/icudt64l/region/vai_LR.res" 1930
"../../../Engine/Content/Internationalization/icudt64l/region/vai_Vaii_LR.res" 1931
"../../../Engine/Content/Internationalization/icudt64l/region/vai_Vaii.res" 1932
"../../../Engine/Content/Internationalization/icudt64l/region/vai.res" 1933
"../../../Engine/Content/Internationalization/icudt64l/region/vai_Latn.res" 1934
"../../../Engine/Content/Internationalization/icudt64l/lang/vi.res" 1935
"../../../Engine/Content/Internationalization/icudt64l/region/vi.res" 1936
"../../../Engine/Content/Internationalization/icudt64l/lang/vun.res" 1937
"../../../Engine/Content/Internationalization/icudt64l/region/vun.res" 1938
"../../../Engine/Content/Internationalization/icudt64l/lang/wae.res" 1939
"../../../Engine/Content/Internationalization/icudt64l/region/wae.res" 1940
"../../../Engine/Content/Internationalization/icudt64l/lang/wo.res" 1941
"../../../Engine/Content/Internationalization/icudt64l/region/wo.res" 1942
"../../../Engine/Content/Internationalization/icudt64l/lang/xh.res" 1943
"../../../Engine/Content/Internationalization/icudt64l/region/xh.res" 1944
"../../../Engine/Content/Internationalization/icudt64l/lang/xog.res" 1945
"../../../Engine/Content/Internationalization/icudt64l/region/xog.res" 1946
"../../../Engine/Content/Internationalization/icudt64l/lang/yav.res" 1947
"../../../Engine/Content/Internationalization/icudt64l/region/yav.res" 1948
"../../../Engine/Content/Internationalization/icudt64l/lang/yi.res" 1949
"../../../Engine/Content/Internationalization/icudt64l/region/yi.res" 1950
"../../../Engine/Content/Internationalization/icudt64l/lang/yo.res" 1951
"../../../Engine/Content/Internationalization/icudt64l/lang/yo_BJ.res" 1952
"../../../Engine/Content/Internationalization/icudt64l/region/yo_BJ.res" 1953
"../../../Engine/Content/Internationalization/icudt64l/region/yo.res" 1954
"../../../Engine/Content/Internationalization/icudt64l/lang/yue.res" 1955
"../../../Engine/Content/Internationalization/icudt64l/lang/yue_Hans.res" 1956
"../../../Engine/Content/Internationalization/icudt64l/lang/yue_CN.res" 1957
"../../../Engine/Content/Internationalization/icudt64l/lang/yue_Hans_CN.res" 1958
"../../../Engine/Content/Internationalization/icudt64l/region/yue_CN.res" 1959
"../../../Engine/Content/Internationalization/icudt64l/region/yue_Hans_CN.res" 1960
"../../../Engine/Content/Internationalization/icudt64l/region/yue_Hans.res" 1961
"../../../Engine/Content/Internationalization/icudt64l/lang/yue_Hant.res" 1962
"../../../Engine/Content/Internationalization/icudt64l/lang/yue_HK.res" 1963
"../../../Engine/Content/Internationalization/icudt64l/lang/yue_Hant_HK.res" 1964
"../../../Engine/Content/Internationalization/icudt64l/region/yue_HK.res" 1965
"../../../Engine/Content/Internationalization/icudt64l/region/yue_Hant_HK.res" 1966
"../../../Engine/Content/Internationalization/icudt64l/region/yue_Hant.res" 1967
"../../../Engine/Content/Internationalization/icudt64l/region/yue.res" 1968
"../../../Engine/Content/Internationalization/icudt64l/lang/zgh.res" 1969
"../../../Engine/Content/Internationalization/icudt64l/region/zgh.res" 1970
"../../../Engine/Content/Internationalization/icudt64l/lang/zh.res" 1971
"../../../Engine/Content/Internationalization/icudt64l/lang/zh_Hans.res" 1972
"../../../Engine/Content/Internationalization/icudt64l/lang/zh_CN.res" 1973
"../../../Engine/Content/Internationalization/icudt64l/lang/zh_Hans_CN.res" 1974
"../../../Engine/Content/Internationalization/icudt64l/region/zh_CN.res" 1975
"../../../Engine/Content/Internationalization/icudt64l/region/zh_Hans_CN.res" 1976
"../../../Engine/Content/Internationalization/icudt64l/region/zh_Hans.res" 1977
"../../../Engine/Content/Internationalization/icudt64l/region/zh.res" 1978
"../../../Engine/Content/Internationalization/icudt64l/lang/zh_HK.res" 1979
"../../../Engine/Content/Internationalization/icudt64l/lang/zh_Hant_HK.res" 1980
"../../../Engine/Content/Internationalization/icudt64l/lang/zh_Hant.res" 1981
"../../../Engine/Content/Internationalization/icudt64l/region/zh_HK.res" 1982
"../../../Engine/Content/Internationalization/icudt64l/region/zh_Hant_HK.res" 1983
"../../../Engine/Content/Internationalization/icudt64l/region/zh_Hant.res" 1984
"../../../Engine/Content/Internationalization/icudt64l/lang/zh_MO.res" 1985
"../../../Engine/Content/Internationalization/icudt64l/lang/zh_Hant_MO.res" 1986
"../../../Engine/Content/Internationalization/icudt64l/region/zh_MO.res" 1987
"../../../Engine/Content/Internationalization/icudt64l/region/zh_Hant_MO.res" 1988
"../../../Engine/Content/Internationalization/icudt64l/lang/zh_SG.res" 1989
"../../../Engine/Content/Internationalization/icudt64l/lang/zh_Hans_SG.res" 1990
"../../../Engine/Content/Internationalization/icudt64l/region/zh_SG.res" 1991
"../../../Engine/Content/Internationalization/icudt64l/region/zh_Hans_SG.res" 1992
"../../../Engine/Content/Internationalization/icudt64l/lang/zh_TW.res" 1993
"../../../Engine/Content/Internationalization/icudt64l/lang/zh_Hant_TW.res" 1994
"../../../Engine/Content/Internationalization/icudt64l/region/zh_TW.res" 1995
"../../../Engine/Content/Internationalization/icudt64l/region/zh_Hant_TW.res" 1996
"../../../Engine/Content/Internationalization/icudt64l/lang/zu.res" 1997
"../../../Engine/Content/Internationalization/icudt64l/region/zu.res" 1998
"../../../Engine/Content/Internationalization/icudt64l/lang/no.res" 1999
"../../../Engine/Content/Internationalization/icudt64l/lang/tl.res" 2000
"../../../Engine/Config/Android/DataDrivenPlatformInfo.ini" 2001
"../../../Engine/Config/IOS/DataDrivenPlatformInfo.ini" 2002
"../../../Engine/Config/Linux/DataDrivenPlatformInfo.ini" 2003
"../../../Engine/Config/Mac/DataDrivenPlatformInfo.ini" 2004
"../../../Engine/Config/TVOS/DataDrivenPlatformInfo.ini" 2005
"../../../Engine/Config/Unix/DataDrivenPlatformInfo.ini" 2006
"../../../Engine/Config/VulkanPC/DataDrivenPlatformInfo.ini" 2007
"../../../Engine/Config/Windows/DataDrivenPlatformInfo.ini" 2008
"../../../Engine/Platforms/VisionOS/Config/DataDrivenPlatformInfo.ini" 2009
"../../../Engine/Content/Renderer/TessellationTable.bin" 2010
"../../../Engine/DerivedDataCache/Compressed.ddp" 2011
"C:/Users/whama/AppData/Local/UnrealEngine/5.7/Saved/Zen/zen.version" 2012
"C:/Users/whama/AppData/Local/UnrealEngine/Common/Zen/Install/zen.version" 2013
"C:/Users/whama/AppData/Local/UnrealEngine/Common/Zen/Install/zenserver.runcontext" 2014
"C:/Users/whama/AppData/Local/UnrealEngine/Common/DerivedDataCache/TestData/0/TestData_4kb.dat" 2015
"C:/Users/whama/AppData/Local/UnrealEngine/Common/DerivedDataCache/TestData/1/TestData_4kb.dat" 2016
"C:/Users/whama/AppData/Local/UnrealEngine/Common/DerivedDataCache/TestData/0/TestData_8kb.dat" 2017
"C:/Users/whama/AppData/Local/UnrealEngine/Common/DerivedDataCache/TestData/1/TestData_8kb.dat" 2018
"C:/Users/whama/AppData/Local/UnrealEngine/Common/DerivedDataCache/TestData/0/TestData_16kb.dat" 2019
"C:/Users/whama/AppData/Local/UnrealEngine/Common/DerivedDataCache/TestData/1/TestData_16kb.dat" 2020
"C:/Users/whama/AppData/Local/UnrealEngine/Common/DerivedDataCache/TestData/0/TestData_64kb.dat" 2021
"C:/Users/whama/AppData/Local/UnrealEngine/Common/DerivedDataCache/TestData/1/TestData_64kb.dat" 2022
"C:/Users/whama/AppData/Local/UnrealEngine/Common/DerivedDataCache/TestData/0/TestData_128kb.dat" 2023
"C:/Users/whama/AppData/Local/UnrealEngine/Common/DerivedDataCache/TestData/1/TestData_128kb.dat" 2024
"C:/Users/whama/AppData/Local/UnrealEngine/Common/DerivedDataCache/TestData/0/TestData_256kb.dat" 2025
"C:/Users/whama/AppData/Local/UnrealEngine/Common/DerivedDataCache/TestData/1/TestData_256kb.dat" 2026
"C:/Users/whama/AppData/Roaming/Unreal Engine/UnrealBuildTool/BuildConfiguration.xml" 2027
"../../../../../../Arcadia/Unreal/Projects/BonkSouls/Intermediate/ShaderAutogen/PCD3D_SM6/AutogenShaderHeaders.ush" 2028
"../../../Engine/Shaders/Private/HairStrands/HairStrandsVertexFactory.ush" 2029
"../../../Engine/Shaders/Private/VertexFactoryCommon.ush" 2030
"../../../Engine/Shaders/Private/Common.ush" 2031
"../../../Engine/Shaders/Public/Platform.ush" 2032
"../../../Engine/Shaders/Public/FP16Math.ush" 2033
"../../../Engine/Shaders/Public/Platform/D3D/D3DCommon.ush" 2034
"../../../Engine/Shaders/Shared/HLSLReservedSpaces.h" 2035
"../../../Engine/Shaders/Public/BindlessResources.ush" 2036
"../../../Engine/Shaders/Public/Platform/D3D/PlatformBindlessResources.ush" 2037
"../../../Engine/Shaders/Shared/RayTracingBuiltInResources.h" 2038
"../../../Engine/Shaders/Shared/RayTracingDefinitions.h" 2039
"../../../Engine/Shaders/Shared/MaterialCacheDefinitions.h" 2040
"../../../Engine/Shaders/Shared/HLSLTypeAliases.h" 2041
"../../../Engine/Shaders/Public/IndirectVirtualTexture.ush" 2042
"../../../Engine/Shaders/Shared/IndirectVirtualTextureDefinitions.h" 2043
"../../../Engine/Shaders/Public/OverloadMacros.ush" 2044
"../../../Engine/Shaders/Public/ShaderVersion.ush" 2045
"../../../Engine/Shaders/Shared/ThirdParty/NVIDIA/nvHLSLExtns.h" 2046
"../../../Engine/Shaders/Shared/ThirdParty/NVIDIA/nvHLSLExtnsInternal.h" 2047
"../../../Engine/Shaders/Shared/ThirdParty/NVIDIA/nvShaderExtnEnums.h" 2048
"../../../Engine/Shaders/Private/PackUnpack.ush" 2049
"../../../Engine/Shaders/Private/GeneratedUniformBufferTypes.ush" 2050
"../../../Engine/Shaders/Private/Nanite/NanitePackedNaniteView.ush" 2051
"../../../Engine/Shaders/Private/HairStrands/HairStrandsVisibilityCommonStruct.ush" 2052
"../../../Engine/Shaders/Private/HairStrands/HairStrandsVoxelPageCommonStruct.ush" 2053
"../../../Engine/Shaders/Private/HairStrands/HairStrandsDeepShadowCommonStruct.ush" 2054
"../../../Engine/Shaders/Shared/LightSceneData.h" 2055
"../../../Engine/Shaders/Private/LargeWorldCoordinates.ush" 2056
"../../../Engine/Shaders/Private/DoubleFloat.ush" 2057
"../../../Engine/Shaders/Private/RandomPCG.ush" 2058
"../../../Engine/Shaders/Private/DoubleFloatOperations.ush" 2059
"../../../Engine/Shaders/Private/DoubleFloatVectorDefinition.ush" 2060
"../../../Engine/Shaders/Private/LWCOperations.ush" 2061
"../../../Engine/Shaders/Shared/LightViewData.h" 2062
"../../../Engine/Shaders/Shared/RayTracingTypes.h" 2063
"../../../Engine/Shaders/Shared/HLSLStaticAssert.h" 2064
"../../../Engine/Shaders/Private/CommonViewUniformBuffer.ush" 2065
"../../../Engine/Shaders/Private/InstancedStereo.ush" 2066
"../../../Engine/Shaders/Private/Definitions.usf" 2067
"../../../Engine/Shaders/Private/AssertionMacros.ush" 2068
"../../../Engine/Shaders/Private/FastMath.ush" 2069
"../../../Engine/Shaders/Private/FastMathThirdParty.ush" 2070
"../../../Engine/Shaders/Private/Random.ush" 2071
"../../../Engine/Shaders/Private/RandomInterleavedGradientNoise.ush" 2072
"../../../Engine/Shaders/Private/SceneData.ush" 2073
"../../../Engine/Shaders/Private/OctahedralCommon.ush" 2074
"../../../Engine/Shaders/Private/WaveOpUtil.ush" 2075
"../../../Engine/Shaders/Private/ByteBuffer.ush" 2076
"../../../Engine/Shaders/Shared/SceneDefinitions.h" 2077
"../../../Engine/Shaders/Private/SceneDataMobileLoader.ush" 2078
"../../../Engine/Shaders/Private/LocalVertexFactoryCommon.ush" 2079
"../../../Engine/Shaders/Private/HairStrands/HairStrandsVisibilityCommon.ush" 2080
"../../../Engine/Shaders/Shared/HairStrandsDefinitions.h" 2081
"../../../Engine/Shaders/Private/HairStrands/HairStrandsVertexFactoryCommon.ush" 2082
"../../../Engine/Shaders/Private/HairStrands/HairStrandsPack.ush" 2083
"../../../Engine/Shaders/Private/HairStrands/HairStrandsAttributeCommon.ush" 2084
"../../../Engine/Shaders/Private/HairStrands/HairStrandsAttributeTemplate.ush" 2085
"../../../Engine/Shaders/Private/VertexFactoryDefaultInterface.ush" 2086
"../../../Engine/Shaders/Private/HairStrands/HairCardsVertexFactory.ush" 2087
"../../../Engine/Shaders/Private/HairStrands/HairCardsAttributeCommon.ush" 2088
"../../../Engine/Shaders/Private/RayTracing/RayTracingCommon.ush" 2089
"../../../Engine/Shaders/Private/ShadingCommon.ush" 2090
"../../../Engine/Shaders/Shared/RayTracingPayloadType.h" 2091
"../../../Engine/Shaders/Private/RayTracing/RayTracingRayCone.ush" 2092
"../../../Engine/Shaders/Private/Substrate/Substrate.ush" 2093
"../../../Engine/Shaders/Private/ShadingEnergyConservation.ush" 2094
"../../../Engine/Shaders/Private/ShadingEnergyConservationTemplate.ush" 2095
"../../../Engine/Shaders/Private/BRDF.ush" 2096
"../../../Engine/Shaders/Private/ColorSpace.ush" 2097
"../../../Engine/Shaders/Private/DeferredShadingCommon.ush" 2098
"../../../Engine/Shaders/Private/LightAccumulator.ush" 2099
"../../../Engine/Shaders/Private/SceneTexturesCommon.ush" 2100
"../../../Engine/Shaders/Private/MonteCarlo.ush" 2101
"../../../Engine/Shaders/Private/GBufferHelpers.ush" 2102
"../../../Engine/Shaders/Private/SceneTextureParameters.ush" 2103
"C:/Arcadia/Unreal/Projects/BonkSouls/Intermediate/ShaderAutogen/PCD3D_SM6/AutogenShaderHeaders.ush" 2104
"../../../Engine/Shaders/Private/ParticipatingMediaCommon.ush" 2105
"../../../Engine/Shaders/Private/ThinFilmBSDF.ush" 2106
"../../../Engine/Shaders/Private/MortonCode.ush" 2107
"../../../Engine/Shaders/Private/SubsurfaceProfileCommon.ush" 2108
"../../../Engine/Shaders/Private/BurleyNormalizedSSSCommon.ush" 2109
"../../../Engine/Shaders/Private/GammaCorrectionCommon.ush" 2110
"../../../Engine/Shaders/Shared/SubstrateDefinitions.h" 2111
"../../../Engine/Shaders/Private/Substrate/SubstrateStatisticalOperators.ush" 2112
"../../../Engine/Shaders/Private/Substrate/SubstrateSubsurface.ush" 2113
"../../../Engine/Shaders/Private/TransmissionCommon.ush" 2114
"../../../Engine/Shaders/Private/Substrate/SubstrateExportCommon.ush" 2115
"../../../Engine/Shaders/Private/SpecularProfileCommon.ush" 2116
"../../../Engine/Shaders/Private/RayTracing/RayTracingCommonMetal.ush" 2117
"../../../Engine/Shaders/Private/PositionReconstructionCommon.ush" 2118
"../../../Engine/Shaders/Private/RayTracing/TraceRayInline.ush" 2119
"../../../Engine/Shaders/Private/RayTracing/TraceRayInlineCommon.ush" 2120
"../../../Engine/Shaders/Private/RayTracing/TraceRayInlineVulkan.ush" 2121
"../../../Engine/Shaders/Private/RayTracing/TraceRayInlineMetal.ush" 2122
"../../../Engine/Shaders/Private/RayTracing/RayTracingHitGroupCommon.ush" 2123
"../../../Engine/Shaders/Private/Nanite/NaniteRayTrace.ush" 2124
"../../../Engine/Shaders/Private/Nanite/NaniteDataDecode.ush" 2125
"../../../Engine/Shaders/Private/BitPacking.ush" 2126
"../../../Engine/Shaders/Private/BitStreamReaderImplementation.ush" 2127
"../../../Engine/Shaders/Private/BoneTransform.ush" 2128
"../../../Engine/Shaders/Private/Quaternion.ush" 2129
"../../../Engine/Shaders/Private/Skinning/SkinningDataDecode.ush" 2130
"../../../Engine/Shaders/Private/GpuSkinCommon.ush" 2131
"../../../Engine/Shaders/Shared/SkinningDefinitions.h" 2132
"../../../Engine/Shaders/Shared/NaniteDefinitions.h" 2133
"../../../Engine/Shaders/Private/Nanite/NaniteAttributeDecode.ush" 2134
"../../../Engine/Shaders/Private/Barycentrics.ush" 2135
"../../../Engine/Shaders/Private/DualNumber.ush" 2136
"../../../Engine/Shaders/Shared/ThirdParty/RayTriangleIntersection.h" 2137
"../../../Engine/Shaders/Private/Nanite/NaniteVertexFetch.ush" 2138
"../../../Engine/Shaders/Private/ViewData.ush" 2139
"../../../Engine/Shaders/Shared/ViewDefinitions.h" 2140
"../../../Engine/Shaders/Private/Nanite/NaniteSceneCommon.ush" 2141
"../../../Engine/Shaders/Private/RayTracing/TraceRayInlineD3D12.ush" 2142
"../../../Engine/Plugins/FX/Niagara/Shaders/Private/NiagaraSpriteVertexFactory.ush" 2143
"../../../Engine/Shaders/Private/ParticleVertexFactoryCommon.ush" 2144
"../../../Engine/Plugins/FX/Niagara/Shaders/Private/NiagaraVFCommon.usf" 2145
"../../../Engine/Plugins/FX/Niagara/Shaders/Private/NiagaraVFParticleAccess.usf" 2146
"../../../Engine/Plugins/FX/Niagara/Shaders/Private/NiagaraParticleAccess.ush" 2147
"../../../Engine/Plugins/FX/Niagara/Shaders/Private/NiagaraRibbonVertexFactory.ush" 2148
"../../../Engine/Plugins/FX/Niagara/Shaders/Private/NiagaraMeshVertexFactory.ush" 2149
"../../../Engine/Plugins/FX/Niagara/Shaders/Private/NiagaraCommon.ush" 2150
"../../../Engine/Plugins/FX/Niagara/Shaders/Private/NiagaraMeshParticleUtils.ush" 2151
"../../../Engine/Shaders/Private/VectorFieldVisualizationVertexFactory.ush" 2152
"../../../Engine/Shaders/Private/Nanite/NaniteVertexFactory.ush" 2153
"../../../Engine/Shaders/Private/LightmapData.ush" 2154
"../../../Engine/Shaders/Private/SplineMeshCommon.ush" 2155
"../../../Engine/Shaders/Shared/SplineMeshShaderParams.h" 2156
"../../../Engine/Shaders/Private/ShaderPrint.ush" 2157
"../../../Engine/Shaders/Private/ShaderPrintCommon.ush" 2158
"../../../Engine/Shaders/Private/MiniFontCommon.ush" 2159
"../../../Engine/Shaders/Private/SGGX.ush" 2160
"../../../Engine/Shaders/Private/MaterialCache/MaterialCacheCommon.ush" 2161
"../../../Engine/Shaders/Private/Nanite/NaniteVertexDeformation.ush" 2162
"../../../Engine/Shaders/Private/Matrices.ush" 2163
"../../../Engine/Shaders/Private/ParticleSpriteVertexFactory.ush" 2164
"../../../Engine/Shaders/Private/ParticleGPUSpriteVertexFactory.ush" 2165
"../../../Engine/Shaders/Private/ParticleSimulationCommon.ush" 2166
"../../../Engine/Shaders/Private/ParticleBeamTrailVertexFactory.ush" 2167
"../../../Engine/Shaders/Private/MeshParticleVertexFactory.ush" 2168
"../../../Engine/Shaders/Private/LocalVertexFactory.ush" 2169
"../../../Engine/Shaders/Private/GpuSkinVertexFactory.ush" 2170
"../../../Engine/Shaders/Private/GeometryCollectionVertexFactory.ush" 2171
"../../../Engine/Shaders/Private/GeometryCacheVertexFactory.ush" 2172
"../../../Engine/Shaders/Private/LandscapeVertexFactory.ush" 2173
"../../../Engine/Plugins/Experimental/NFORDenoise/Shaders/NFORDenoise.usf" 2174
"../../../Engine/Shaders/Private/ScreenPass.ush" 2175
"../../../Engine/Plugins/Experimental/NFORDenoise/Shaders/NFORRegressionCommon.ush" 2176
"../../../Engine/Plugins/Experimental/NFORDenoise/Shaders/NFORRegression.ush" 2177
"../../../Engine/Plugins/Compositing/CompositeCore/Shaders/Private/CompositeCoreMerge.usf" 2178
"../../../Engine/Shaders/Private/LensDistortion.ush" 2179
"../../../Engine/Plugins/Compositing/CompositeCore/Shaders/Private/CompositeCoreBlending.ush" 2180
"../../../Engine/Plugins/Compositing/CompositeCore/Shaders/Private/CompositeCoreDisplayTransform.usf" 2181
"../../../Engine/Plugins/Compositing/CompositeCore/Shaders/Private/CompositeCoreDilate.usf" 2182
"../../../Engine/Plugins/NNE/NNEDenoiser/Shaders/NNEDenoiserShadersTransferFunctionOidn.usf" 2183
"../../../Engine/Plugins/NNE/NNEDenoiser/Shaders/NNEDenoiserShadersMappedCopy.usf" 2184
"../../../Engine/Plugins/NNE/NNEDenoiser/Shaders/NNEDenoiserShadersDefaultIOProcess.usf" 2185
"../../../Engine/Plugins/NNE/NNEDenoiser/Shaders/NNEDenoiserShadersAutoExposureReduceFinal.usf" 2186
"../../../Engine/Plugins/NNE/NNEDenoiser/Shaders/NNEDenoiserShadersAutoExposureReduce.usf" 2187
"../../../Engine/Plugins/NNE/NNEDenoiser/Shaders/NNEDenoiserShadersAutoExposureDownsample.usf" 2188
"../../../Engine/Plugins/Media/WmfMedia/Shaders/Private/MediaHardwareVideoDecoding.usf" 2189
"../../../Engine/Shaders/Private/ColorUtils.ush" 2190
"../../../Engine/Plugins/Media/ImgMedia/Shaders/Private/ExrSwizzler.usf" 2191
"../../../Engine/Plugins/Enterprise/GLTFExporter/Shaders/Private/SimpleTexture2DPS.usf" 2192
"../../../Engine/Shaders/Private/SimpleElementNormalMapPixelShader.usf" 2193
"../../../Engine/Plugins/Runtime/HairStrands/Shaders/Private/NiagaraCopyVelocityGrid.usf" 2194
"../../../Engine/Plugins/Runtime/HairStrands/Shaders/Private/NiagaraClearVelocityGrid.usf" 2195
"../../../Engine/Plugins/Runtime/HairStrands/Shaders/Private/NiagaraClearPressureGrid.usf" 2196
"../../../Engine/Plugins/Runtime/HairStrands/Shaders/Private/NiagaraInterpolateGroomGuides.usf" 2197
"../../../Engine/Plugins/Runtime/HairStrands/Shaders/Private/NiagaraGroomInterpolationUtils.ush" 2198
"../../../Engine/Plugins/FX/Niagara/Shaders/Private/NiagaraQuaternionUtils.ush" 2199
"../../../Engine/Shaders/Private/HairStrands/HairStrandsMesh.usf" 2200
"../../../Engine/Shaders/Private/HairStrands/HairStrandsBindingCommon.ush" 2201
"../../../Engine/Shaders/Private/HairStrands/HairStrandsFollicleMask.usf" 2202
"../../../Engine/Shaders/Private/HairStrands/HairStrandsSkinUpdate.usf" 2203
"../../../Engine/Shaders/Private/HairStrands/HairStrandsClusterCulling.usf" 2204
"../../../Engine/Shaders/Private/ColorMap.ush" 2205
"../../../Engine/Shaders/Private/HairStrands/HairStrandsAABBCommon.ush" 2206
"../../../Engine/Shaders/Private/HairStrands/HairStrandsClusterCommon.ush" 2207
"../../../Engine/Shaders/Private/ThreadGroupPrefixSum.ush" 2208
"../../../Engine/Shaders/Private/HairStrands/HairStrandsRaytracingGeometry.usf" 2209
"../../../Engine/Shaders/Private/HairStrands/HairStrandsTangent.usf" 2210
"../../../Engine/Shaders/Private/HairStrands/HairCardsDeformation.usf" 2211
"../../../Engine/Shaders/Private/HairStrands/HairStrandsInterpolation.usf" 2212
"../../../Engine/Shaders/Private/HairStrands/HairStrandsGuideDeform.usf" 2213
"../../../Engine/Shaders/Private/HairStrands/HairStrandsTexturesGeneration.usf" 2214
"../../../Engine/Shaders/Private/HairStrands/HairCardsTextureCommon.ush" 2215
"../../../Engine/Shaders/Private/HairStrands/HairStrandsTranscode.usf" 2216
"../../../Engine/Shaders/Private/HairStrands/HairStrandsDebug.usf" 2217
"../../../Engine/Shaders/Private/HairShadingCommon.ush" 2218
"../../../Engine/Shaders/Private/PostProcessCommon.ush" 2219
"../../../Engine/Shaders/Private/ShadingModels.ush" 2220
"../../../Engine/Shaders/Private/CapsuleLight.ush" 2221
"../../../Engine/Shaders/Private/RectLight.ush" 2222
"../../../Engine/Shaders/Private/LightData.ush" 2223
"../../../Engine/Shaders/Shared/LightDefinitions.h" 2224
"../../../Engine/Shaders/Private/AreaLightCommon.ush" 2225
"../../../Engine/Shaders/Private/HairBsdf.ush" 2226
"../../../Engine/Shaders/Private/PathTracing/Utilities/PathTracingRandomSequence.ush" 2227
"../../../Engine/Shaders/Private/MobileGGX.ush" 2228
"../../../Engine/Shaders/Private/HairStrands/HairStrandsCommon.ush" 2229
"../../../Engine/Shaders/Private/HairStrands/HairStrandsEnvironmentLightingCommon.ush" 2230
"../../../Engine/Shaders/Private/HairStrands/HairStrandsDeepTransmittanceCommon.ush" 2231
"../../../Engine/Shaders/Private/HairStrands/HairStrandsDeepTransmittanceDualScattering.ush" 2232
"../../../Engine/Shaders/Private/HairStrands/HairStrandsDeepShadowCommon.ush" 2233
"../../../Engine/Shaders/Private/HairStrands/HairStrandsDebugCommonStruct.ush" 2234
"../../../Engine/Plugins/FX/Niagara/Shaders/Private/NiagaraVertexFactoryExport.usf" 2235
"../../../Engine/Shaders/Private/ComputeShaderUtils.ush" 2236
"../../../Engine/Shaders/Private/MaterialTemplate.ush" 2237
"../../../Engine/Shaders/Private/WorldSpaceMath.ush" 2238
"../../../Engine/Shaders/Private/EyeAdaptationCommon.ush" 2239
"../../../Engine/Shaders/Private/SobolRandom.ush" 2240
"../../../Engine/Shaders/Private/DepthOfFieldCommon.ush" 2241
"../../../Engine/Shaders/Private/CircleDOFCommon.ush" 2242
"../../../Engine/Shaders/Private/DistanceField/GlobalDistanceFieldShared.ush" 2243
"../../../Engine/Shaders/Private/PhysicsFieldSampler.ush" 2244
"../../../Engine/Shaders/Private/PhysicsFieldShared.ush" 2245
"../../../Engine/Shaders/Private/SparseVolumeTexture/SparseVolumeTextureCommon.ush" 2246
"../../../Engine/Shaders/Shared/EnvironmentComponentsFlags.h" 2247
"../../../Engine/Shaders/Private/MeshPaintTextureCommon.ush" 2248
"../../../Engine/Shaders/Private/VirtualTextureMaterial.ush" 2249
"../../../Engine/Shaders/Private/MaterialCache/MaterialCacheMaterialCommon.ush" 2250
"../../../Engine/Shaders/Private/Quantization.ush" 2251
"../../../Engine/Shaders/Private/SpeedTreeCommon.ush" 2252
"../../../Engine/Shaders/Private/VirtualTextureCommon.ush" 2253
"../../../Engine/Shaders/Public/IndirectVirtualTextureCommon.ush" 2254
"../../../Engine/Shaders/Private/MaterialTexture.ush" 2255
"../../../Engine/Shaders/Private/MinMaterialTexCoords.ush" 2256
"../../../Engine/Shaders/Private/SkyAtmosphereCommon.ush" 2257
"../../../Engine/Shaders/Private/SingleLayerWaterCommon.ush" 2258
"../../../Engine/Shaders/Private/TextureSampling.ush" 2259
"../../../Engine/Shaders/Private/PaniniProjection.ush" 2260
"../../../Engine/Shaders/Private/DBufferNormalReprojection.ush" 2261
"../../../Engine/Shaders/Public/SubstratePublic.ush" 2262
"../../../Engine/Shaders/Private/Substrate/SubstrateRead.ush" 2263
"../../../Engine/Shaders/Private/Substrate/SubstrateTree.ush" 2264
"../../../Engine/Shaders/Private/Substrate/SubstrateEvaluation.ush" 2265
"../../../Engine/Shaders/Private/Substrate/Glint/GlintThirdParty.ush" 2266
"../../../Engine/Shaders/Private/BlueNoise.ush" 2267
"../../../Engine/Shaders/Private/SHCommon.ush" 2268
"../../../Engine/Shaders/Private/ShadingModelsSampling.ush" 2269
"../../../Engine/Shaders/Private/HairStrands/HairBsdfSample.ush" 2270
"../../../Engine/Shaders/Private/Substrate/SubstrateLegacyConversion.ush" 2271
"../../../Engine/Shaders/Private/DBufferDecalShared.ush" 2272
"../../../Engine/Plugins/FX/Niagara/Shaders/Private/NiagaraSortKeyGen.usf" 2273
"../../../Engine/Plugins/FX/Niagara/Shaders/Private/NiagaraGPURayTracingTransforms.usf" 2274
"../../../Engine/Plugins/FX/Niagara/Shaders/Private/NiagaraDrawIndirectArgsGen.usf" 2275
"../../../Engine/Plugins/FX/Niagara/Shaders/Private/NiagaraDispatchIndirectArgsGen.usf" 2276
"../../../Engine/Plugins/FX/Niagara/Shaders/Private/Stateless/NiagaraStatelessSimulationDefault.usf" 2277
"../../../Engine/Plugins/FX/Niagara/Shaders/Private/Stateless/NiagaraStatelessCommon.ush" 2278
"../../../Engine/Plugins/FX/Niagara/Shaders/Shared/NiagaraStatelessDefinitions.h" 2279
"../../../Engine/Plugins/FX/Niagara/Shaders/Shared/NiagaraStatelessBuiltDistribution.h" 2280
"../../../Engine/Plugins/FX/Niagara/Shaders/Private/Stateless/NiagaraStatelessDistribution.ush" 2281
"../../../Engine/Plugins/FX/Niagara/Shaders/Private/Stateless/Template/GenerateCS_PreModules.ush" 2282
"../../../Engine/Plugins/FX/Niagara/Shaders/Private/Stateless/Modules/NiagaraStatelessModule_CalculateAccurateVelocity.ush" 2283
"../../../Engine/Plugins/FX/Niagara/Shaders/Private/Stateless/Modules/NiagaraStatelessModule_CameraOffset.ush" 2284
"../../../Engine/Plugins/FX/Niagara/Shaders/Private/Stateless/Modules/NiagaraStatelessModule_DynamicMaterialParameters.ush" 2285
"../../../Engine/Plugins/FX/Niagara/Shaders/Private/Stateless/Modules/NiagaraStatelessModule_InitializeParticle.ush" 2286
"../../../Engine/Plugins/FX/Niagara/Shaders/Private/Stateless/Modules/NiagaraStatelessModule_InitialMeshOrientation.ush" 2287
"../../../Engine/Plugins/FX/Niagara/Shaders/Private/Stateless/Modules/NiagaraStatelessModule_MeshIndex.ush" 2288
"../../../Engine/Plugins/FX/Niagara/Shaders/Private/Stateless/Modules/NiagaraStatelessModule_MeshRotationRate.ush" 2289
"../../../Engine/Plugins/FX/Niagara/Shaders/Private/Stateless/Modules/NiagaraStatelessModule_RotateAroundPoint.ush" 2290
"../../../Engine/Plugins/FX/Niagara/Shaders/Private/Stateless/Modules/NiagaraStatelessModule_ShapeLocation.ush" 2291
"../../../Engine/Plugins/FX/Niagara/Shaders/Private/Stateless/Modules/NiagaraStatelessModule_ScaleColor.ush" 2292
"../../../Engine/Plugins/FX/Niagara/Shaders/Private/Stateless/Modules/NiagaraStatelessModule_ScaleRibbonWidth.ush" 2293
"../../../Engine/Plugins/FX/Niagara/Shaders/Private/Stateless/Modules/NiagaraStatelessModule_ScaleSpriteSize.ush" 2294
"../../../Engine/Plugins/FX/Niagara/Shaders/Private/Stateless/Modules/NiagaraStatelessModule_ScaleSpriteSizeBySpeed.ush" 2295
"../../../Engine/Plugins/FX/Niagara/Shaders/Private/Stateless/Modules/NiagaraStatelessModule_ScaleMeshSize.ush" 2296
"../../../Engine/Plugins/FX/Niagara/Shaders/Private/Stateless/Modules/NiagaraStatelessModule_ScaleMeshSizebySpeed.ush" 2297
"../../../Engine/Plugins/FX/Niagara/Shaders/Private/Stateless/Modules/NiagaraStatelessModule_SolveVelocitiesAndForces.ush" 2298
"../../../Engine/Plugins/FX/Niagara/Shaders/Private/Stateless/Modules/NiagaraStatelessModule_SpriteFacingAndAlignment.ush" 2299
"../../../Engine/Plugins/FX/Niagara/Shaders/Private/Stateless/Modules/NiagaraStatelessModule_SpriteRotationRate.ush" 2300
"../../../Engine/Plugins/FX/Niagara/Shaders/Private/Stateless/Modules/NiagaraStatelessModule_SubUVAnimation.ush" 2301
"../../../Engine/Plugins/FX/Niagara/Shaders/Private/Stateless/Template/GenerateCS_PostModules.ush" 2302
"../../../Engine/Plugins/FX/Niagara/Shaders/Private/NiagaraBlendSVTsToDenseBuffer.usf" 2303
"../../../Engine/Plugins/FX/Niagara/Shaders/Private/NiagaraSVTToDenseBuffer.usf" 2304
"../../../Engine/Plugins/FX/Niagara/Shaders/Private/NiagaraFillIntBuffer.usf" 2305
"../../../Engine/Plugins/FX/Niagara/Shaders/Private/NiagaraComputeFreeIDs.usf" 2306
"../../../Engine/Plugins/FX/Niagara/Shaders/Private/NiagaraInitFreeIDBuffer.usf" 2307
"../../../Engine/Plugins/FX/Niagara/Shaders/Private/NiagaraEmitterInstanceShader.usf" 2308
"../../../Engine/Plugins/FX/Niagara/Shaders/Private/NiagaraShaderVersion.ush" 2309
"../../../Engine/Plugins/FX/Niagara/Shaders/Private/NiagaraPhysicsCommon.ush" 2310
"../../../Engine/Plugins/FX/Niagara/Shaders/Private/Ribbons/NiagaraRibbonAggregationApply.usf" 2311
"../../../Engine/Plugins/FX/Niagara/Shaders/Private/Ribbons/NiagaraRibbonCommon.ush" 2312
"../../../Engine/Plugins/FX/Niagara/Shaders/Shared/NiagaraRibbonShared.h" 2313
"../../../Engine/Plugins/FX/Niagara/Shaders/Private/Ribbons/NiagaraRibbonAggregationStep.usf" 2314
"../../../Engine/Plugins/FX/Niagara/Shaders/Private/Ribbons/NiagaraRibbonGenerateIndices.usf" 2315
"../../../Engine/Plugins/FX/Niagara/Shaders/Private/Ribbons/NiagaraRibbonInitializeIndices.usf" 2316
"../../../Engine/Plugins/FX/Niagara/Shaders/Private/Ribbons/NiagaraRibbonRibbonUVParamCalculation.usf" 2317
"../../../Engine/Plugins/FX/Niagara/Shaders/Private/Ribbons/NiagaraRibbonVertexReductionFinalization.usf" 2318
"../../../Engine/Plugins/FX/Niagara/Shaders/Private/Ribbons/NiagaraRibbonVertexReductionInitialization.usf" 2319
"../../../Engine/Plugins/FX/Niagara/Shaders/Private/Ribbons/NiagaraRibbonSortParticles.usf" 2320
"../../../Engine/Plugins/FX/Niagara/Shaders/Private/NiagaraLWCHelper.usf" 2321
"../../../Engine/Plugins/FX/Niagara/Shaders/Private/NiagaraUpdateMeshGPUSceneInstances.usf" 2322
"../../../Engine/Shaders/Private/GPUScene/GPUSceneWriter.ush" 2323
"../../../Engine/Plugins/FX/Niagara/Shaders/Private/NiagaraGenerateMips.usf" 2324
"../../../Engine/Plugins/FX/Niagara/Shaders/Private/NiagaraDebugDraw.usf" 2325
"../../../Engine/Plugins/FX/Niagara/Shaders/Private/NiagaraDebugDraw.ush" 2326
"../../../Engine/Plugins/FX/Niagara/Shaders/Private/NiagaraVisualizeTexture.usf" 2327
"../../../Engine/Plugins/FX/Niagara/Shaders/Private/NiagaraClearCounts.usf" 2328
"../../../Engine/Plugins/FX/Niagara/Shaders/Private/NiagaraBatchedElements.usf" 2329
"../../../Engine/Plugins/FX/Niagara/Shaders/Private/NiagaraRayTracingShaders.usf" 2330
"../../../Engine/Plugins/FX/Niagara/Shaders/Private/NiagaraAsyncGpuTraceCommon.ush" 2331
"../../../Engine/Shaders/Private/HashTable.ush" 2332
"../../../Engine/Shaders/Private/Hash.ush" 2333
"../../../Engine/Shaders/Private/RayTracing/VFXTraceRay.ush" 2334
"../../../Engine/Plugins/FX/Niagara/Shaders/Private/NiagaraRayMarchingShaders.usf" 2335
"../../../Engine/Plugins/FX/Niagara/Shaders/Private/NiagaraRayTraceCollisionGroupShaders.usf" 2336
"../../../Engine/Plugins/FX/Niagara/Shaders/Private/NiagaraAsyncGpuTraceUtils.usf" 2337
"../../../Engine/Plugins/Runtime/ComputeFramework/Shaders/Private/ComputeKernel.usf" 2338
"../../../Engine/Plugins/Runtime/ComputeFramework/Shaders/Private/ComputeKernelCommon.ush" 2339
"../../../Engine/Shaders/Private/VirtualTextureAdapter.usf" 2340
"../../../Engine/Shaders/Private/BlockCompressionCommon.ush" 2341
"../../../Engine/Shaders/Private/BCCompressionCommon.ush" 2342
"../../../Engine/Shaders/Private/TranslucentLightingShaders.usf" 2343
"../../../Engine/Shaders/Private/TranslucencyVolumeInjectionCommon.ush" 2344
"../../../Engine/Shaders/Private/CubemapCommon.ush" 2345
"../../../Engine/Shaders/Private/VectorFieldCompositeShaders.usf" 2346
"../../../Engine/Shaders/Private/UpdateTextureShaders.usf" 2347
"../../../Engine/Shaders/Private/StereoLayerShader.usf" 2348
"../../../Engine/Shaders/Private/SparseVolumeTexture/UpdateSparseVolumeTexture.usf" 2349
"../../../Engine/Shaders/Private/MorphTargets.usf" 2350
"../../../Engine/Shaders/Private/SimpleElementColorChannelMaskPixelShader.usf" 2351
"../../../Engine/Shaders/Private/SimpleElementHitProxyPixelShader.usf" 2352
"../../../Engine/Shaders/Private/SimpleElementPixelShader.usf" 2353
"../../../Engine/Shaders/Private/IESLightProfilesCommon.ush" 2354
"../../../Engine/Shaders/Private/SimpleElementVertexShader.usf" 2355
"../../../Engine/Shaders/Private/ScreenPixelShaderOES.usf" 2356
"../../../Engine/Shaders/Private/ScreenVertexShader.usf" 2357
"../../../Engine/Shaders/Private/ScreenPixelShader.usf" 2358
"../../../Engine/Shaders/Private/SSProfilePreIntegratedMobile.usf" 2359
"../../../Engine/Shaders/Private/SpecularProfile.usf" 2360
"../../../Engine/Shaders/Private/Nanite/NaniteStreaming.usf" 2361
"../../../Engine/Shaders/Private/Nanite/NaniteStreaming.ush" 2362
"../../../Engine/Shaders/Private/VolumetricLightmapStreaming.usf" 2363
"../../../Engine/Shaders/Private/PhysicsFieldReset.usf" 2364
"../../../Engine/Shaders/Private/PhysicsFieldBuilder.usf" 2365
"../../../Engine/Shaders/Private/PhysicsFieldEval.ush" 2366
"../../../Engine/Shaders/Private/ParticleSortKeyGen.usf" 2367
"../../../Engine/Shaders/Private/ParticleBoundsShader.usf" 2368
"../../../Engine/Shaders/Private/ParticleSimVisualizeShader.usf" 2369
"../../../Engine/Shaders/Private/ParticleInjectionShader.usf" 2370
"../../../Engine/Shaders/Private/ParticleSimulationShader.usf" 2371
"../../../Engine/Shaders/Private/ParticleCurveInjectionShader.usf" 2372
"../../../Engine/Shaders/Private/Nanite/NaniteTranscode.usf" 2373
"../../../Engine/Shaders/Private/Nanite/NaniteScatterUpdates.usf" 2374
"../../../Engine/Shaders/Private/CopyUIntBuffer.usf" 2375
"../../../Engine/Shaders/Private/RadixSortShaders.usf" 2376
"../../../Engine/Shaders/Private/RecomputeTangentsPerVertexPass.usf" 2377
"../../../Engine/Shaders/Private/RecomputeTangentsCommon.ush" 2378
"../../../Engine/Shaders/Private/RecomputeTangentsPerTrianglePass.usf" 2379
"../../../Engine/Shaders/Private/DynamicMeshBounds.usf" 2380
"../../../Engine/Shaders/Private/GpuSkinCacheComputeShader.usf" 2381
"../../../Engine/Shaders/Private/DynamicMeshBounds.ush" 2382
"../../../Engine/Shaders/Private/HeightFieldAtlasManagement.usf" 2383
"../../../Engine/Shaders/Private/Landscape/LandscapeEditLayersUtils.usf" 2384
"../../../Engine/Shaders/Private/Landscape/LandscapeCommon.ush" 2385
"../../../Engine/Shaders/Private/Landscape/LandscapeEditLayersWeightmaps.usf" 2386
"../../../Engine/Shaders/Private/Landscape/LandscapeEditLayersHeightmaps.usf" 2387
"../../../Engine/Shaders/Private/LandscapeLayersPS.usf" 2388
"../../../Engine/Shaders/Private/LandscapePhysicalMaterial.usf" 2389
"../../../Engine/Shaders/Private/LandscapeGrassWeight.usf" 2390
"../../../Engine/Shaders/Private/Landscape/LandscapeCulling.usf" 2391
"../../../Engine/Shaders/Private/Nanite/NaniteHZBCull.ush" 2392
"../../../Engine/Shaders/Private/HZB.ush" 2393
"../../../Engine/Shaders/Private/Landscape/LandscapeMergeTexturesPS.usf" 2394
"../../../Engine/Shaders/Private/WideCustomResolveShaders.usf" 2395
"../../../Engine/Shaders/Private/WideCustomResolve_Wide.ush" 2396
"../../../Engine/Shaders/Private/WideCustomResolve_Wider.ush" 2397
"../../../Engine/Shaders/Private/WideCustomResolve_Widest.ush" 2398
"../../../Engine/Shaders/Private/WaterInfoTextureBlur.usf" 2399
"../../../Engine/Shaders/Private/WaterInfoTextureMerge.usf" 2400
"../../../Engine/Shaders/Private/PageTableUpdate.usf" 2401
"../../../Engine/Shaders/Private/VirtualTextureCompress.usf" 2402
"../../../Engine/Shaders/Private/ASTCCompressionCommon.ush" 2403
"../../../Engine/Shaders/Private/IntegerSequenceEncoding.ush" 2404
"../../../Engine/Shaders/Private/ETCCompressionCommon.ush" 2405
"../../../Engine/Shaders/Private/VirtualTextureMaterial.usf" 2406
"../../../Engine/Shaders/Private/PixelShaderOutputCommon.ush" 2407
"../../../Engine/Shaders/Private/ShaderOutputCommon.ush" 2408
"../../../Engine/Shaders/Private/VolumetricRenderTarget.usf" 2409
"../../../Engine/Shaders/Private/HeightFogCommon.ush" 2410
"../../../Engine/Shaders/Private/LocalFogVolumes/LocalFogVolumeCommon.ush" 2411
"../../../Engine/Shaders/Private/ReflectionEnvironmentShared.ush" 2412
"../../../Engine/Shaders/Private/VolumetricFogVoxelization.usf" 2413
"../../../Engine/Shaders/Private/VolumetricCloudMaterialPixelCommon.ush" 2414
"../../../Engine/Shaders/Private/VolumetricFogLightFunction.usf" 2415
"../../../Engine/Shaders/Private/LightFunctionCommon.ush" 2416
"../../../Engine/Shaders/Private/VolumetricFog.usf" 2417
"../../../Engine/Shaders/Private/DeferredLightingCommon.ush" 2418
"../../../Engine/Shaders/Private/DynamicLightingCommon.ush" 2419
"../../../Engine/Shaders/Private/CapsuleLightIntegrate.ush" 2420
"../../../Engine/Shaders/Private/CapsuleLightSampling.ush" 2421
"../../../Engine/Shaders/Private/RectLightIntegrate.ush" 2422
"../../../Engine/Shaders/Private/ScreenSpaceShadowRayCast.ush" 2423
"../../../Engine/Shaders/Private/LightFunctionAtlas/LightFunctionAtlasCommon.usf" 2424
"../../../Engine/Shaders/Private/LightGridCommon.ush" 2425
"../../../Engine/Shaders/Private/DistanceFieldAOShared.ush" 2426
"../../../Engine/Shaders/Private/IntersectionUtils.ush" 2427
"../../../Engine/Shaders/Private/VolumeLightingCommon.ush" 2428
"../../../Engine/Shaders/Private/ShadowProjectionCommon.ush" 2429
"../../../Engine/Shaders/Private/ShadowFilteringCommon.ush" 2430
"../../../Engine/Shaders/Private/PixelQuadMessagePassing.ush" 2431
"../../../Engine/Shaders/Private/VolumeLightingCommonSampling.ush" 2432
"../../../Engine/Shaders/Private/VolumetricLightmapShared.ush" 2433
"../../../Engine/Shaders/Private/ForwardShadowingCommon.ush" 2434
"../../../Engine/Shaders/Private/LightDataUniforms.ush" 2435
"../../../Engine/Shaders/Private/Lumen/LumenTranslucencyVolumeShared.ush" 2436
"../../../Engine/Shaders/Private/Lumen/LumenRadianceCacheInterpolation.ush" 2437
"../../../Engine/Shaders/Private/VirtualShadowMaps/VirtualShadowMapProjectionCommon.ush" 2438
"../../../Engine/Shaders/Private/VirtualShadowMaps/VirtualShadowMapPageAccessCommon.ush" 2439
"../../../Engine/Shaders/Shared/VirtualShadowMapDefinitions.h" 2440
"../../../Engine/Shaders/Shared/HLSLMathAliases.h" 2441
"../../../Engine/Shaders/Private/VirtualShadowMaps/VirtualShadowMapHandle.ush" 2442
"../../../Engine/Shaders/Private/VirtualShadowMaps/VirtualShadowMapProjectionStructs.ush" 2443
"../../../Engine/Shaders/Private/DiaphragmDOF/DOFCommon.ush" 2444
"../../../Engine/Shaders/Private/VolumetricCloudCommon.ush" 2445
"../../../Engine/Shaders/Private/VolumetricCloud.usf" 2446
"../../../Engine/Shaders/Private/VisualizeVolumetricLightmap.usf" 2447
"../../../Engine/Shaders/Private/VirtualShadowMaps/VirtualShadowMapProjectionComposite.usf" 2448
"../../../Engine/Shaders/Private/LightShaderParameters.ush" 2449
"../../../Engine/Shaders/Private/VirtualShadowMaps/VirtualShadowMapMaskBitsCommon.ush" 2450
"../../../Engine/Shaders/Private/VirtualShadowMaps/VirtualShadowMapLightGrid.ush" 2451
"../../../Engine/Shaders/Private/VirtualShadowMaps/VirtualShadowMapProjection.usf" 2452
"../../../Engine/Shaders/Private/Visualization.ush" 2453
"../../../Engine/Shaders/Private/VirtualShadowMaps/VirtualShadowMapProjectionFilter.ush" 2454
"../../../Engine/Shaders/Private/VirtualShadowMaps/VirtualShadowMapProjectionDirectional.ush" 2455
"../../../Engine/Shaders/Private/VirtualShadowMaps/VirtualShadowMapSMRTCommon.ush" 2456
"../../../Engine/Shaders/Private/VirtualShadowMaps/VirtualShadowMapSMRTTemplate.ush" 2457
"../../../Engine/Shaders/Private/VirtualShadowMaps/VirtualShadowMapProjectionSpot.ush" 2458
"../../../Engine/Shaders/Private/VirtualShadowMaps/VirtualShadowMapTransmissionCommon.ush" 2459
"../../../Engine/Shaders/Private/VirtualShadowMaps/VirtualShadowMapScreenRayTrace.ush" 2460
"../../../Engine/Shaders/Private/VirtualShadowMaps/VirtualShadowMapStats.ush" 2461
"../../../Engine/Shaders/Private/HairStrands/HairStrandsVoxelPageCommon.ush" 2462
"../../../Engine/Shaders/Private/HairStrands/HairStrandsVoxelPageTraversal.ush" 2463
"../../../Engine/Shaders/Private/VirtualShadowMaps/VirtualShadowMapCacheGPUInvalidation.usf" 2464
"../../../Engine/Shaders/Private/VirtualShadowMaps/VirtualShadowMapPageCacheCommon.ush" 2465
"../../../Engine/Shaders/Private/VirtualShadowMaps/VirtualShadowMapCacheInvalidation.ush" 2466
"../../../Engine/Shaders/Private/VirtualShadowMaps/VirtualShadowMapPageOverlap.ush" 2467
"../../../Engine/Shaders/Private/ScreenSpaceDenoise/SSDDefinitions.ush" 2468
"../../../Engine/Shaders/Private/InstanceCulling/InstanceCullingLoadBalancer.ush" 2469
"../../../Engine/Shaders/Private/VirtualShadowMaps/VirtualShadowMapCacheLoadBalancer.usf" 2470
"../../../Engine/Shaders/Private/VirtualShadowMaps/VirtualShadowMapCopyStats.usf" 2471
"../../../Engine/Shaders/Private/VirtualShadowMaps/VirtualShadowMapShadowCasterBounds.usf" 2472
"../../../Engine/Shaders/Private/VirtualShadowMaps/VirtualShadowMapVisualize.ush" 2473
"../../../Engine/Shaders/Private/VirtualShadowMaps/VirtualShadowMapShadowCasterColor.usf" 2474
"../../../Engine/Shaders/Private/VirtualShadowMaps/VirtualShadowMapDebug.usf" 2475
"../../../Engine/Shaders/Private/VirtualShadowMaps/Desaturate.usf" 2476
"../../../Engine/Shaders/Private/VirtualShadowMaps/VirtualShadowMapPhysicalPageManagement.usf" 2477
"../../../Engine/Shaders/Private/ReductionCommon.ush" 2478
"../../../Engine/Shaders/Private/GPUMessaging.ush" 2479
"../../../Engine/Shaders/Private/VirtualShadowMaps/VirtualShadowMapPerPageDispatch.ush" 2480
"../../../Engine/Shaders/Private/VirtualShadowMaps/VirtualShadowMapComputeExplicitChunkDrawsViewMask.usf" 2481
"../../../Engine/Shaders/Shared/SceneCullingDefinitions.h" 2482
"../../../Engine/Shaders/Private/VirtualShadowMaps/VirtualShadowMapCompactViews.usf" 2483
"../../../Engine/Shaders/Private/VirtualShadowMaps/VirtualShadowMapBuildPerPageDrawCommands.usf" 2484
"../../../Engine/Shaders/Private/Nanite/NaniteCullingCommon.ush" 2485
"../../../Engine/Shaders/Private/Nanite/NaniteCulling.ush" 2486
"../../../Engine/Shaders/Private/Nanite/NaniteHierarchyTraversalCommon.ush" 2487
"../../../Engine/Shaders/Private/InstanceCulling/InstanceCullingCommon.ush" 2488
"../../../Engine/Shaders/Shared/InstanceCullingDefinitions.h" 2489
"../../../Engine/Shaders/Private/VirtualShadowMaps/VirtualShadowMapPrintStats.usf" 2490
"../../../Engine/Shaders/Private/VirtualShadowMaps/VirtualShadowMapPageManagement.usf" 2491
"../../../Engine/Shaders/Private/VirtualShadowMaps/VirtualShadowMapPageMarking.usf" 2492
"../../../Engine/Shaders/Private/VirtualShadowMaps/VirtualShadowMapPageMarking.ush" 2493
"../../../Engine/Shaders/Shared/SingleLayerWaterDefinitions.h" 2494
"../../../Engine/Shaders/Private/HairStrands/HairStrandsTileCommon.ush" 2495
"../../../Engine/Shaders/Private/Froxel/Froxel.ush" 2496
"../../../Engine/Shaders/Shared/FroxelDefinitions.h" 2497
"../../../Engine/Shaders/Private/VirtualShadowMaps/VirtualShadowMapThrottle.usf" 2498
"../../../Engine/Shaders/Private/VelocityUpdate.usf" 2499
"../../../Engine/Shaders/Private/VelocityCommon.ush" 2500
"../../../Engine/Shaders/Private/VelocityShader.usf" 2501
"../../../Engine/Shaders/Private/VariableRateShading/VRSShadingRatePreview.usf" 2502
"../../../Engine/Shaders/Private/VariableRateShading/VRSShadingRateCommon.ush" 2503
"../../../Engine/Shaders/Private/VariableRateShading/VRSShadingRateCombine.usf" 2504
"../../../Engine/Shaders/Private/VariableRateShading/VRSShadingRateFoveated.usf" 2505
"../../../Engine/Shaders/Private/VariableRateShading/VRSShadingRateReproject.usf" 2506
"../../../Engine/Shaders/Private/VariableRateShading/VRSShadingRateCalculate.usf" 2507
"../../../Engine/Shaders/Private/TranslucencyUpsampling.usf" 2508
"../../../Engine/Shaders/Private/ComposeSeparateTranslucency.usf" 2509
"../../../Engine/Shaders/Private/SeparateTranslucency.ush" 2510
"../../../Engine/Shaders/Private/TranslucencyVolumeVisualize.usf" 2511
"../../../Engine/Shaders/Private/TranslucencyVolumeCommon.ush" 2512
"../../../Engine/Shaders/Private/TranslucentLightInjectionShaders.usf" 2513
"../../../Engine/Shaders/Private/HeterogeneousVolumes/HeterogeneousVolumesAdaptiveVolumetricShadowMapSampling.ush" 2514
"../../../Engine/Shaders/Private/HeterogeneousVolumes/HeterogeneousVolumesAdaptiveVolumetricShadowMapUtils.ush" 2515
"../../../Engine/Shaders/Private/HeterogeneousVolumes/HeterogeneousVolumesBeerShadowMapUtils.ush" 2516
"../../../Engine/Shaders/Private/TranslucentShadowDepthShaders.usf" 2517
"../../../Engine/Shaders/Private/ShadowDepthCommon.ush" 2518
"../../../Engine/Shaders/Private/RayTracing/RayTracingTest.usf" 2519
"../../../Engine/Shaders/Private/PostprocessSubsurfaceTile.usf" 2520
"../../../Engine/Shaders/Private/PostProcessSubsurfaceCommon.ush" 2521
"../../../Engine/Shaders/Private/Substrate/SubstrateVisualize.usf" 2522
"../../../Engine/Shaders/Private/Substrate/SubstrateTile.ush" 2523
"../../../Engine/Shaders/Shared/SubstrateVisualizeDefinitions.h" 2524
"../../../Engine/Shaders/Private/Substrate/SubstrateVisualizeCommon.ush" 2525
"../../../Engine/Shaders/Private/SkyLightingDiffuseShared.ush" 2526
"../../../Engine/Shaders/Private/SkyLightingShared.ush" 2527
"../../../Engine/Shaders/Private/ClearCoatCommon.ush" 2528
"../../../Engine/Shaders/Private/ReflectionEnvironmentComposite.ush" 2529
"../../../Engine/Shaders/Private/Substrate/SubstrateLightingCommon.ush" 2530
"../../../Engine/Shaders/Private/Substrate/SubstrateRoughRefraction.usf" 2531
"../../../Engine/Shaders/Private/PathTracing/Material/PathTracingFresnel.ush" 2532
"../../../Engine/Shaders/Private/PathTracing/Material/PathTracingGlossy.ush" 2533
"../../../Engine/Shaders/Private/Substrate/SubstrateMaterialSampling.usf" 2534
"../../../Engine/Shaders/Private/Substrate/SubstrateMaterialSampling.ush" 2535
"../../../Engine/Shaders/Private/Lumen/LumenPosition.ush" 2536
"../../../Engine/Shaders/Private/Substrate/SubstrateTile.usf" 2537
"../../../Engine/Shaders/Private/Substrate/SubstrateMaterialClassification.usf" 2538
"../../../Engine/Shaders/Private/Substrate/SubstrateDBuffer.usf" 2539
"../../../Engine/Shaders/Private/StochasticLighting/StochasticLightingTileClassification.usf" 2540
"../../../Engine/Shaders/Private/Lumen/LumenMaterial.ush" 2541
"../../../Engine/Shaders/Private/HairStrands/HairStrandsVisibilityUtils.ush" 2542
"../../../Engine/Shaders/Private/Lumen/LumenReflectionCommon.ush" 2543
"../../../Engine/Shaders/Private/Lumen/LumenReflectionsCombine.ush" 2544
"../../../Engine/Shaders/Private/Lumen/LumenScreenProbeTileClassication.ush" 2545
"../../../Engine/Shaders/Private/MegaLights/MegaLightsTileClassification.ush" 2546
"../../../Engine/Shaders/Private/StochasticLighting/StochasticLightingUpsample.ush" 2547
"../../../Engine/Shaders/Private/StochasticLighting/StochasticLightingCommon.ush" 2548
"../../../Engine/Shaders/Private/SplineMeshSceneTexture.usf" 2549
"../../../Engine/Shaders/Private/SparseVolumeTexture/VisualizeSparseVolumeTexture.usf" 2550
"../../../Engine/Shaders/Private/SkyAtmosphere.usf" 2551
"../../../Engine/Shaders/Private/Nanite/NaniteSkinningUpdateViewData.usf" 2552
"../../../Engine/Shaders/Private/SceneCulling/SceneCulling.ush" 2553
"../../../Engine/Shaders/Private/Skinning/TransformProviders.usf" 2554
"../../../Engine/Shaders/Private/Skinning/SkinnedMeshDebug.usf" 2555
"../../../Engine/Shaders/Private/Skinning/AnimBankEval.usf" 2556
"../../../Engine/Shaders/Private/SingleLayerWaterComposite.usf" 2557
"../../../Engine/Shaders/Private/Froxel/FroxelBuild.ush" 2558
"../../../Engine/Shaders/Private/SingleLayerWaterRefractionCulling.usf" 2559
"../../../Engine/Shaders/Private/ScreenSpaceShadows.usf" 2560
"../../../Engine/Shaders/Private/bend_sss_gpu.ush" 2561
"../../../Engine/Shaders/Private/ShadowFactorsUpsampleCommon.ush" 2562
"../../../Engine/Shaders/Private/FirstPersonSelfShadow.usf" 2563
"../../../Engine/Shaders/Private/HZBTracing.ush" 2564
"../../../Engine/Shaders/Private/LateZDummyPS.usf" 2565
"../../../Engine/Shaders/Private/ShadowProjectionVertexShader.usf" 2566
"../../../Engine/Shaders/Private/ShadowProjectionPixelShader.usf" 2567
"../../../Engine/Shaders/Private/MobileLightingCommon.ush" 2568
"../../../Engine/Shaders/Private/PlanarReflectionShared.ush" 2569
"../../../Engine/Shaders/Private/MobileSSR.ush" 2570
"../../../Engine/Shaders/Private/SSRT/SSRTRayCast.ush" 2571
"../../../Engine/Shaders/Private/ShadowPercentageCloserFiltering.ush" 2572
"../../../Engine/Shaders/Private/TransmissionThickness.ush" 2573
"../../../Engine/Shaders/Private/CopyShadowMaps.usf" 2574
"../../../Engine/Shaders/Private/ShadowDepthPixelShader.usf" 2575
"../../../Engine/Shaders/Private/ShadowDepthVertexShader.usf" 2576
"../../../Engine/Shaders/Private/ShadingEnergyConservationTable.usf" 2577
"../../../Engine/Shaders/Shared/PathTracingDefinitions.h" 2578
"../../../Engine/Shaders/Private/ShadingFurnaceTest.usf" 2579
"../../../Engine/Shaders/Private/Substrate/SubstrateDeferredLighting.ush" 2580
"../../../Engine/Shaders/Private/ShaderPrintDraw.usf" 2581
"../../../Engine/Shaders/Private/ShaderPrintDrawPrimitive.usf" 2582
"../../../Engine/Shaders/Private/DefaultSSRTiles.usf" 2583
"../../../Engine/Shaders/Private/ScreenSpaceReflectionTileCommons.ush" 2584
"../../../Engine/Shaders/Private/SSRT/SSRTDiffuseIndirect.usf" 2585
"../../../Engine/Shaders/Private/SSRT/SSRTTileClassificationBuffer.ush" 2586
"../../../Engine/Shaders/Private/SSRT/SSRTReflections.usf" 2587
"../../../Engine/Shaders/Private/ScreenSpaceDenoise/SSDPublic.ush" 2588
"../../../Engine/Shaders/Private/SSRT/SSRTTileClassification.usf" 2589
"../../../Engine/Shaders/Private/SSRT/SSRTPrevFrameReduction.usf" 2590
"../../../Engine/Shaders/Private/ScreenSpaceDenoise/SSDComposeHarmonics.usf" 2591
"../../../Engine/Shaders/Private/ScreenSpaceDenoise/SSDPublicHarmonics.ush" 2592
"../../../Engine/Shaders/Private/ScreenSpaceDenoise/SSDSignalFramework.ush" 2593
"../../../Engine/Shaders/Private/ScreenSpaceDenoise/SSDCommon.ush" 2594
"../../../Engine/Shaders/Private/SphericalGaussian.ush" 2595
"../../../Engine/Shaders/Public/WaveBroadcastIntrinsics.ush" 2596
"../../../Engine/Shaders/Private/ScreenSpaceDenoise/SSDMetadata.ush" 2597
"../../../Engine/Shaders/Private/ScreenSpaceDenoise/SSDSignalCore.ush" 2598
"../../../Engine/Shaders/Private/ScreenSpaceDenoise/DenoisingCommon.ush" 2599
"../../../Engine/Shaders/Private/ScreenSpaceDenoise/SSDSignalArray.ush" 2600
"../../../Engine/Shaders/Private/ScreenSpaceDenoise/SSDSignalBufferEncoding.ush" 2601
"../../../Engine/Shaders/Private/ScreenSpaceDenoise/SSDPublicBufferEncoding.ush" 2602
"../../../Engine/Shaders/Private/Lumen/LumenBufferEncoding.ush" 2603
"../../../Engine/Shaders/Private/ScreenSpaceDenoise/SSDTemporalAccumulation.usf" 2604
"../../../Engine/Shaders/Private/ScreenSpaceDenoise/SSDSpatialKernel.ush" 2605
"../../../Engine/Shaders/Private/ScreenSpaceDenoise/SSDSignalAccumulatorArray.ush" 2606
"../../../Engine/Shaders/Private/ScreenSpaceDenoise/SSDSignalAccumulator.ush" 2607
"../../../Engine/Shaders/Private/ScreenSpaceDenoise/SSDSignalCompression.ush" 2608
"../../../Engine/Shaders/Private/ScreenSpaceDenoise/SSDSpatialAccumulation.usf" 2609
"../../../Engine/Shaders/Private/ScreenSpaceDenoise/SSDInjest.usf" 2610
"../../../Engine/Shaders/Private/ScreenSpaceDenoise/SSDCompressMetadata.usf" 2611
"../../../Engine/Shaders/Private/DownsampleDepthPixelShader.usf" 2612
"../../../Engine/Shaders/Private/ScreenPass.usf" 2613
"../../../Engine/Shaders/Private/HZB.usf" 2614
"../../../Engine/Shaders/Private/OcclusionFeedbackShaders.usf" 2615
"../../../Engine/Shaders/Private/HZBOcclusion.usf" 2616
"../../../Engine/Shaders/Private/OcclusionQueryPixelShader.usf" 2617
"../../../Engine/Shaders/Private/OcclusionQueryVertexShader.usf" 2618
"../../../Engine/Shaders/Private/HitProxyCopy.usf" 2619
"../../../Engine/Shaders/Private/HitProxyPixelShader.usf" 2620
"../../../Engine/Shaders/Private/HitProxyVertexShader.usf" 2621
"../../../Engine/Shaders/Private/SceneCulling/SceneCullingDebugRender.usf" 2622
"../../../Engine/Shaders/Private/SceneCulling/SceneCullingBuildExplicitBounds.usf" 2623
"../../../Engine/Shaders/Private/SceneCapturePixelShader.usf" 2624
"../../../Engine/Shaders/Private/RendererUtils.usf" 2625
"../../../Engine/Shaders/Private/RTWriteMaskDecode.usf" 2626
"../../../Engine/Shaders/Private/ReflectionEnvironmentShaders.usf" 2627
"../../../Engine/Shaders/Private/RectLightAtlas.usf" 2628
"../../../Engine/Shaders/Private/RayTracing/TraceRayInlineStatistics.usf" 2629
"../../../Engine/Shaders/Private/RayTracing/CompositeSkyLightPS.usf" 2630
"../../../Engine/Shaders/Private/RayTracing/GenerateSkyLightVisibilityRaysCS.usf" 2631
"../../../Engine/Shaders/Private/RayTracing/RayTracingSkyLightCommon.ush" 2632
"../../../Engine/Shaders/Private/RayTracing/SkyLightVisibilityRaysData.ush" 2633
"../../../Engine/Shaders/Private/Raytracing/RaytracingSkylightRGS.usf" 2634
"../../../Engine/Shaders/Private/HairStrands/HairStrandsRaytracing.ush" 2635
"../../../Engine/Shaders/Private/Raytracing/RayTracingSkyLightEvaluation.ush" 2636
"../../../Engine/Shaders/Private/Raytracing/RayTracingDeferredShadingCommon.ush" 2637
"../../../Engine/Shaders/Private/RayTracing/RayTracingOcclusionRGS.usf" 2638
"../../../Engine/Shaders/Private/RayTracing/RayTracingDirectionalLight.ush" 2639
"../../../Engine/Shaders/Private/RayTracing/RayTracingRectLight.ush" 2640
"../../../Engine/Shaders/Private/RayTracing/RayTracingSphereLight.ush" 2641
"../../../Engine/Shaders/Private/RayTracing/RayTracingCapsuleLight.ush" 2642
"../../../Engine/Shaders/Private/Raytracing/RayTracingFeedback.usf" 2643
"../../../Engine/Shaders/Shared/RayTracingDebugTypes.h" 2644
"../../../Engine/Shaders/Private/RayTracing/RayTracingPrimaryRays.usf" 2645
"../../../Engine/Shaders/Private/RayTracing/RayTracingLightingCommon.ush" 2646
"../../../Engine/Shaders/Private/RayTracing/RayTracingLightCullingCommon.ush" 2647
"../../../Engine/Shaders/Private/RayTracing/RayTracingMaterialDefaultHitShaders.usf" 2648
"../../../Engine/Shaders/Private/RayTracing/RayTracingMaterialHitShaders.usf" 2649
"../../../Engine/Shaders/Private/RayTracing/RayTracingShaderUtils.ush" 2650
"../../../Engine/Shaders/Private/RayTracing/RayTracingCalcInterpolants.ush" 2651
"../../../Engine/Shaders/Private/LightmapCommon.ush" 2652
"../../../Engine/Shaders/Private/Lumen/LumenHardwareRayTracingPayloadCommon.ush" 2653
"../../../Engine/Shaders/Shared/LumenDefinitions.h" 2654
"../../../Engine/Shaders/Private/Substrate/SubstrateExport.ush" 2655
"../../../Engine/Shaders/Private/RayTracing/RayTracingLightingMS.usf" 2656
"../../../Engine/Shaders/Private/Lumen/LumenDiffuseColorBoost.ush" 2657
"../../../Engine/Shaders/Private/RayTracing/RayTracingLightFunctionCommon.ush" 2658
"../../../Engine/Shaders/Private/RayTracing/RayTracingBuildLightGrid.usf" 2659
"../../../Engine/Shaders/Private/Raytracing/RayTracingInstanceBufferUtil.usf" 2660
"../../../Engine/Shaders/Private/RayTracing/RayTracingDynamicMesh.usf" 2661
"../../../Engine/Shaders/Private/RayTracing/RayTracingDefaultDecalHitShader.usf" 2662
"../../../Engine/Shaders/Private/RayTracing/RayTracingDecalMaterialShader.usf" 2663
"../../../Engine/Shaders/Private/PathTracing/PathTracingShaderUtils.ush" 2664
"../../../Engine/Shaders/Private/PathTracing/PathTracingCommon.ush" 2665
"../../../Engine/Shaders/Private/PathTracing/Material/PathTracingMaterialCommon.ush" 2666
"../../../Engine/Shaders/Private/PathTracing/Utilities/PathTracingRIS.ush" 2667
"../../../Engine/Shaders/Private/RayTracing/RayTracingBuildDecalGrid.usf" 2668
"../../../Engine/Shaders/Private/RayTracing/RayTracingDebugHitStatsUtils.usf" 2669
"../../../Engine/Shaders/Private/RayTracing/RayTracingDebugInstanceOverlap.usf" 2670
"../../../Engine/Shaders/Private/RayTracing/RayTracingDebugPicking.usf" 2671
"../../../Engine/Shaders/Private/RayTracing/RayTracingDebugUtils.ush" 2672
"../../../Engine/Shaders/Private/RayTracing/RayTracingDebugTraversal.usf" 2673
"../../../Engine/Shaders/Private/RayTracing/RayTracingDeferredMaterials.ush" 2674
"../../../Engine/Shaders/Shared/ThirdParty/AMD/ags_shader_intrinsics_dx12.h" 2675
"../../../Engine/Shaders/Shared/RayTracingDebugDefinitions.h" 2676
"../../../Engine/Shaders/Private/RayTracing/RayTracingDebugHitStatsCHS.usf" 2677
"../../../Engine/Shaders/Private/RayTracing/RayTracingDebugHitStats.usf" 2678
"../../../Engine/Shaders/Private/RayTracing/RayTracingDebugMS.usf" 2679
"../../../Engine/Shaders/Private/RayTracing/RayTracingDebugCHS.usf" 2680
"../../../Engine/Shaders/Private/RayTracing/RayTracingDebug.usf" 2681
"../../../Engine/Shaders/Private/RayTracing/RayTracingBuiltInShaders.usf" 2682
"../../../Engine/Shaders/Private/RayTracing/RayTracingBarycentrics.usf" 2683
"../../../Engine/Shaders/Private/RayTracing/RayTracingAmbientOcclusionRGS.usf" 2684
"../../../Engine/Shaders/Private/VisualizeShadingModels.usf" 2685
"../../../Engine/Shaders/Private/MotionBlur/VisualizeMotionVectors.usf" 2686
"../../../Engine/Shaders/Private/TemporalSuperResolution/TSRVisualize.usf" 2687
"../../../Engine/Shaders/Private/TemporalSuperResolution/TSRColorSpace.ush" 2688
"../../../Engine/Shaders/Private/TemporalSuperResolution/TSRCommon.ush" 2689
"../../../Engine/Shaders/Public/DualPixelVectorization.ush" 2690
"../../../Engine/Shaders/Private/TemporalSuperResolution/TSRReprojectionField.ush" 2691
"../../../Engine/Shaders/Private/TemporalSuperResolution/TSRResolveHistory.usf" 2692
"../../../Engine/Shaders/Private/TemporalSuperResolution/TSRConvolutionNetwork.ush" 2693
"../../../Engine/Shaders/Private/TemporalSuperResolution/TSRKernels.ush" 2694
"../../../Engine/Shaders/Public/LaneVectorization.ush" 2695
"../../../Engine/Shaders/Private/TemporalSuperResolution/TSRUpdateHistory.usf" 2696
"../../../Engine/Shaders/Private/TemporalSuperResolution/TSRSpatialAntiAliasing.ush" 2697
"../../../Engine/Shaders/Private/TemporalSuperResolution/TSRSpatialAntiAliasing.usf" 2698
"../../../Engine/Shaders/Private/TemporalSuperResolution/TSRRejectShading.usf" 2699
"../../../Engine/Shaders/Private/TemporalSuperResolution/TSRShadingAnalysis.ush" 2700
"../../../Engine/Shaders/Private/TemporalSuperResolution/TSRConvolutionNetworkPass.ush" 2701
"../../../Engine/Shaders/Private/TemporalSuperResolution/TSRDecimateHistory.usf" 2702
"../../../Engine/Shaders/Private/TemporalSuperResolution/TSRDepthVelocityAnalysis.ush" 2703
"../../../Engine/Shaders/Private/TemporalSuperResolution/TSRClosestOccluder.ush" 2704
"../../../Engine/Shaders/Private/TemporalSuperResolution/TSRWeightRelaxation.usf" 2705
"../../../Engine/Shaders/Private/TemporalSuperResolution/TSRThinGeometryCommon.ush" 2706
"../../../Engine/Shaders/Private/TemporalSuperResolution/TSRDetectThinGeometry.usf" 2707
"../../../Engine/Shaders/Private/TemporalSuperResolution/TSRDilateVelocity.usf" 2708
"../../../Engine/Shaders/Private/MotionBlur/MotionBlurVelocityFlatten.ush" 2709
"../../../Engine/Shaders/Private/MotionBlur/MotionBlurCommon.ush" 2710
"../../../Engine/Shaders/Private/TemporalSuperResolution/TSRClearPrevTextures.usf" 2711
"../../../Engine/Shaders/Private/TemporalSuperResolution/TSRMeasureCoverage.usf" 2712
"../../../Engine/Shaders/Private/TemporalSuperResolution/TSRMeasureFlickeringLuma.usf" 2713
"../../../Engine/Shaders/Private/TemporalAA.usf" 2714
"../../../Engine/Shaders/Private/SMAA/SMAADebugVisualization.usf" 2715
"../../../Engine/Shaders/Private/SMAA/SMAACommon.ush" 2716
"../../../Engine/Shaders/Private/SMAA/SMAA.ush" 2717
"../../../Engine/Shaders/Private/SMAA/SMAANeighborhoodBlendingShader.usf" 2718
"../../../Engine/Shaders/Private/SMAA/SMAABlendingWeightCalculationShader.usf" 2719
"../../../Engine/Shaders/Private/SMAA/SMAAEdgeDetectionShader.usf" 2720
"../../../Engine/Shaders/Private/FilterPixelShader.usf" 2721
"../../../Engine/Shaders/Private/FilterVertexShader.usf" 2722
"../../../Engine/Shaders/Private/VisualizeVirtualTexture.usf" 2723
"../../../Engine/Shaders/Private/PostProcessVisualizeBuffer.usf" 2724
"../../../Engine/Shaders/Private/PostProcessVisualizeLocalExposure.usf" 2725
"../../../Engine/Shaders/Private/PostProcessHistogramCommon.ush" 2726
"../../../Engine/Shaders/Private/TonemapCommon.ush" 2727
"../../../Engine/Shaders/Private/ACES/ACESCommon.ush" 2728
"../../../Engine/Shaders/Private/ACES/ACESOutputTransform.ush" 2729
"../../../Engine/Shaders/Private/ACES/ACESUtilities.ush" 2730
"../../../Engine/Shaders/Private/ACES/ACESTonescale.ush" 2731
"../../../Engine/Shaders/Private/ACES/ACESDisplayEncoding.ush" 2732
"../../../Engine/Shaders/Private/ACES/ACES_v1.3.ush" 2733
"../../../Engine/Shaders/Private/PostProcessVisualizeLevelInstance.usf" 2734
"../../../Engine/Shaders/Private/PostProcessVisualizeHDR.usf" 2735
"../../../Engine/Shaders/Private/ShaderComplexityApplyPixelShader.usf" 2736
"../../../Engine/Shaders/Private/QuadOverdraw.ush" 2737
"../../../Engine/Shaders/Private/PostProcessUpscale.usf" 2738
"../../../Engine/Shaders/Private/PostProcessTonemap.usf" 2739
"../../../Engine/Shaders/Private/PostProcessing/FilmGrainPackConstants.usf" 2740
"../../../Engine/Shaders/Private/PostProcessing/FilmGrainReduce.usf" 2741
"../../../Engine/Shaders/Private/PostProcessTestImage.usf" 2742
"../../../Engine/Shaders/Private/PostProcessSubsurface.usf" 2743
"../../../Engine/Shaders/Private/SeparableSSS.ush" 2744
"../../../Engine/Shaders/Private/SubsurfaceBurleyNormalized.ush" 2745
"../../../Engine/Shaders/Private/PostProcessSelectionOutline.usf" 2746
"../../../Engine/Shaders/Private/MotionBlur/MotionBlurVisualize.usf" 2747
"../../../Engine/Shaders/Private/MotionBlur/MotionBlurApply.usf" 2748
"../../../Engine/Shaders/Private/MotionBlur/MotionBlurFilterTileClassify.usf" 2749
"../../../Engine/Shaders/Private/MotionBlur/MotionBlurTileScatter.usf" 2750
"../../../Engine/Shaders/Private/MotionBlur/MotionBlurTileGather.usf" 2751
"../../../Engine/Shaders/Private/MotionBlur/MotionBlurVelocityFlatten.usf" 2752
"../../../Engine/Shaders/Private/PostProcessMobile.usf" 2753
"../../../Engine/Shaders/Private/PostProcessMitchellNetravali.usf" 2754
"../../../Engine/Shaders/Private/PostProcessMaterialShaders.usf" 2755
"../../../Engine/Shaders/Private/NeuralPostProcessCommon.usf" 2756
"../../../Engine/Shaders/Private/PostProcessLocalExposure.usf" 2757
"../../../Engine/Shaders/Private/PostProcessLensFlares.usf" 2758
"../../../Engine/Shaders/Private/PostProcessGBufferHints.usf" 2759
"../../../Engine/Shaders/Private/PostProcessHMD.usf" 2760
"../../../Engine/Shaders/Private/Histogram.usf" 2761
"../../../Engine/Shaders/Private/PostProcessExposureMaterial.ush" 2762
"../../../Engine/Shaders/Private/PostProcessHistogramReduce.usf" 2763
"../../../Engine/Shaders/Private/PostProcessHistogram.usf" 2764
"../../../Engine/Shaders/Private/Bloom/BloomFinalizeApplyConstants.usf" 2765
"../../../Engine/Shaders/Private/Bloom/BloomCommon.ush" 2766
"../../../Engine/Shaders/Private/Bloom/BloomResizeKernel.usf" 2767
"../../../Engine/Shaders/Private/Bloom/BloomDownsampleKernel.usf" 2768
"../../../Engine/Shaders/Private/Bloom/BloomClampKernel.usf" 2769
"../../../Engine/Shaders/Private/Bloom/BloomPackKernelConstants.usf" 2770
"../../../Engine/Shaders/Private/Bloom/BloomSumScatterDispersionEnergy.usf" 2771
"../../../Engine/Shaders/Private/Bloom/BloomReduceKernelSurvey.usf" 2772
"../../../Engine/Shaders/Private/Bloom/BloomSurveyKernelCenterEnergy.usf" 2773
"../../../Engine/Shaders/Private/Bloom/BloomSurveyMaxScatterDispersion.usf" 2774
"../../../Engine/Shaders/Private/Bloom/BloomFindKernelCenter.usf" 2775
"../../../Engine/Shaders/Private/PostProcessEyeAdaptation.usf" 2776
"../../../Engine/Shaders/Private/PostProcessEyeAdaptationUtils.usf" 2777
"../../../Engine/Shaders/Private/PostProcessDownsample.usf" 2778
"../../../Engine/Shaders/Private/PostProcessDOF.usf" 2779
"../../../Engine/Shaders/Private/PostProcessDeviceEncodingOnly.usf" 2780
"../../../Engine/Shaders/Private/PostProcessCompositePrimitives.usf" 2781
"../../../Engine/Shaders/Private/PostProcessCombineLUTs.usf" 2782
"../../../Engine/Shaders/Private/PostProcessVisualizeDOF.usf" 2783
"../../../Engine/Shaders/Private/PostProcessBloom.usf" 2784
"../../../Engine/Shaders/Private/PostProcessAmbientOcclusionMobile.usf" 2785
"../../../Engine/Shaders/Private/PostProcessAmbientOcclusionCommon.ush" 2786
"../../../Engine/Shaders/Private/FXAAShader.usf" 2787
"../../../Engine/Shaders/Private/Fxaa3_11.ush" 2788
"../../../Engine/Shaders/Private/PaniniProjection.usf" 2789
"../../../Engine/Shaders/Private/DiaphragmDOF/DOFRecombine.usf" 2790
"../../../Engine/Shaders/Private/DiaphragmDOF/DOFHybridScatterPixelShader.usf" 2791
"../../../Engine/Shaders/Private/DiaphragmDOF/DOFHybridScatterCommon.ush" 2792
"../../../Engine/Shaders/Private/DiaphragmDOF/DOFVignetteCommon.ush" 2793
"../../../Engine/Shaders/Private/DiaphragmDOF/DOFHybridScatterVertexShader.usf" 2794
"../../../Engine/Shaders/Private/DiaphragmDOF/DOFPostfiltering.usf" 2795
"../../../Engine/Shaders/Private/DiaphragmDOF/DOFGatherTileSuggest.ush" 2796
"../../../Engine/Shaders/Private/DiaphragmDOF/DOFCocTileCommon.ush" 2797
"../../../Engine/Shaders/Private/DiaphragmDOF/DOFGatherPass.usf" 2798
"../../../Engine/Shaders/Private/DiaphragmDOF/DOFGatherCommon.ush" 2799
"../../../Engine/Shaders/Private/DiaphragmDOF/DOFGatherAccumulator.ush" 2800
"../../../Engine/Shaders/Private/DiaphragmDOF/DOFGatherKernel.ush" 2801
"../../../Engine/Shaders/Private/DiaphragmDOF/DOFBokehLUT.usf" 2802
"../../../Engine/Shaders/Private/DiaphragmDOF/DOFHybridScatterCompilation.usf" 2803
"../../../Engine/Shaders/Private/DiaphragmDOF/DOFReduce.usf" 2804
"../../../Engine/Shaders/Private/DiaphragmDOF/DOFDownsample.ush" 2805
"../../../Engine/Shaders/Private/DiaphragmDOF/DOFHybridScatterCompilation.ush" 2806
"../../../Engine/Shaders/Private/DiaphragmDOF/DOFDownsample.usf" 2807
"../../../Engine/Shaders/Private/DiaphragmDOF/DOFCocTileDilate.usf" 2808
"../../../Engine/Shaders/Private/DiaphragmDOF/DOFCocTileFlatten.usf" 2809
"../../../Engine/Shaders/Private/DiaphragmDOF/DOFSetup.usf" 2810
"../../../Engine/Shaders/Private/Tools/DebugAlphaChannel.usf" 2811
"../../../Engine/Shaders/Private/PostProcessAlphaInvert.usf" 2812
"../../../Engine/Shaders/Private/PlanarReflectionShaders.usf" 2813
"../../../Engine/Shaders/Private/PhysicsFieldVisualizer.usf" 2814
"../../../Engine/Shaders/Private/PathTracing/PathTracingSpatialTemporalDenoising.usf" 2815
"../../../Engine/Shaders/Private/ColorDifference.ush" 2816
"../../../Engine/Shaders/Private/PathTracing/PathTracingCompositingPixelShader.usf" 2817
"../../../Engine/Shaders/Private/PathTracing/PathTracingAdaptiveUtils.ush" 2818
"../../../Engine/Shaders/Private/PathTracing/PathTracingDefaultHitShader.usf" 2819
"../../../Engine/Shaders/Private/PathTracing/PathTracingGPULightmassMaterialHitShader.usf" 2820
"../../../Engine/Shaders/Private/PathTracing/PathTracingMaterialHitShader.usf" 2821
"../../../Engine/Shaders/Private/PathTracing/Material/PathTracingSubstrateCommon.ush" 2822
"../../../Engine/Shaders/Private/PathTracing/PathTracingLightingMissShader.usf" 2823
"../../../Engine/Shaders/Private/PathTracing/PathTracingMissShader.usf" 2824
"../../../Engine/Shaders/Private/PathTracing/PathTracingAdaptiveStart.usf" 2825
"../../../Engine/Shaders/Private/PathTracing/PathTracingBuildAdaptiveError.usf" 2826
"../../../Engine/Shaders/Private/PathTracing/PathTracingVolumetricCloudMaterialShader.usf" 2827
"../../../Engine/Shaders/Private/PathTracing/Volume/PathTracingCloudsMaterialCommon.ush" 2828
"../../../Engine/Shaders/Private/PathTracing/Volume/PathTracingVolumeCommon.ush" 2829
"../../../Engine/Shaders/Private/PathTracing/Volume/PathTracingCloudsCommon.ush" 2830
"../../../Engine/Shaders/Private/PathTracing/Volume/PathTracingFog.ush" 2831
"../../../Engine/Shaders/Private/PathTracing/Volume/PathTracingAtmosphere.ush" 2832
"../../../Engine/Shaders/Private/PathTracing/Volume/PathTracingAtmosphereCommon.ush" 2833
"../../../Engine/Shaders/Private/PathTracing/Volume/PathTracingVolumeSampling.ush" 2834
"../../../Engine/Shaders/Private/PathTracing/PathTracingBuildCloudAccelerationMap.usf" 2835
"../../../Engine/Shaders/Private/PathTracing/PathTracingBuildAtmosphereLUT.usf" 2836
"../../../Engine/Shaders/Private/PathTracing/PathTracingSwizzleScanlines.usf" 2837
"../../../Engine/Shaders/Private/PathTracing/PathTracingInitExtinctionCoefficient.usf" 2838
"../../../Engine/Shaders/Private/PathTracing/PathTracingCopyDepth.usf" 2839
"../../../Engine/Shaders/Private/PathTracing/PathTracingDebug.usf" 2840
"../../../Engine/Shaders/Private/RayTracing/RayTracingDecalGrid.ush" 2841
"../../../Engine/Shaders/Private/PathTracing/Material/PathTracingMaterialSampling.ush" 2842
"../../../Engine/Shaders/Private/PathTracing/Material/PathTracingLambert.ush" 2843
"../../../Engine/Shaders/Private/PathTracing/Material/PathTracingSubstrate.ush" 2844
"../../../Engine/Shaders/Private/PathTracing/Material/PathTracingSubstrateFoliage.ush" 2845
"../../../Engine/Shaders/Private/PathTracing/Material/PathTracingSubstrateSolidGlass.ush" 2846
"../../../Engine/Shaders/Private/PathTracing/Material/PathTracingSubstrateThinGlass.ush" 2847
"../../../Engine/Shaders/Private/PathTracing/Material/PathTracingSolidGlass.ush" 2848
"../../../Engine/Shaders/Private/PathTracing/Material/PathTracingEnergyConservation.ush" 2849
"../../../Engine/Shaders/Private/PathTracing/Material/PathTracingThinGlass.ush" 2850
"../../../Engine/Shaders/Private/PathTracing/Material/PathTracingDefaultLit.ush" 2851
"../../../Engine/Shaders/Private/PathTracing/Material/PathTracingClearCoat.ush" 2852
"../../../Engine/Shaders/Private/PathTracing/Material/PathTracingTwoSidedFoliage.ush" 2853
"../../../Engine/Shaders/Private/PathTracing/Material/PathTracingCloth.ush" 2854
"../../../Engine/Shaders/Private/PathTracing/Material/PathTracingSubsurfaceProfile.ush" 2855
"../../../Engine/Shaders/Private/PathTracing/Material/PathTracingEye.ush" 2856
"../../../Engine/Shaders/Private/PathTracing/Material/PathTracingHair.ush" 2857
"../../../Engine/Shaders/Private/PathTracing/Material/PathTracingMedium.ush" 2858
"../../../Engine/Shaders/Private/PathTracing/Light/PathTracingLightSampling.ush" 2859
"../../../Engine/Shaders/Private/PathTracing/Light/PathTracingLightCommon.ush" 2860
"../../../Engine/Shaders/Private/PathTracing/Light/PathTracingDirectionalLight.ush" 2861
"../../../Engine/Shaders/Private/PathTracing/Light/PathTracingPointLight.ush" 2862
"../../../Engine/Shaders/Private/PathTracing/Light/PathTracingCapsuleLight.ush" 2863
"../../../Engine/Shaders/Private/PathTracing/Light/PathTracingRectLight.ush" 2864
"../../../Engine/Shaders/Private/PathTracing/Light/PathTracingSkyLight.ush" 2865
"../../../Engine/Shaders/Private/PathTracing/Light/PathTracingLightGrid.ush" 2866
"../../../Engine/Shaders/Private/PathTracing/PathTracing.usf" 2867
"../../../Engine/Shaders/Private/PathTracing/PathTracingCore.ush" 2868
"../../../Engine/Shaders/Private/HeterogeneousVolumes/HeterogeneousVolumesVoxelGridTypes.ush" 2869
"../../../Engine/Shaders/Private/PathTracing/Volume/PathTracingVolume.ush" 2870
"../../../Engine/Shaders/Private/PathTracing/Volume/PathTracingClouds.ush" 2871
"../../../Engine/Shaders/Private/PathTracing/Volume/PathTracingHeterogeneousVolumes.ush" 2872
"../../../Engine/Shaders/Private/HeterogeneousVolumes/HeterogeneousVolumesTracingUtils.ush" 2873
"../../../Engine/Shaders/Private/HeterogeneousVolumes/HeterogeneousVolumesVoxelGridTraversal.ush" 2874
"../../../Engine/Shaders/Private/HeterogeneousVolumes/HeterogeneousVolumesVoxelGridUtils.ush" 2875
"../../../Engine/Shaders/Private/HeterogeneousVolumes/HeterogeneousVolumesFrustumVoxelGridUtils.ush" 2876
"../../../Engine/Shaders/Private/PathTracing/PathTracingBuildLightGrid.usf" 2877
"../../../Engine/Shaders/Private/PathTracing/PathTracingSkylightMISCompensation.usf" 2878
"../../../Engine/Shaders/Private/PathTracing/PathTracingSkylightPrepare.usf" 2879
"../../../Engine/Shaders/Private/OIT/OITSorting.usf" 2880
"../../../Engine/Shaders/Private/OITCombine.usf" 2881
"../../../Engine/Shaders/Private/OITCommon.ush" 2882
"../../../Engine/Shaders/Private/Nanite/Voxel/RasterizeBricks.usf" 2883
"../../../Engine/Shaders/Private/Nanite/Voxel/Brick.ush" 2884
"../../../Engine/Shaders/Private/Nanite/Voxel/Voxel.ush" 2885
"../../../Engine/Shaders/Private/Nanite/Voxel/ScatterBricks.usf" 2886
"../../../Engine/Shaders/Private/Nanite/Voxel/TileBricks.usf" 2887
"../../../Engine/Shaders/Private/Nanite/Voxel/AutoVoxel.usf" 2888
"../../../Engine/Shaders/Private/Nanite/NaniteDebugViews.usf" 2889
"../../../Engine/Shaders/Private/Nanite/NaniteEditorCommon.ush" 2890
"../../../Engine/Shaders/Private/BinarySearch.ush" 2891
"../../../Engine/Shaders/Private/Nanite/NaniteDepthDecode.usf" 2892
"../../../Engine/Shaders/Private/HTileEncoding.ush" 2893
"../../../Engine/Shaders/Private/Nanite/NaniteVisualize.usf" 2894
"../../../Engine/Shaders/Private/Nanite/NaniteStreamOut.usf" 2895
"../../../Engine/Shaders/Private/Nanite/NaniteHierarchyTraversal.ush" 2896
"../../../Engine/Shaders/Private/Nanite/NaniteShadeBinning.usf" 2897
"../../../Engine/Shaders/Private/Nanite/NaniteShadeCommon.ush" 2898
"../../../Engine/Shaders/Private/Nanite/NaniteFastClear.usf" 2899
"../../../Engine/Shaders/Private/Nanite/NaniteRayTracing.usf" 2900
"../../../Engine/Shaders/Private/Nanite/NaniteExportGBuffer.usf" 2901
"../../../Engine/Shaders/Private/Nanite/NaniteClusterCulling.usf" 2902
"../../../Engine/Shaders/Private/Nanite/NanitePrintStats.usf" 2903
"../../../Engine/Shaders/Private/Nanite/NaniteRasterizer.usf" 2904
"../../../Engine/Shaders/Private/Nanite/NaniteRasterizationCommon.ush" 2905
"../../../Engine/Shaders/Private/Nanite/NaniteRasterizer.ush" 2906
"../../../Engine/Shaders/Private/Nanite/NaniteWritePixel.ush" 2907
"../../../Engine/Shaders/Private/Nanite/NaniteTessellation.ush" 2908
"../../../Engine/Shaders/Private/WorkDistribution.ush" 2909
"../../../Engine/Shaders/Private/Nanite/NaniteDice.ush" 2910
"../../../Engine/Shaders/Private/ShaderBundleWorkGraphCommon.ush" 2911
"../../../Engine/Shaders/Public/RootConstants.ush" 2912
"../../../Engine/Shaders/Public/Platform/D3D/D3DRootConstants.ush" 2913
"../../../Engine/Shaders/Private/Nanite/NaniteSplit.usf" 2914
"../../../Engine/Shaders/Private/Nanite/NaniteRasterBinning.usf" 2915
"../../../Engine/Shaders/Private/Nanite/NaniteInstanceCulling.usf" 2916
"../../../Engine/Shaders/Private/Nanite/NaniteImposter.ush" 2917
"../../../Engine/Shaders/Private/Nanite/NaniteInstanceHierarchyCulling.usf" 2918
"../../../Engine/Shaders/Private/WorkGroupLoadBalancer.ush" 2919
"../../../Engine/Shaders/Private/Nanite/NanitePrimitiveFilter.usf" 2920
"../../../Engine/Shaders/Private/Nanite/NaniteRasterClear.usf" 2921
"../../../Engine/Shaders/Private/Nanite/NaniteDepthExport.usf" 2922
"../../../Engine/Shaders/Private/Nanite/NaniteEmitShadow.usf" 2923
"../../../Engine/Shaders/Private/MobileDeferredUtils.usf" 2924
"../../../Engine/Shaders/Private/MobileLocalLightsBuffer.usf" 2925
"../../../Engine/Shaders/Private/MobileFog.usf" 2926
"../../../Engine/Shaders/Private/DistortApplyScreenPS.usf" 2927
"../../../Engine/Shaders/Private/MobileDeferredShading.usf" 2928
"../../../Engine/Shaders/Private/MobileBasePassPixelShader.usf" 2929
"../../../Engine/Shaders/Private/MobileBasePassCommon.ush" 2930
"../../../Engine/Shaders/Private/BasePassCommon.ush" 2931
"../../../Engine/Shaders/Private/ShadingModelsMaterial.ush" 2932
"../../../Engine/Shaders/Private/ThinTranslucentCommon.ush" 2933
"../../../Engine/Shaders/Private/SingleLayerWaterShading.ush" 2934
"../../../Engine/Shaders/Private/DistortionCommon.ush" 2935
"../../../Engine/Shaders/Private/Substrate/SubstrateMobileForwardLighting.ush" 2936
"../../../Engine/Shaders/Private/MobileBasePassVertexShader.usf" 2937
"../../../Engine/Shaders/Private/MeshEdges.usf" 2938
"../../../Engine/Shaders/Private/MegaLights/MegaLightsSampling.usf" 2939
"../../../Engine/Shaders/Shared/MegaLightsDefinitions.h" 2940
"../../../Engine/Shaders/Private/MegaLights/MegaLightsShading.ush" 2941
"../../../Engine/Shaders/Private/MegaLights/MegaLights.ush" 2942
"../../../Engine/Shaders/Private/MegaLights/MegaLightsMaterial.ush" 2943
"../../../Engine/Shaders/Private/MegaLights/MegaLightsRayTracing.ush" 2944
"../../../Engine/Shaders/Private/MegaLights/MegaLightsSampling.ush" 2945
"../../../Engine/Shaders/Private/MegaLights/MegaLightsVolumeSampling.usf" 2946
"../../../Engine/Shaders/Private/MegaLights/MegaLightsVolume.ush" 2947
"../../../Engine/Shaders/Private/MegaLights/MegaLights.usf" 2948
"../../../Engine/Shaders/Private/HairStrands/HairStrandsScreenTracing.ush" 2949
"../../../Engine/Shaders/Private/MegaLights/MegaLightsFilterVisibleLightHash.usf" 2950
"../../../Engine/Shaders/Private/MegaLights/MegaLightsShading.usf" 2951
"../../../Engine/Shaders/Private/Lumen/LumenReflectionDenoiserCommon.ush" 2952
"../../../Engine/Shaders/Private/MegaLights/MegaLightsVisibleLightHash.usf" 2953
"../../../Engine/Shaders/Private/MegaLights/MegaLightsVolumeShading.usf" 2954
"../../../Engine/Shaders/Private/MegaLights/MegaLightsVSMMarking.usf" 2955
"../../../Engine/Shaders/Private/MegaLights/MegaLightsVSMTracing.usf" 2956
"../../../Engine/Shaders/Private/MegaLights/MegaLightsRayTracing.usf" 2957
"../../../Engine/Shaders/Private/DistanceField/GlobalDistanceFieldUtils.ush" 2958
"../../../Engine/Shaders/Private/Lumen/LumenScreenTracing.ush" 2959
"../../../Engine/Shaders/Private/MegaLights/MegaLightsVolumeRayTracing.usf" 2960
"../../../Engine/Shaders/Private/MegaLights/MegaLightsVolumeHardwareRayTracing.usf" 2961
"../../../Engine/Shaders/Private/Lumen/LumenHardwareRayTracingCommon.ush" 2962
"../../../Engine/Shaders/Private/RayTracing/RayTracingReflectionEnvironment.ush" 2963
"../../../Engine/Shaders/Private/Lumen/LumenHardwareRayTracingPlatformCommon.ush" 2964
"../../../Engine/Shaders/Private/Lumen/LumenTracingCommon.ush" 2965
"../../../Engine/Shaders/Private/Lumen/SurfaceCache/LumenSurfaceCacheSampling.ush" 2966
"../../../Engine/Shaders/Private/Lumen/SurfaceCache/LumenSurfaceCache.ush" 2967
"../../../Engine/Shaders/Private/Lumen/LumenCardCommon.ush" 2968
"../../../Engine/Shaders/Private/Lumen/LumenCardTileShadowDownsampleFactor.ush" 2969
"../../../Engine/Shaders/Private/MegaLights/MegaLightsHardwareRayTracing.usf" 2970
"../../../Engine/Shaders/Private/MegaLights/MegaLightsDebug.usf" 2971
"../../../Engine/Shaders/Private/MegaLights/MegaLightsDenoiserSpatial.usf" 2972
"../../../Engine/Shaders/Private/MegaLights/MegaLightsDenoiserTemporal.usf" 2973
"../../../Engine/Shaders/Private/MaterialCache/MaterialCacheABufferPages.usf" 2974
"../../../Engine/Shaders/Private/MaterialCache/MaterialCacheShade.usf" 2975
"../../../Engine/Shaders/Private/MaterialCache/MaterialCacheShadeCommon.ush" 2976
"../../../Engine/Shaders/Private/MaterialCache/MaterialCacheUnwrapNaniteShade.usf" 2977
"../../../Engine/Shaders/Private/MaterialCache/MaterialCacheUnwrapPixelShader.usf" 2978
"../../../Engine/Shaders/Private/MaterialCache/MaterialCacheUnwrapVertexShader.usf" 2979
"../../../Engine/Shaders/Private/Lumen/LumenVisualizeRadianceCache.usf" 2980
"../../../Engine/Shaders/Private/Lumen/LumenRadianceCacheCommon.ush" 2981
"../../../Engine/Shaders/Private/Lumen/LumenVisualizeHardwareRayTracing.usf" 2982
"../../../Engine/Shaders/Private/Lumen/LumenVisualize.ush" 2983
"../../../Engine/Shaders/Private/Lumen/LumenHairTracing.ush" 2984
"../../../Engine/Shaders/Private/Lumen/LumenVisualize.usf" 2985
"../../../Engine/Shaders/Private/Lumen/LumenSoftwareRayTracing.ush" 2986
"../../../Engine/Shaders/Private/DistanceField/GlobalDistanceFieldObjectGrid.ush" 2987
"../../../Engine/Shaders/Private/DistanceFieldLightingShared.ush" 2988
"../../../Engine/Shaders/Private/Lumen/LumenVisualizeTraces.ush" 2989
"../../../Engine/Shaders/Private/Lumen/LumenTranslucencyVolumeLighting.usf" 2990
"../../../Engine/Shaders/Private/Lumen/LumenRadianceCacheMarkCommon.ush" 2991
"../../../Engine/Shaders/Private/Lumen/LumenTranslucencyVolumeLightingShared.ush" 2992
"../../../Engine/Shaders/Private/Lumen/LumenScreenProbeCommon.ush" 2993
"../../../Engine/Shaders/Private/RayTracing/RayGenUtils.ush" 2994
"../../../Engine/Shaders/Private/Lumen/LumenRadianceCacheTracingCommon.ush" 2995
"../../../Engine/Shaders/Private/Lumen/LumenTranslucencyVolumeHardwareRayTracing.usf" 2996
"../../../Engine/Shaders/Private/Lumen/LumenTranslucencyRadianceCacheMarkShaders.usf" 2997
"../../../Engine/Shaders/Private/Lumen/SurfaceCache/LumenSurfaceCache.usf" 2998
"../../../Engine/Shaders/Private/Lumen/LumenVirtualTextureCommon.ush" 2999
"../../../Engine/Shaders/Private/Lumen/LumenShortRangeAOHardwareRayTracing.usf" 3000
"../../../Engine/Shaders/Private/Lumen/LumenScreenSpaceBentNormal.ush" 3001
"../../../Engine/Shaders/Private/Lumen/LumenScreenSpaceBentNormal.usf" 3002
"../../../Engine/Shaders/Private/Lumen/LumenScreenProbeTracing.usf" 3003
"../../../Engine/Shaders/Private/Lumen/LumenScreenProbeTracingCommon.ush" 3004
"../../../Engine/Shaders/Private/Lumen/LumenFloatQuantization.ush" 3005
"../../../Engine/Shaders/Private/Lumen/LumenScreenProbeImportanceSampling.usf" 3006
"../../../Engine/Shaders/Private/Lumen/LumenScreenProbeImportanceSamplingShared.ush" 3007
"../../../Engine/Shaders/Private/Lumen/LumenScreenProbeHardwareRayTracing.usf" 3008
"../../../Engine/Shaders/Private/Lumen/LumenScreenProbeDebug.usf" 3009
"../../../Engine/Shaders/Private/Lumen/LumenScreenProbeGather.usf" 3010
"../../../Engine/Shaders/Private/Lumen/LumenScreenProbeGatherTemporal.usf" 3011
"../../../Engine/Shaders/Private/Lumen/LumenScreenProbeFiltering.usf" 3012
"../../../Engine/Shaders/Private/Lumen/LumenSceneLighting.usf" 3013
"../../../Engine/Shaders/Private/Lumen/LumenCardTile.ush" 3014
"../../../Engine/Shaders/Private/Lumen/LumenSceneLighting.ush" 3015
"../../../Engine/Shaders/Private/Lumen/Radiosity/LumenRadiosity.ush" 3016
"../../../Engine/Shaders/Private/Lumen/LumenSceneLightingDebug.usf" 3017
"../../../Engine/Shaders/Private/Lumen/LumenScene.usf" 3018
"../../../Engine/Shaders/Private/Lumen/LumenSceneDirectLightingHardwareRayTracing.usf" 3019
"../../../Engine/Shaders/Private/Lumen/LumenSceneDirectLightingStochastic.ush" 3020
"../../../Engine/Shaders/Private/Lumen/LumenSceneDirectLighting.ush" 3021
"../../../Engine/Shaders/Private/Lumen/LumenSceneDebugHardwareRayTracing.usf" 3022
"../../../Engine/Shaders/Private/Lumen/LumenSceneDirectLightingStochastic.usf" 3023
"../../../Engine/Shaders/Private/Lumen/LumenSceneDirectLightingSoftwareRayTracing.usf" 3024
"../../../Engine/Shaders/Private/DistanceFieldShadowingShared.ush" 3025
"../../../Engine/Shaders/Private/Lumen/LumenSceneDirectLightingPerLightShadowCommon.ush" 3026
"../../../Engine/Shaders/Private/Lumen/LumenSceneDirectLightingShadowMask.usf" 3027
"../../../Engine/Shaders/Private/Lumen/LumenSceneDirectLighting.usf" 3028
"../../../Engine/Shaders/Private/Lumen/LumenSceneDirectLightingCulling.usf" 3029
"../../../Engine/Shaders/Private/Lumen/LumenCardComputeShader.usf" 3030
"../../../Engine/Shaders/Private/Lumen/LumenCardBasePass.ush" 3031
"../../../Engine/Shaders/Private/Lumen/LumenCardPixelShader.usf" 3032
"../../../Engine/Shaders/Private/Lumen/LumenCardVertexShader.usf" 3033
"../../../Engine/Shaders/Private/Lumen/LumenReSTIRGather.usf" 3034
"../../../Engine/Shaders/Private/Lumen/LumenReflectionTracing.usf" 3035
"../../../Engine/Shaders/Private/Lumen/LumenReflectionDenoiserSpatial.usf" 3036
"../../../Engine/Shaders/Private/Lumen/LumenReflectionDenoiserClear.usf" 3037
"../../../Engine/Shaders/Private/Lumen/LumenReflectionDenoiserTemporal.usf" 3038
"../../../Engine/Shaders/Private/Lumen/LumenReflectionResolve.usf" 3039
"../../../Engine/Shaders/Private/Lumen/LumenReflections.usf" 3040
"../../../Engine/Shaders/Private/Lumen/RayTracedTranslucency.usf" 3041
"../../../Engine/Shaders/Private/Lumen/LumenReflectionHardwareRayTracing.usf" 3042
"../../../Engine/Shaders/Private/Lumen/Radiosity/LumenVisualizeRadiosityProbes.usf" 3043
"../../../Engine/Shaders/Private/Lumen/Radiosity/LumenRadiosity.usf" 3044
"../../../Engine/Shaders/Private/Lumen/Radiosity/LumenRadiosityHardwareRayTracing.usf" 3045
"../../../Engine/Shaders/Private/Lumen/Radiosity/LumenRadiosityCulling.usf" 3046
"../../../Engine/Shaders/Private/Lumen/LumenRadianceCacheHardwareRayTracing.usf" 3047
"../../../Engine/Shaders/Private/Lumen/LumenRadianceCache.usf" 3048
"../../../Engine/Shaders/Private/Lumen/LumenRadianceCacheUpdate.ush" 3049
"../../../Engine/Shaders/Private/Lumen/LumenRadianceCacheDebug.usf" 3050
"../../../Engine/Shaders/Private/Lumen/LumenRadianceCacheUpdate.usf" 3051
"../../../Engine/Shaders/Private/Lumen/LumenMeshSDFCulling.usf" 3052
"../../../Engine/Shaders/Private/HybridIndirectLighting.ush" 3053
"../../../Engine/Shaders/Private/MeshDistanceFieldCommon.ush" 3054
"../../../Engine/Shaders/Private/Lumen/LumenIrradianceFieldGather.usf" 3055
"../../../Engine/Shaders/Private/Lumen/LumenHardwareRayTracingMaterials.usf" 3056
"../../../Engine/Shaders/Private/Lumen/LumenFrontLayerTranslucency.usf" 3057
"../../../Engine/Shaders/Private/LocalFogVolumes/LocalFogVolumeSplat.usf" 3058
"../../../Engine/Shaders/Private/LocalFogVolumes/LocalFogVolumeTiledCulling.usf" 3059
"../../../Engine/Shaders/Private/LightShaftShader.usf" 3060
"../../../Engine/Shaders/Private/StationaryLightOverlapShaders.usf" 3061
"../../../Engine/Shaders/Private/DeferredLightPixelShaders.usf" 3062
"../../../Engine/Shaders/Private/DeferredLightVertexShaders.usf" 3063
"../../../Engine/Shaders/Private/LightMapDensityShader.usf" 3064
"../../../Engine/Shaders/Private/LightGridInjection.usf" 3065
"../../../Engine/Shaders/Shared/LightGridDefinitions.h" 3066
"../../../Engine/Shaders/Private/LightFunctionPixelShader.usf" 3067
"../../../Engine/Shaders/Private/LightFunctionVertexShader.usf" 3068
"../../../Engine/Shaders/Private/LightFunctionAtlas/LightFunctionAtlasRender.usf" 3069
"../../../Engine/Shaders/Private/InstanceCulling/InstanceCullingOcclusionQuery.usf" 3070
"../../../Engine/Shaders/Private/InstanceCulling/InstanceCullingSetup.ush" 3071
"../../../Engine/Shaders/Private/InstanceCulling/BuildInstanceDrawCommands.usf" 3072
"../../../Engine/Shaders/Private/InstanceCulling/InstanceCompactionCommon.ush" 3073
"../../../Engine/Shaders/Private/SceneDataMobileWriter.ush" 3074
"../../../Engine/Shaders/Private/InstanceCulling/CompactVisibleInstances.usf" 3075
"../../../Engine/Shaders/Private/ReflectionEnvironmentPixelShader.usf" 3076
"../../../Engine/Shaders/Private/AmbientCubemapComposite.usf" 3077
"../../../Engine/Shaders/Private/DiffuseIndirectComposite.usf" 3078
"../../../Engine/Shaders/Private/IESAtlas.usf" 3079
"../../../Engine/Shaders/Private/HeterogeneousVolumes/HeterogeneousVolumesVisualizeCascades.usf" 3080
"../../../Engine/Shaders/Private/HeterogeneousVolumes/HeterogeneousVolumesVoxelGridShadows.usf" 3081
"../../../Engine/Shaders/Private/HeterogeneousVolumes/HeterogeneousVolumesStochasticFiltering.ush" 3082
"../../../Engine/Shaders/Private/HeterogeneousVolumes/HeterogeneousVolumesVoxelGridRenderingUtils.ush" 3083
"../../../Engine/Shaders/Private/HeterogeneousVolumes/HeterogeneousVolumesLightingUtils.ush" 3084
"../../../Engine/Shaders/Private/HeterogeneousVolumes/HeterogeneousVolumesRayMarchingUtils.ush" 3085
"../../../Engine/Shaders/Private/HeterogeneousVolumes/HeterogeneousVolumesRayMarchingTypes.ush" 3086
"../../../Engine/Shaders/Private/HeterogeneousVolumes/HeterogeneousVolumesTransmittanceVolumeUtils.ush" 3087
"../../../Engine/Shaders/Private/HeterogeneousVolumes/HeterogeneousVolumesAdaptiveVolumetricShadowMapSampler.ush" 3088
"../../../Engine/Shaders/Private/HeterogeneousVolumes/HeterogeneousVolumesVoxelGridRendering.usf" 3089
"../../../Engine/Shaders/Private/HeterogeneousVolumes/HeterogeneousVolumesVoxelGridPipeline.usf" 3090
"../../../Engine/Shaders/Private/HeterogeneousVolumes/HeterogeneousVolumesMaterialBakingPipeline.usf" 3091
"../../../Engine/Shaders/Private/HeterogeneousVolumes/HeterogeneousVolumesLiveShadingUtils.ush" 3092
"../../../Engine/Shaders/Private/HeterogeneousVolumes/HeterogeneousVolumesFrustumVoxelGrid.usf" 3093
"../../../Engine/Shaders/Private/HeterogeneousVolumes/HeterogeneousVolumesSparseVoxelPipeline.usf" 3094
"../../../Engine/Shaders/Private/HeterogeneousVolumes/HeterogeneousVolumesSparseVoxelUtils.ush" 3095
"../../../Engine/Shaders/Private/HeterogeneousVolumes/HeterogeneousVolumesSparseVoxelUniformBufferUtils.ush" 3096
"../../../Engine/Shaders/Private/HeterogeneousVolumes/HeterogeneousVolumesPreshadingPipeline.usf" 3097
"../../../Engine/Shaders/Private/HeterogeneousVolumes/HeterogeneousVolumesShadowMask.usf" 3098
"../../../Engine/Shaders/Private/HeterogeneousVolumes/HeterogeneousVolumesLiveShadingShadows.usf" 3099
"../../../Engine/Shaders/Private/HeterogeneousVolumes/HeterogeneousVolumesLiveShadingGlobalPipeline.usf" 3100
"../../../Engine/Shaders/Private/HeterogeneousVolumes/HeterogeneousVolumesLiveShadingPipeline.usf" 3101
"../../../Engine/Shaders/Private/HeterogeneousVolumes/HeterogeneousVolumesHardwareRayTracing.usf" 3102
"../../../Engine/Shaders/Private/HeterogeneousVolumes/HeterogeneousVolumesAmbientOcclusionPipeline.usf" 3103
"../../../Engine/Shaders/Private/HeterogeneousVolumes/HeterogeneousVolumesComposite.usf" 3104
"../../../Engine/Shaders/Private/HdrCustomResolveShaders.usf" 3105
"../../../Engine/Shaders/Private/HairStrands/RenderCurveRaster.usf" 3106
"../../../Engine/Shaders/Shared/RenderCurveDefinitions.h" 3107
"../../../Engine/Shaders/Private/HairStrands/HairStrandsVoxelRasterCompute.usf" 3108
"../../../Engine/Shaders/Private/HairStrands/HairStrandsHitProxy.usf" 3109
"../../../Engine/Shaders/Private/HairStrands/HairStrandsVisibilityRasterComputeNaive.usf" 3110
"../../../Engine/Shaders/Private/HairStrands/HairStrandsVisibilityRasterHW.usf" 3111
"../../../Engine/Shaders/Private/HairStrands/HairStrandsVisibilityRasterCompute.usf" 3112
"../../../Engine/Shaders/Private/HairStrands/HairStrandsVisibilityRasterClassification.usf" 3113
"../../../Engine/Shaders/Private/HairStrands/HairStrandsCoverage.usf" 3114
"../../../Engine/Shaders/Private/HairStrands/HairStrandsVisibilityDepthPS.usf" 3115
"../../../Engine/Shaders/Private/HairStrands/HairStrandsVisibilityTransmittanceDepthPS.usf" 3116
"../../../Engine/Shaders/Private/HairStrands/HairStrandsVisibilityFillOpaqueDepthPS.usf" 3117
"../../../Engine/Shaders/Private/HairStrands/HairStrandsVisibilityCompactionComputeRaster.usf" 3118
"../../../Engine/Shaders/Private/HairStrands/HairStrandsVisibilityCompaction.usf" 3119
"../../../Engine/Shaders/Private/HairStrands/HairStrandsVisibilityCopyIndirectArg.usf" 3120
"../../../Engine/Shaders/Private/HairStrands/HairStrandsVisibilityClearPS.usf" 3121
"../../../Engine/Shaders/Private/HairStrands/HairStrandsVisibilityPS.usf" 3122
"../../../Engine/Shaders/Private/HairStrands/HairStrandsVisibilityVS.usf" 3123
"../../../Engine/Shaders/Private/HairStrands/HairStrandsVelocity.usf" 3124
"../../../Engine/Shaders/Private/HairStrands/HairStrandsVisibilityComputeSampleCoverage.usf" 3125
"../../../Engine/Shaders/Private/HairStrands/HairStrandsMaterialPS.usf" 3126
"../../../Engine/Shaders/Private/HairStrands/HairStrandsMaterialCommon.ush" 3127
"../../../Engine/Shaders/Private/HairStrands/HairStrandsMaterialVS.usf" 3128
"../../../Engine/Shaders/Private/HairStrands/HairStrandsLightSample.usf" 3129
"../../../Engine/Shaders/Private/HairStrands/HairStrandsDeepShadowMask.usf" 3130
"../../../Engine/Shaders/Private/HairStrands/HairStrandsDeepTransmittanceMask.usf" 3131
"../../../Engine/Shaders/Private/HairStrands/HairStrandsVisibilityTile.usf" 3132
"../../../Engine/Shaders/Private/HairStrands/HairStrandsDeepShadowPS.usf" 3133
"../../../Engine/Shaders/Private/HairStrands/HairStrandsDeepShadowVS.usf" 3134
"../../../Engine/Shaders/Private/HairStrands/HairStrandsAABB.usf" 3135
"../../../Engine/Shaders/Private/HairStrands/HairStrandsLUT.usf" 3136
"../../../Engine/Shaders/Private/HairStrands/HairStrandsForwardRaster.usf" 3137
"../../../Engine/Shaders/Private/HairStrands/HairStrandsForwardCulling.usf" 3138
"../../../Engine/Shaders/Private/HairStrands/HairStrandsEnvironmentLighting.usf" 3139
"../../../Engine/Shaders/Private/HairStrands/HairStrandsEnvironmentAO.usf" 3140
"../../../Engine/Shaders/Private/HairStrands/HairStrandsDeepShadowAllocation.usf" 3141
"../../../Engine/Shaders/Private/HairStrands/HairStrandsVoxelDebug.usf" 3142
"../../../Engine/Shaders/Private/HairStrands/HairStrandsComposition.usf" 3143
"../../../Engine/Shaders/Private/HairStrands/HairStrandsGBufferCommon.ush" 3144
"../../../Engine/Shaders/Private/GPUScene/GPUSceneDataManagement.usf" 3145
"../../../Engine/Shaders/Private/GPUSceneDebugRender.usf" 3146
"../../../Engine/Shaders/Private/GPUFeedbackCompaction.usf" 3147
"../../../Engine/Shaders/Private/GPUFastFourierTransform.usf" 3148
"../../../Engine/Shaders/Private/GPUFastFourierTransform2DCore.ush" 3149
"../../../Engine/Shaders/Private/GPUFastFourierTransformCore.ush" 3150
"../../../Engine/Shaders/Private/GPUBenchmark.usf" 3151
"../../../Engine/Shaders/Private/DistanceField/GlobalDistanceFieldDebug.usf" 3152
"../../../Engine/Shaders/Private/DistanceField/GlobalDistanceFieldUpdate.ush" 3153
"../../../Engine/Shaders/Private/DistanceField/GlobalDistanceFieldMip.usf" 3154
"../../../Engine/Shaders/Private/DistanceField/GlobalDistanceField.usf" 3155
"../../../Engine/Shaders/Private/DistanceField/GlobalDistanceFieldCompositeObjects.usf" 3156
"../../../Engine/Shaders/Private/DistanceField/GlobalDistanceFieldHeightfields.usf" 3157
"../../../Engine/Shaders/Private/HeightfieldLightingShared.ush" 3158
"../../../Engine/Shaders/Private/GenerateConservativeDepth.usf" 3159
"../../../Engine/Shaders/Private/HeightFogPixelShader.usf" 3160
"../../../Engine/Shaders/Private/HeightFogVertexShader.usf" 3161
"../../../Engine/Shaders/Private/DistortFiltering.usf" 3162
"../../../Engine/Shaders/Private/DistortAccumulatePS.usf" 3163
"../../../Engine/Shaders/Private/DistortAccumulateVS.usf" 3164
"../../../Engine/Shaders/Private/DistanceFieldVisualization.usf" 3165
"../../../Engine/Shaders/Private/DistanceFieldStreaming.usf" 3166
"../../../Engine/Shaders/Private/DistanceFieldShadowing.usf" 3167
"../../../Engine/Shaders/Private/DistanceFieldScreenGridLighting.usf" 3168
"../../../Engine/Shaders/Private/DistanceFieldObjectCulling.usf" 3169
"../../../Engine/Shaders/Private/DistanceFieldLightingPost.usf" 3170
"../../../Engine/Shaders/Private/DitheredTransitionStencil.usf" 3171
"../../../Engine/Shaders/Private/CopyDepthTexture.usf" 3172
"../../../Engine/Shaders/Private/CopyDepthTextureCS.usf" 3173
"../../../Engine/Shaders/Private/DeferredDecal.usf" 3174
"../../../Engine/Shaders/Private/DecalCommon.ush" 3175
"../../../Engine/Shaders/Private/DebugViewModeVertexShader.usf" 3176
"../../../Engine/Shaders/Private/DebugViewModeCommon.ush" 3177
"../../../Engine/Shaders/Private/DebugViewModePixelShader.usf" 3178
"../../../Engine/Shaders/Private/DebugProbes.usf" 3179
"../../../Engine/Shaders/Private/MeshDecals.usf" 3180
"../../../Engine/Shaders/Private/PostProcessAmbientOcclusion.usf" 3181
"../../../Engine/Shaders/Private/ClusteredDeferredShadingPixelShader.usf" 3182
"../../../Engine/Shaders/Private/ClusteredDeferredShadingVertexShader.usf" 3183
"../../../Engine/Shaders/Private/CapsuleShadowShaders.usf" 3184
"../../../Engine/Shaders/Private/BasePassPixelShader.usf" 3185
"../../../Engine/Shaders/Private/ForwardLightingCommon.ush" 3186
"../../../Engine/Shaders/Private/Substrate/SubstrateForwardLighting.ush" 3187
"../../../Engine/Shaders/Private/ComputeShaderOutputCommon.ush" 3188
"../../../Engine/Shaders/Private/BasePassVertexShader.usf" 3189
"../../../Engine/Shaders/Private/BasePassVertexCommon.ush" 3190
"../../../Engine/Shaders/Private/SimpleElementVolumeTexturePreviewPixelShader.usf" 3191
"../../../Engine/Shaders/Private/SimpleElementTexture2DPreviewPixelShader.usf" 3192
"../../../Engine/Shaders/Private/meshpaintdilatepixelshader.usf" 3193
"../../../Engine/Shaders/Private/meshpaintdilatevertexshader.usf" 3194
"../../../Engine/Shaders/Private/MeshPaintPixelShader.usf" 3195
"../../../Engine/Shaders/Private/MeshPaintVertexShader.usf" 3196
"../../../Engine/Shaders/Private/SlateElementPixelShader.usf" 3197
"../../../Engine/Shaders/Private/SlateShaderCommon.ush" 3198
"../../../Engine/Shaders/Private/SlateMaskingShader.usf" 3199
"../../../Engine/Shaders/Private/SlateVertexShader.usf" 3200
"../../../Engine/Shaders/Private/CompositeUIPixelShader.usf" 3201
"../../../Engine/Shaders/Private/ColorDeficiency.ush" 3202
"../../../Engine/Shaders/Private/SlatePostProcessColorDeficiencyPixelShader.usf" 3203
"../../../Engine/Shaders/Private/SlatePostProcessPixelShader.usf" 3204
"../../../Engine/Shaders/Private/Tools/VisualizeTexture.usf" 3205
"../../../Engine/Shaders/Private/UpdateDescriptorHandle.usf" 3206
"../../../Engine/Shaders/Private/ByteBuffer.usf" 3207
"../../../Engine/Shaders/Private/ShaderBundleWorkGraphDispatch.usf" 3208
"../../../Engine/Shaders/Private/ShaderBundleDispatch.usf" 3209
"../../../Engine/Shaders/Private/ResolveVertexShader.usf" 3210
"../../../Engine/Shaders/Private/ResolvePixelShader.usf" 3211
"../../../Engine/Shaders/Private/Tools/SetupIndirectArgs.usf" 3212
"../../../Engine/Shaders/Private/ClearReplacementShaders.usf" 3213
"../../../Engine/Shaders/Private/Tools/DrawTexture.usf" 3214
"../../../Engine/Shaders/Private/RayTracing/RayTracingValidation.usf" 3215
"../../../Engine/Shaders/Private/RenderGraphUtilities.usf" 3216
"../../../Engine/Shaders/Private/OneColorShader.usf" 3217
"../../../Engine/Shaders/Private/OculusShaders.usf" 3218
"../../../Engine/Shaders/Private/MediaShaders.usf" 3219
"../../../Engine/Shaders/Private/GPUMessaging.usf" 3220
"../../../Engine/Shaders/Private/Tools/GPUDebugCrashUtils.usf" 3221
"../../../Engine/Shaders/Private/NullPixelShader.usf" 3222
"../../../Engine/Shaders/Private/ComputeGenerateMips.usf" 3223
"../../../Engine/Shaders/Private/Tools/DumpTexture.usf" 3224
"../../../Engine/Shaders/Private/CopyTextureShaders.usf" 3225
"../../../Engine/Shaders/Private/Tools/FullscreenVertexShader.usf" 3226
"../../../Engine/Shaders/Private/RayTracing/RayTracingDispatchDesc.usf" 3227
"../../../Engine/Shaders/Private/Bink.usf" 3228
"../../../Engine/Shaders/Private/DepthOnlyPixelShader.usf" 3229
"../../../Engine/Shaders/Private/PositionOnlyDepthVertexShader.usf" 3230
"../../../Engine/Shaders/Private/DepthOnlyVertexShader.usf" 3231
"../../../Engine/Shaders/Private/AnisotropyPassShader.usf" 3232
"C:/Arcadia/Unreal/Projects/BonkSouls/Content/BonkSouls/Audio/SFX/SW_MountHammer.uasset" 3233
"C:/Arcadia/Unreal/Projects/BonkSouls/Content/BonkSouls/Cutscene/LS_GronkIntro_S5.uasset" 3234
"C:/Arcadia/Unreal/Projects/BonkSouls/Content/BonkSouls/Blueprints/BP_BSCutsceneManager.uasset" 3235
"C:/Arcadia/Unreal/Projects/BonkSouls/Content/BonkSouls/Blueprints/UI/Menus/BP_MainMenuHUD.uasset" 3236
"C:/Arcadia/Unreal/Projects/BonkSouls/Content/BonkSouls/Blueprints/UI/BP_BonkSoulsHUD.uasset" 3237
"C:/Arcadia/Unreal/Projects/BonkSouls/Content/BonkSouls/Blueprints/UI/Menus/WB_Credits.uasset" 3238
"C:/Arcadia/Unreal/Projects/BonkSouls/Content/BonkSouls/Blueprints/UI/Menus/WB_PauseMenu.uasset" 3239
"/Engine/EngineResources/WhiteSquareTexture" 3240
"../../../Engine/Content/EngineResources/WhiteSquareTexture.uasset" 3241
"/Engine/EngineResources/GradientTexture0" 3242
"../../../Engine/Content/EngineResources/GradientTexture0.uasset" 3243
"/Engine/EngineResources/Black" 3244
"../../../Engine/Content/EngineResources/Black.uasset" 3245
"/Engine/EditorResources/S_Actor" 3246
"../../../Engine/Content/EditorResources/S_Actor.uasset" 3247
"/Engine/EngineFonts/RobotoDistanceField" 3248
"../../../Engine/Content/EngineFonts/RobotoDistanceField.uasset" 3249
"/Engine/EngineMaterials/DefaultTextMaterialOpaque" 3250
"../../../Engine/Content/EngineMaterials/DefaultTextMaterialOpaque.uasset" 3251
"/Engine/Functions/Engine_MaterialFunctions01/Shading/PowerToRoughness" 3252
"../../../Engine/Content/Functions/Engine_MaterialFunctions01/Shading/PowerToRoughness.uasset" 3253
"/Engine/Functions/Engine_MaterialFunctions01/Shading/ConvertFromDiffSpec" 3254
"../../../Engine/Content/Functions/Engine_MaterialFunctions01/Shading/ConvertFromDiffSpec.uasset" 3255
"/Engine/EngineMaterials/WorldGridMaterial" 3256
"../../../Engine/Content/EngineMaterials/WorldGridMaterial.uasset" 3257
"../../../Engine/Content/Functions/Engine_MaterialFunctions01/Opacity/CameraDepthFade.uasset" 3258
"../../../Engine/Content/EngineMaterials/T_Default_Material_Grid_M.uasset" 3259
"../../../Engine/Content/EngineMaterials/T_Default_Material_Grid_N.uasset" 3260
"/Engine/EngineMaterials/DefaultDeferredDecalMaterial" 3261
"../../../Engine/Content/EngineMaterials/DefaultDeferredDecalMaterial.uasset" 3262
"../../../Engine/Content/EngineMaterials/DefaultDiffuse.uasset" 3263
"/Engine/EngineMaterials/DefaultLightFunctionMaterial" 3264
"../../../Engine/Content/EngineMaterials/DefaultLightFunctionMaterial.uasset" 3265
"/Engine/EngineMaterials/DefaultPostProcessMaterial" 3266
"../../../Engine/Content/EngineMaterials/DefaultPostProcessMaterial.uasset" 3267
"../../../Engine/Content/Functions/Engine_MaterialFunctions02/Utility/BreakOutFloat2Components.uasset" 3268
"/Engine/EditorResources/S_Trigger" 3269
"../../../Engine/Content/EditorResources/S_Trigger.uasset" 3270
"/Engine/EditorResources/S_BoxReflectionCapture" 3271
"../../../Engine/Content/EditorResources/S_BoxReflectionCapture.uasset" 3272
"/Engine/EngineResources/DefaultTexture" 3273
"../../../Engine/Content/EngineResources/DefaultTexture.uasset" 3274
"/Engine/EditorResources/S_TriggerBox" 3275
"../../../Engine/Content/EditorResources/S_TriggerBox.uasset" 3276
"/Engine/EditorResources/S_TriggerCapsule" 3277
"../../../Engine/Content/EditorResources/S_TriggerCapsule.uasset" 3278
"/Engine/EditorResources/S_TriggerSphere" 3279
"../../../Engine/Content/EditorResources/S_TriggerSphere.uasset" 3280
"/Engine/EngineMeshes/Sphere" 3281
"../../../Engine/Content/EngineMeshes/Sphere.uasset" 3282
"/Engine/EngineDamageTypes/DmgTypeBP_Environmental" 3283
"../../../Engine/Content/EngineDamageTypes/DmgTypeBP_Environmental.uasset" 3284
"/Engine/EngineResources/DefaultTextureCube" 3285
"../../../Engine/Content/EngineResources/DefaultTextureCube.uasset" 3286
"/Engine/EngineResources/DefaultVolumeTexture" 3287
"../../../Engine/Content/EngineResources/DefaultVolumeTexture.uasset" 3288
"../../../Engine/Content/EngineResources/DefaultVolumeTexture2D.uasset" 3289
"/Engine/EditorResources/S_Solver" 3290
"../../../Engine/Content/EditorResources/S_Solver.uasset" 3291
"/Engine/EngineDebugMaterials/VolumeToRender" 3292
"../../../Engine/Content/EngineDebugMaterials/VolumeToRender.uasset" 3293
"/Engine/EngineDebugMaterials/M_VolumeRenderSphereTracePP" 3294
"../../../Engine/Content/EngineDebugMaterials/M_VolumeRenderSphereTracePP.uasset" 3295
"../../../Engine/Content/Functions/Engine_MaterialFunctions02/Utility/CameraDirectionVector.uasset" 3296
"/Engine/EditorMeshes/Camera/SM_CraneRig_Base" 3297
"../../../Engine/Content/EditorMeshes/Camera/SM_CraneRig_Base.uasset" 3298
"../../../Engine/Content/EditorMaterials/Camera/MI_CineMat_Rig.uasset" 3299
"../../../Engine/Content/EditorMaterials/Camera/CineMat.uasset" 3300
"/Engine/EditorMeshes/Camera/SM_CraneRig_Arm" 3301
"../../../Engine/Content/EditorMeshes/Camera/SM_CraneRig_Arm.uasset" 3302
"/Engine/EditorMeshes/Camera/SM_CraneRig_Mount" 3303
"../../../Engine/Content/EditorMeshes/Camera/SM_CraneRig_Mount.uasset" 3304
"/Engine/EditorMeshes/Camera/SM_CraneRig_Body" 3305
"../../../Engine/Content/EditorMeshes/Camera/SM_CraneRig_Body.uasset" 3306
"/Engine/EditorMeshes/Camera/SM_RailRig_Track" 3307
"../../../Engine/Content/EditorMeshes/Camera/SM_RailRig_Track.uasset" 3308
"/Engine/EditorMeshes/Camera/SM_RailRig_Mount" 3309
"../../../Engine/Content/EditorMeshes/Camera/SM_RailRig_Mount.uasset" 3310
"/Engine/EditorLandscapeResources/SplineEditorMesh" 3311
"../../../Engine/Content/EditorLandscapeResources/SplineEditorMesh.uasset" 3312
"../../../Engine/Content/EditorLandscapeResources/SplineEditorMeshMat.uasset" 3313
"/HairStrands/Materials/HairDebugMaterial" 3314
"../../Plugins/Runtime/HairStrands/Content/Materials/HairDebugMaterial.uasset" 3315
"../../../Engine/Content/Functions/Engine_MaterialFunctions02/Utility/MakeFloat2.uasset" 3316
"../../../Engine/Content/Functions/Engine_MaterialFunctions02/Utility/MakeFloat3.uasset" 3317
"../../../Engine/Content/EngineMaterials/HairColorMap.uasset" 3318
"../../../Engine/Content/EngineMaterials/HairDebugColor.uasset" 3319
"../../Plugins/Runtime/HairStrands/Content/Materials/HairGroupColors.uasset" 3320
"/HairStrands/Materials/HairDefaultMaterial" 3321
"../../Plugins/Runtime/HairStrands/Content/Materials/HairDefaultMaterial.uasset" 3322
"/HairStrands/Materials/HairCardsDefaultMaterial" 3323
"../../Plugins/Runtime/HairStrands/Content/Materials/HairCardsDefaultMaterial.uasset" 3324
"/HairStrands/Materials/HairMeshesDefaultMaterial" 3325
"../../Plugins/Runtime/HairStrands/Content/Materials/HairMeshesDefaultMaterial.uasset" 3326
"/Engine/EngineMaterials/Widget3DPassThrough_Translucent" 3327
"../../../Engine/Content/EngineMaterials/Widget3DPassThrough_Translucent.uasset" 3328
"../../../Engine/Content/EngineMaterials/Widget3DPassThrough.uasset" 3329
"/Engine/EngineMaterials/Widget3DPassThrough_Translucent_OneSided" 3330
"../../../Engine/Content/EngineMaterials/Widget3DPassThrough_Translucent_OneSided.uasset" 3331
"/Engine/EngineMaterials/Widget3DPassThrough_Opaque" 3332
"../../../Engine/Content/EngineMaterials/Widget3DPassThrough_Opaque.uasset" 3333
"/Engine/EngineMaterials/Widget3DPassThrough_Opaque_OneSided" 3334
"../../../Engine/Content/EngineMaterials/Widget3DPassThrough_Opaque_OneSided.uasset" 3335
"/Engine/EngineMaterials/Widget3DPassThrough_Masked" 3336
"../../../Engine/Content/EngineMaterials/Widget3DPassThrough_Masked.uasset" 3337
"/Engine/EngineMaterials/Widget3DPassThrough_Masked_OneSided" 3338
"../../../Engine/Content/EngineMaterials/Widget3DPassThrough_Masked_OneSided.uasset" 3339
"/Engine/VREditor/ViewportInteractionAssetContainerData" 3340
"../../../Engine/Content/VREditor/ViewportInteractionAssetContainerData.uasset" 3341
"../../../Engine/Content/VREditor/SnapGrid/SnapGridMaterial.uasset" 3342
"../../../Engine/Content/VREditor/TransformGizmo/TransformGizmoMaterial_Inst.uasset" 3343
"../../../Engine/Content/VREditor/TransformGizmo/TranslucentTransformGizmoMaterial_Inst.uasset" 3344
"../../../Engine/Content/VREditor/SnapGrid/SnapGridPlaneMesh.uasset" 3345
"../../../Engine/Content/VREditor/Sounds/UI/Drop_Item_From_ContentBrowser.uasset" 3346
"../../../Engine/Content/VREditor/Sounds/UI/Gizmo_Handle_Clicked.uasset" 3347
"../../../Engine/Content/VREditor/Sounds/UI/Object_PickUp.uasset" 3348
"../../../Engine/Content/VREditor/Sounds/UI/Object_Snaps_To_Another_Actor.uasset" 3349
"../../../Engine/Content/VREditor/Sounds/UI/Object_Snaps_To_Grid.uasset" 3350
"../../../Engine/Content/VREditor/Sounds/UI/Scaling_Down.uasset" 3351
"../../../Engine/Content/VREditor/Sounds/UI/Scaling_Up.uasset" 3352
"../../../Engine/Content/VREditor/Sounds/UI/Selection_Changes.uasset" 3353
"../../../Engine/Content/VREditor/TransformGizmo/PlaneTranslationHandle.uasset" 3354
"../../../Engine/Content/VREditor/TransformGizmo/RotationHandleFull.uasset" 3355
"../../../Engine/Content/VREditor/TransformGizmo/RotationHandleIndicator.uasset" 3356
"../../../Engine/Content/VREditor/TransformGizmo/RotationHandleQuarter.uasset" 3357
"../../../Engine/Content/VREditor/TransformGizmo/StartRotationHandleIndicator.uasset" 3358
"../../../Engine/Content/VREditor/TransformGizmo/TransformGizmoFreeRotation.uasset" 3359
"../../../Engine/Content/VREditor/TransformGizmo/TranslateArrowHandle.uasset" 3360
"../../../Engine/Content/VREditor/TransformGizmo/UniformScaleHandle.uasset" 3361
"../../../Engine/Content/Functions/Engine_MaterialFunctions02/Math/Transform3x3Matrix.uasset" 3362
"../../../Engine/Content/Functions/Engine_MaterialFunctions02/SplitComponents.uasset" 3363
"../../../Engine/Content/VREditor/TransformGizmo/TransformGizmoMaterial.uasset" 3364
"../../../Engine/Content/VREditor/TransformGizmo/TranslucentTransformGizmoMaterial.uasset" 3365
"../../../Engine/Content/Functions/Engine_MaterialFunctions02/Utility/BreakOutFloat3Components.uasset" 3366
"../../../Engine/Content/VREditor/LaserPointer/VR_LaserPower_01.uasset" 3367
"/Engine/VREditor/TransformGizmo/BoundingBoxCorner" 3368
"../../../Engine/Content/VREditor/TransformGizmo/BoundingBoxCorner.uasset" 3369
"/Engine/VREditor/TransformGizmo/BoundingBoxEdge" 3370
"../../../Engine/Content/VREditor/TransformGizmo/BoundingBoxEdge.uasset" 3371
"/Engine/ArtTools/RenderToTexture/Meshes/S_1_Unit_Plane" 3372
"../../../Engine/Content/ArtTools/RenderToTexture/Meshes/S_1_Unit_Plane.uasset" 3373
"/Engine/EngineDebugMaterials/M_SimpleUnlitTranslucent" 3374
"../../../Engine/Content/EngineDebugMaterials/M_SimpleUnlitTranslucent.uasset" 3375
"/Engine/EngineFonts/Roboto" 3376
"../../../Engine/Content/EngineFonts/Roboto.uasset" 3377
"../../../Engine/Content/EngineFonts/Faces/DroidSansFallback.uasset" 3378
"../../../Engine/Content/EngineFonts/Faces/RobotoBold.uasset" 3379
"../../../Engine/Content/EngineFonts/Faces/RobotoBoldItalic.uasset" 3380
"../../../Engine/Content/EngineFonts/Faces/RobotoItalic.uasset" 3381
"../../../Engine/Content/EngineFonts/Faces/RobotoLight.uasset" 3382
"../../../Engine/Content/EngineFonts/Faces/RobotoRegular.uasset" 3383
"/Engine/EditorMaterials/ParticleSystems/PSysThumbnail_NoImage" 3384
"../../../Engine/Content/EditorMaterials/ParticleSystems/PSysThumbnail_NoImage.uasset" 3385
"/Engine/EditorMaterials/ParticleSystems/PSysThumbnail_OOD" 3386
"../../../Engine/Content/EditorMaterials/ParticleSystems/PSysThumbnail_OOD.uasset" 3387
"/Engine/EngineResources/LandscapeVisibilityLayerInfo" 3388
"../../../Engine/Content/EngineResources/LandscapeVisibilityLayerInfo.uasset" 3389
"../../../../../../Arcadia/Unreal/Projects/BonkSouls/Intermediate/ShaderAutogen/PCD3D_SM5/AutogenShaderHeaders.ush" 3390
"/ACLPlugin/ACLAnimBoneCompressionSettings" 3391
"../../Plugins/Animation/ACLPlugin/Content/ACLAnimBoneCompressionSettings.uasset" 3392
"/Engine/Animation/DefaultRecorderBoneCompression" 3393
"../../../Engine/Content/Animation/DefaultRecorderBoneCompression.uasset" 3394
"/ACLPlugin/ACLAnimCurveCompressionSettings" 3395
"../../Plugins/Animation/ACLPlugin/Content/ACLAnimCurveCompressionSettings.uasset" 3396
"/Engine/Animation/DefaultVariableFrameStrippingSettings" 3397
"../../../Engine/Content/Animation/DefaultVariableFrameStrippingSettings.uasset" 3398
"/ControlRig/Controls/ControlRigXRayMaterial" 3399
"../../Plugins/Animation/ControlRig/Content/Controls/ControlRigXRayMaterial.uasset" 3400
"/ControlRig/Controls/DefaultGizmoLibraryNormalized" 3401
"../../Plugins/Animation/ControlRig/Content/Controls/DefaultGizmoLibraryNormalized.uasset" 3402
"/ControlRig/M_Manip" 3403
"../../Plugins/Animation/ControlRig/Content/M_Manip.uasset" 3404
"../../../Engine/Content/Functions/Engine_MaterialFunctions02/WorldPositionOffset/CameraOffset.uasset" 3405
"/AudioWidgets/Resources/ScrubHandleDown_Clamped" 3406
"../../Plugins/Runtime/AudioWidgets/Content/Resources/ScrubHandleDown_Clamped.uasset" 3407
"/Paper2D/MaskedUnlitSpriteMaterial" 3408
"../../Plugins/2D/Paper2D/Content/MaskedUnlitSpriteMaterial.uasset" 3409
"../../Plugins/2D/Paper2D/Content/DefaultSpriteMaterial.uasset" 3410
"../../Plugins/2D/Paper2D/Content/PlaceholderTextures/DummySpriteTexture.uasset" 3411
"/Paper2D/OpaqueUnlitSpriteMaterial" 3412
"../../Plugins/2D/Paper2D/Content/OpaqueUnlitSpriteMaterial.uasset" 3413
"/Paper2D/DefaultPaperTerrainMaterial" 3414
"../../Plugins/2D/Paper2D/Content/DefaultPaperTerrainMaterial.uasset" 3415
"../../Plugins/2D/Paper2D/Content/DummySprite.uasset" 3416
"../../../Engine/Config/BaseUnrealInsightsSettings.ini" 3417
"../../../Engine/Intermediate/ProjectFiles/PrimaryProjectPath.txt" 3418
"/MediaPlate/SM_MediaPlateScreen" 3419
"../../Plugins/Media/MediaPlate/Content/SM_MediaPlateScreen.uasset" 3420
"/SpeedTreeImporter/SpeedTree9/SpeedTreeMaster" 3421
"../../Plugins/Editor/SpeedTreeImporter/Content/SpeedTree9/SpeedTreeMaster.uasset" 3422
"../../../Engine/Content/Functions/Engine_MaterialFunctions02/ObjectLocalBounds.uasset" 3423
"../../../Engine/Content/Functions/Engine_MaterialFunctions02/SafeNormalize.uasset" 3424
"../../../Engine/Content/Functions/Engine_MaterialFunctions02/Utility/VectorLength.uasset" 3425
"../../../Engine/Content/Functions/Engine_MaterialFunctions02/UVs/BoundingBoxBased_0-1_UVW.uasset" 3426
"../../../Engine/Content/Functions/Engine_MaterialFunctions02/WorldPositionOffset/ObjectScale.uasset" 3427
"../../Plugins/Editor/SpeedTreeImporter/Content/SpeedTree9/SpeedTreeBranchMotion.uasset" 3428
"../../Plugins/Editor/SpeedTreeImporter/Content/SpeedTree9/SpeedTreeCameraFacing.uasset" 3429
"../../Plugins/Editor/SpeedTreeImporter/Content/SpeedTree9/SpeedTreeWind.uasset" 3430
"../../Plugins/Editor/SpeedTreeImporter/Content/SpeedTree9/SpeedTreeWindMotion.uasset" 3431
"../../Plugins/Editor/SpeedTreeImporter/Content/SpeedTree9/UnpackDirection.uasset" 3432
"../../Plugins/Editor/SpeedTreeImporter/Content/SpeedTree9/UnpackInteger3.uasset" 3433
"../../Plugins/Editor/SpeedTreeImporter/Content/SpeedTree9/Empty.uasset" 3434
"../../Plugins/Editor/SpeedTreeImporter/Content/SpeedTree9/EmptyNormal.uasset" 3435
"../../Plugins/Editor/SpeedTreeImporter/Content/SpeedTree9/game_wind_noise.uasset" 3436
"/SpeedTreeImporter/SpeedTree9/SpeedTreeBillboardMaster" 3437
"../../Plugins/Editor/SpeedTreeImporter/Content/SpeedTree9/SpeedTreeBillboardMaster.uasset" 3438
"../../Plugins/Editor/SpeedTreeImporter/Content/SpeedTree9/SpeedTreeBillboard.uasset" 3439
"/Engine/BasicShapes/BasicShapeMaterial" 3440
"../../../Engine/Content/BasicShapes/BasicShapeMaterial.uasset" 3441
"/Engine/EditorMaterials/Dataflow/DataflowVertexMaterial" 3442
"../../../Engine/Content/EditorMaterials/Dataflow/DataflowVertexMaterial.uasset" 3443
"/Engine/EditorMaterials/Dataflow/DataflowTwoSidedVertexMaterial" 3444
"../../../Engine/Content/EditorMaterials/Dataflow/DataflowTwoSidedVertexMaterial.uasset" 3445
"/MeshModelingToolsetExp/Materials/PointSetOverlaidComponentMaterial" 3446
"../../Plugins/Experimental/MeshModelingToolsetExp/Content/Materials/PointSetOverlaidComponentMaterial.uasset" 3447
"../../../Engine/Content/Functions/Engine_MaterialFunctions02/Utility/FOV.uasset" 3448
"../../../Engine/Content/Functions/Engine_MaterialFunctions02/WorldPositionOffset/V2/ObjectScale.uasset" 3449
"../../../Engine/Content/Functions/Engine_MaterialFunctions03/Viewport/MF_OrthoWidth.uasset" 3450
"../../Plugins/Experimental/MeshModelingToolsetExp/Content/Materials/GetDisplacementVectorForDepthBias.uasset" 3451
"/Engine/EditorLandscapeResources/LayerVisMaterial" 3452
"../../../Engine/Content/EditorLandscapeResources/LayerVisMaterial.uasset" 3453
"../../../Engine/Content/EditorLandscapeResources/WhiteSquareTexture.uasset" 3454
"/Engine/EditorLandscapeResources/SelectBrushMaterial_Selected" 3455
"../../../Engine/Content/EditorLandscapeResources/SelectBrushMaterial_Selected.uasset" 3456
"../../../Engine/Content/EditorLandscapeResources/SelectBrushMaterial.uasset" 3457
"../../../Engine/Content/Functions/Engine_MaterialFunctions03/Math/WithinRangeFloat2.uasset" 3458
"../../../Engine/Content/EditorLandscapeResources/DefaultAlphaTexture.uasset" 3459
"/Engine/EditorLandscapeResources/SelectBrushMaterial_SelectedRegion" 3460
"../../../Engine/Content/EditorLandscapeResources/SelectBrushMaterial_SelectedRegion.uasset" 3461
"/Engine/EditorLandscapeResources/MaskBrushMaterial_MaskedRegion" 3462
"../../../Engine/Content/EditorLandscapeResources/MaskBrushMaterial_MaskedRegion.uasset" 3463
"../../../Engine/Content/EditorLandscapeResources/MaskBrushMaterial.uasset" 3464
"/Engine/EditorLandscapeResources/ColorMaskBrushMaterial_MaskedRegion" 3465
"../../../Engine/Content/EditorLandscapeResources/ColorMaskBrushMaterial_MaskedRegion.uasset" 3466
"../../../Engine/Content/EditorLandscapeResources/ColorMaskBrushMaterial.uasset" 3467
"/Engine/EditorLandscapeResources/LandscapeDirtyMaterial" 3468
"../../../Engine/Content/EditorLandscapeResources/LandscapeDirtyMaterial.uasset" 3469
"/Engine/EditorLandscapeResources/LandscapeLayerUsageMaterial" 3470
"../../../Engine/Content/EditorLandscapeResources/LandscapeLayerUsageMaterial.uasset" 3471
"../../../Engine/Content/Functions/Engine_MaterialFunctions01/Debug/DebugIntValues.uasset" 3472
"../../../Engine/Content/Functions/Engine_MaterialFunctions01/Texturing/ScaleUVsByCenter.uasset" 3473
"../../../Engine/Content/Functions/Engine_MaterialFunctions02/WorldPositionOffset/LocalPosition.uasset" 3474
"../../../Engine/Content/Functions/Engine_MaterialFunctions01/Texturing/TextureCropping.uasset" 3475
"../../../Engine/Content/Functions/Engine_MaterialFunctions02/ExampleContent/DebugNumberStrip.uasset" 3476
"C:/Users/whama/AppData/Local/UnrealEngine/Editor/UInteractiveToolsPresetCollectionAsset_DefaultCollection.json" 3477
"/Engine/EngineMaterials/NaniteHiddenSectionMaterial" 3478
"../../../Engine/Content/EngineMaterials/NaniteHiddenSectionMaterial.uasset" 3479
"/Engine/EngineMaterials/RemoveSurfaceMaterial" 3480
"../../../Engine/Content/EngineMaterials/RemoveSurfaceMaterial.uasset" 3481
"/Engine/EngineDebugMaterials/DebugMeshMaterial" 3482
"../../../Engine/Content/EngineDebugMaterials/DebugMeshMaterial.uasset" 3483
"/Engine/EngineMaterials/EmissiveMeshMaterial" 3484
"../../../Engine/Content/EngineMaterials/EmissiveMeshMaterial.uasset" 3485
"../../../Engine/Content/EngineMaterials/DefaultWhiteGrid_Low.uasset" 3486
"/Engine/EngineMaterials/M_InvalidLightmapSettings" 3487
"../../../Engine/Content/EngineMaterials/M_InvalidLightmapSettings.uasset" 3488
"../../../Engine/Content/EngineMaterials/InvalidLightmapSettings.uasset" 3489
"/Engine/EngineMaterials/GizmoMaterial" 3490
"../../../Engine/Content/EngineMaterials/GizmoMaterial.uasset" 3491
"/Engine/EngineMaterials/PhAT_JointLimitMaterial" 3492
"../../../Engine/Content/EngineMaterials/PhAT_JointLimitMaterial.uasset" 3493
"/Engine/EngineMaterials/FlattenMaterial" 3494
"../../../Engine/Content/EngineMaterials/FlattenMaterial.uasset" 3495
"../../../Engine/Content/EngineMaterials/BaseFlattenDiffuseMap.uasset" 3496
"../../../Engine/Content/EngineMaterials/BaseFlattenEmissiveMap.uasset" 3497
"../../../Engine/Content/EngineMaterials/BaseFlattenGrayscaleMap.uasset" 3498
"../../../Engine/Content/EngineMaterials/BaseFlattenLinearColor.uasset" 3499
"../../../Engine/Content/EngineMaterials/BaseFlattenNormalMap.uasset" 3500
"../../../Engine/Content/Functions/Engine_MaterialFunctions02/PivotPainter2/Black_1x1_EXR_Texture.uasset" 3501
"/Engine/EngineMaterials/FlattenMaterial_VT" 3502
"../../../Engine/Content/EngineMaterials/FlattenMaterial_VT.uasset" 3503
"../../../Engine/Content/EngineMaterials/BaseFlattenDiffuseMap_VT.uasset" 3504
"../../../Engine/Content/EngineMaterials/BaseFlattenEmissiveMap_VT.uasset" 3505
"../../../Engine/Content/EngineMaterials/BaseFlattenGrayscaleMap_VT.uasset" 3506
"../../../Engine/Content/EngineMaterials/BaseFlattenLinearColor_VT.uasset" 3507
"../../../Engine/Content/EngineMaterials/BaseFlattenNormalMap_VT.uasset" 3508
"../../../Engine/Content/EngineMaterials/Black_1x1_EXR_Texture_VT.uasset" 3509
"/Engine/EngineMaterials/FlattenMaterial_WS_Normal_VT" 3510
"../../../Engine/Content/EngineMaterials/FlattenMaterial_WS_Normal_VT.uasset" 3511
"/Engine/EngineMaterials/Good64x64TilingNoiseHighFreq" 3512
"../../../Engine/Content/EngineMaterials/Good64x64TilingNoiseHighFreq.uasset" 3513
"/Engine/EngineMaterials/DefaultBokeh" 3514
"../../../Engine/Content/EngineMaterials/DefaultBokeh.uasset" 3515
"/Engine/EngineMaterials/MiniFont" 3516
"../../../Engine/Content/EngineMaterials/MiniFont.uasset" 3517
"/Engine/EngineMaterials/WeightMapPlaceholderTexture" 3518
"../../../Engine/Content/EngineMaterials/WeightMapPlaceholderTexture.uasset" 3519
"/Engine/EngineMaterials/WeightMapArrayPlaceholderTexture" 3520
"../../../Engine/Content/EngineMaterials/WeightMapArrayPlaceholderTexture.uasset" 3521
"/Engine/EngineMaterials/DefaultWhiteGrid" 3522
"../../../Engine/Content/EngineMaterials/DefaultWhiteGrid.uasset" 3523
"/Engine/EngineMaterials/PreintegratedSkinBRDF" 3524
"../../../Engine/Content/EngineMaterials/PreintegratedSkinBRDF.uasset" 3525
"/Engine/EngineMaterials/LTC/GGX_LTCAmp" 3526
"../../../Engine/Content/EngineMaterials/LTC/GGX_LTCAmp.uasset" 3527
"/Engine/EngineMaterials/LTC/GGX_LTCMat" 3528
"../../../Engine/Content/EngineMaterials/LTC/GGX_LTCMat.uasset" 3529
"/Engine/EngineMaterials/LTC/Sheen_LTC" 3530
"../../../Engine/Content/EngineMaterials/LTC/Sheen_LTC.uasset" 3531
"/Engine/EngineMaterials/EnergyConservation/GGX_ReflectionEnergy" 3532
"../../../Engine/Content/EngineMaterials/EnergyConservation/GGX_ReflectionEnergy.uasset" 3533
"/Engine/EngineMaterials/EnergyConservation/GGX_TransmissionEnergyArray" 3534
"../../../Engine/Content/EngineMaterials/EnergyConservation/GGX_TransmissionEnergyArray.uasset" 3535
"/Engine/EngineMaterials/EnergyConservation/Sheen_Energy" 3536
"../../../Engine/Content/EngineMaterials/EnergyConservation/Sheen_Energy.uasset" 3537
"/Engine/EngineMaterials/EnergyConservation/Diffuse_Energy" 3538
"../../../Engine/Content/EngineMaterials/EnergyConservation/Diffuse_Energy.uasset" 3539
"/Engine/EngineMaterials/DefaultPhysicalMaterial" 3540
"../../../Engine/Content/EngineMaterials/DefaultPhysicalMaterial.uasset" 3541
"/Engine/EngineMaterials/DefaultDestructiblePhysicalMaterial" 3542
"../../../Engine/Content/EngineMaterials/DefaultDestructiblePhysicalMaterial.uasset" 3543
"/Niagara/ParameterDefinitions/CoreParameters" 3544
"../../Plugins/FX/Niagara/Content/ParameterDefinitions/CoreParameters.uasset" 3545
"/Niagara/ParameterDefinitions/DecalRenderer" 3546
"../../Plugins/FX/Niagara/Content/ParameterDefinitions/DecalRenderer.uasset" 3547
"/Niagara/ParameterDefinitions/LightRenderer" 3548
"../../Plugins/FX/Niagara/Content/ParameterDefinitions/LightRenderer.uasset" 3549
"/Niagara/ParameterDefinitions/MeshRenderer" 3550
"../../Plugins/FX/Niagara/Content/ParameterDefinitions/MeshRenderer.uasset" 3551
"/Niagara/ParameterDefinitions/RibbonRenderer" 3552
"../../Plugins/FX/Niagara/Content/ParameterDefinitions/RibbonRenderer.uasset" 3553
"/Niagara/ParameterDefinitions/SpriteRenderer" 3554
"../../Plugins/FX/Niagara/Content/ParameterDefinitions/SpriteRenderer.uasset" 3555
"/DeformerGraph/Deformers/DG_LinearBlendSkin_Morph_Cloth" 3556
"../../Plugins/Animation/DeformerGraph/Content/Deformers/DG_LinearBlendSkin_Morph_Cloth.uasset" 3557
"../../Plugins/Animation/DeformerGraph/Content/DeformerFunctions/DG_Function_LinearBlendSkin_Morph_Cloth.uasset" 3558
"/DeformerGraph/Deformers/DG_LinearBlendSkin_Morph_Cloth_RecomputeNormals" 3559
"../../Plugins/Animation/DeformerGraph/Content/Deformers/DG_LinearBlendSkin_Morph_Cloth_RecomputeNormals.uasset" 3560
"../../Plugins/Animation/DeformerGraph/Content/DeformerFunctions/DG_Function_ComputeNormalsTangents.uasset" 3561
"../../Plugins/Animation/DeformerGraph/Content/DeformerFunctions/DG_Function_LinearBlendSkin_Morph_Cloth_PositionOnly.uasset" 3562
"/Engine/EditorResources/SequenceRecorder/Countdown" 3563
"../../../Engine/Content/EditorResources/SequenceRecorder/Countdown.uasset" 3564
"/Engine/EditorResources/SequenceRecorder/RecordingIndicator" 3565
"../../../Engine/Content/EditorResources/SequenceRecorder/RecordingIndicator.uasset" 3566
"/Engine/EditorMaterials/PhAT_UnselectedMaterial" 3567
"../../../Engine/Content/EditorMaterials/PhAT_UnselectedMaterial.uasset" 3568
"/Engine/EditorMaterials/PhAT_NoCollisionMaterial" 3569
"../../../Engine/Content/EditorMaterials/PhAT_NoCollisionMaterial.uasset" 3570
"/Engine/BasicShapes/Cube" 3571
"../../../Engine/Content/BasicShapes/Cube.uasset" 3572
"/Engine/BasicShapes/Sphere" 3573
"../../../Engine/Content/BasicShapes/Sphere.uasset" 3574
"../../../Engine/Content/EngineMaterials/DefaultMaterial.uasset" 3575
"/Engine/BasicShapes/Cylinder" 3576
"../../../Engine/Content/BasicShapes/Cylinder.uasset" 3577
"/Engine/BasicShapes/Cone" 3578
"../../../Engine/Content/BasicShapes/Cone.uasset" 3579
"/Engine/BasicShapes/Plane" 3580
"../../../Engine/Content/BasicShapes/Plane.uasset" 3581
"../../../Engine/Documentation/Source/Shared/Types/ABrush/ABrush.INT.udn" 3582
"../../../Engine/Content/Internationalization/icudt64l/brkitr/en_US.res" 3583
"../../../Engine/Content/Internationalization/icudt64l/brkitr/en.res" 3584
"../../../Engine/Content/Internationalization/icudt64l/brkitr/root.res" 3585
"../../../Engine/Content/Internationalization/icudt64l/brkitr/char.brk" 3586
"../../../Engine/Content/Internationalization/icudt64l/brkitr/word.brk" 3587
"/Engine/EditorResources/S_Terrain" 3588
"../../../Engine/Content/EditorResources/S_Terrain.uasset" 3589
"../../../Engine/Plugins/FX/Niagara/Shaders/Private/NiagaraDataInterfaceTexture2DArrayTemplate.ush" 3590
"../../../Engine/Plugins/FX/Niagara/Shaders/Private/NiagaraDataInterfaceActorComponentTemplate.ush" 3591
"../../../Engine/Plugins/FX/Niagara/Shaders/Private/NiagaraDataInterfaceArrayTemplate.ush" 3592
"../../../Engine/Plugins/FX/Niagara/Shaders/Private/NiagaraDataInterfaceArrayRWTemplate.ush" 3593
"../../../Engine/Plugins/FX/Niagara/Shaders/Private/NiagaraDataInterfaceArrayDistributionIntTemplate.ush" 3594
"../../../Engine/Plugins/FX/Niagara/Shaders/Private/NiagaraDataInterfaceAsyncGpuTrace.ush" 3595
"../../../Engine/Plugins/FX/Niagara/Shaders/Private/NiagaraDataInterfaceAsyncGpuTraceTemplate.ush" 3596
"../../../Engine/Plugins/FX/Niagara/Shaders/Private/NiagaraDataInterfaceCamera.ush" 3597
"../../../Engine/Plugins/Experimental/ChaosNiagara/Shaders/NiagaraDataInterfaceChaosDestruction.ush" 3598
"../../../Engine/Plugins/FX/Niagara/Shaders/Private/NiagaraDataInterfaceCollisionQuery.ush" 3599
"C:/Arcadia/Unreal/Projects/BonkSouls/Intermediate/ShaderAutogen/PCD3D_SM5/AutogenShaderHeaders.ush" 3600
"../../../Engine/Plugins/FX/Niagara/Shaders/Private/NiagaraDataInterfaceCollisionQueryTemplate.ush" 3601
"../../../Engine/Plugins/FX/Niagara/Shaders/Private/NiagaraDataInterfaceCurveTemplate.ush" 3602
"../../../Engine/Plugins/FX/Niagara/Shaders/Private/NiagaraDataInterfaceCubeTextureTemplate.ush" 3603
"../../../Engine/Plugins/FX/Niagara/Shaders/Private/DataChannel/NiagaraDataInterfaceDataChannelCommon.ush" 3604
"../../../Engine/Plugins/FX/Niagara/Shaders/Private/DataChannel/NiagaraDataInterfaceDataChannelTemplateCommon.ush" 3605
"../../../Engine/Plugins/FX/Niagara/Shaders/Private/DataChannel/NiagaraDataInterfaceDataChannelTemplateReadCommon.ush" 3606
"../../../Engine/Plugins/FX/Niagara/Shaders/Private/DataChannel/NiagaraDataInterfaceDataChannelTemplate_Read.ush" 3607
"../../../Engine/Plugins/FX/Niagara/Shaders/Private/DataChannel/NiagaraDataInterfaceDataChannelTemplate_Consume.ush" 3608
"../../../Engine/Plugins/FX/Niagara/Shaders/Private/DataChannel/NiagaraDataInterfaceDataChannelTemplateWriteCommon.ush" 3609
"../../../Engine/Plugins/FX/Niagara/Shaders/Private/DataChannel/NiagaraDataInterfaceDataChannelTemplate_Append.ush" 3610
"../../../Engine/Plugins/FX/Niagara/Shaders/Private/NiagaraDataInterfaceDataTableTemplate.ush" 3611
"../../../Engine/Plugins/FX/Niagara/Shaders/Private/NiagaraDataInterfaceDebugDraw.ush" 3612
"../../../Engine/Plugins/FX/Niagara/Shaders/Private/NiagaraDataInterfaceDebugDrawTemplate.ush" 3613
"../../../Engine/Plugins/FX/Niagara/Shaders/Private/NiagaraDataInterfaceDynamicMeshTemplate.ush" 3614
"../../../Engine/Plugins/FX/Niagara/Shaders/Private/NiagaraDataInterfaceEmitterPropertiesTemplate.ush" 3615
"../../../Engine/Plugins/FX/Niagara/Shaders/Private/NiagaraDataInterfaceExportTemplate.ush" 3616
"../../../Engine/Plugins/FX/Niagara/Shaders/Private/NiagaraDataInterfaceGBufferTemplate.ush" 3617
"../../../Engine/Plugins/Experimental/ChaosNiagara/Shaders/NiagaraDataInterfaceGeometryCollection.ush" 3618
"../../../Engine/Plugins/FX/Niagara/Shaders/Private/NiagaraTransformUtils.ush" 3619
"../../../Engine/Plugins/Runtime/HairStrands/Shaders/Private/NiagaraStrandsExternalForce.ush" 3620
"../../../Engine/Plugins/Runtime/HairStrands/Shaders/Private/NiagaraHookeSpringMaterial.ush" 3621
"../../../Engine/Plugins/Runtime/HairStrands/Shaders/Private/NiagaraAngularSpringMaterial.ush" 3622
"../../../Engine/Plugins/Runtime/HairStrands/Shaders/Private/NiagaraConstantVolumeMaterial.ush" 3623
"../../../Engine/Plugins/Runtime/HairStrands/Shaders/Private/NiagaraCosseratRodMaterial.ush" 3624
"../../../Engine/Plugins/Runtime/HairStrands/Shaders/Private/NiagaraStaticCollisionConstraint.ush" 3625
"../../../Engine/Plugins/Runtime/HairStrands/Shaders/Private/NiagaraDataInterfaceHairStrands.ush" 3626
"../../../Engine/Plugins/Runtime/HairStrands/Shaders/Private/NiagaraDataInterfaceHairStrandsTemplate.ush" 3627
"../../../Engine/Plugins/FX/Niagara/Shaders/Private/NiagaraDataInterfaceIntRenderTarget2D.ush" 3628
"../../../Engine/Plugins/FX/Niagara/Shaders/Private/NiagaraDataInterfaceLandscape.ush" 3629
"../../../Engine/Plugins/FX/Niagara/Shaders/Private/NiagaraDataInterfaceMemoryBufferTemplate.ush" 3630
"../../../Engine/Plugins/FX/Niagara/Shaders/Private/NiagaraDataInterfaceMeshRendererInfoTemplate.ush" 3631
"../../../Engine/Plugins/FX/Niagara/Shaders/Private/NiagaraDataInterfaceOcclusion.ush" 3632
"../../../Engine/Plugins/FX/Niagara/Shaders/Private/NiagaraDataInterfacePhysicsAsset.ush" 3633
"../../../Engine/Plugins/Experimental/ChaosNiagara/Shaders/NiagaraDataInterfacePhysicsField.ush" 3634
"../../../Engine/Plugins/FX/Niagara/Shaders/Private/NiagaraDataInterfacePlatformSetTemplate.ush" 3635
"../../../Engine/Plugins/Runtime/HairStrands/Shaders/Private/NiagaraDataInterfaceVelocityGrid.ush" 3636
"../../../Engine/Plugins/Runtime/HairStrands/Shaders/Private/NiagaraDataInterfaceVelocityGridTemplate.ush" 3637
"../../../Engine/Plugins/Runtime/HairStrands/Shaders/Private/NiagaraDataInterfacePressureGrid.ush" 3638
"../../../Engine/Plugins/Runtime/HairStrands/Shaders/Private/NiagaraDataInterfacePressureGridTemplate.ush" 3639
"../../../Engine/Plugins/FX/Niagara/Shaders/Private/NiagaraDataInterfaceRenderTarget2DTemplate.ush" 3640
"../../../Engine/Plugins/FX/Niagara/Shaders/Private/NiagaraDataInterfaceRenderTarget2DArrayTemplate.ush" 3641
"../../../Engine/Plugins/FX/Niagara/Shaders/Private/NiagaraDataInterfaceRenderTargetCubeTemplate.ush" 3642
"../../../Engine/Plugins/FX/Niagara/Shaders/Private/NiagaraDataInterfaceRenderTargetVolumeTemplate.ush" 3643
"../../../Engine/Plugins/FX/Niagara/Shaders/Private/NiagaraDataInterfaceRigidMeshCollisionQuery.ush" 3644
"../../../Engine/Plugins/FX/Niagara/Shaders/Private/NiagaraDistanceFieldQueries.ush" 3645
"../../../Engine/Plugins/FX/Niagara/Shaders/Private/NiagaraDataInterfaceSceneCapture2DTemplate.ush" 3646
"../../../Engine/Plugins/FX/Niagara/Shaders/Private/NiagaraDataInterfaceSimCacheReaderTemplate.ush" 3647
"../../../Engine/Plugins/FX/Niagara/Shaders/Private/NiagaraDataInterfaceSimpleCounterTemplate.ush" 3648
"../../../Engine/Plugins/FX/Niagara/Shaders/Private/NiagaraDataInterfaceSkeletalMesh.ush" 3649
"../../../Engine/Plugins/FX/Niagara/Shaders/Private/NiagaraBaryCentricUtils.ush" 3650
"../../../Engine/Plugins/FX/Niagara/Shaders/Private/NiagaraDataInterfaceSkeletalMeshTemplate.ush" 3651
"../../../Engine/Plugins/FX/Niagara/Shaders/Private/NiagaraDataInterfaceSocketReaderTemplate.ush" 3652
"../../../Engine/Plugins/FX/Niagara/Shaders/Private/NiagaraDataInterfaceSparseVolumeTextureTemplate.ush" 3653
"../../../Engine/Plugins/FX/Niagara/Shaders/Private/NiagaraDataInterfaceSplineTemplate.ush" 3654
"../../../Engine/Plugins/FX/Niagara/Shaders/Private/NiagaraDataInterfaceSpriteRendererInfoTemplate.ush" 3655
"../../../Engine/Plugins/FX/Niagara/Shaders/Private/NiagaraDataInterfaceStaticMeshTemplate.ush" 3656
"../../../Engine/Plugins/FX/Niagara/Shaders/Private/NiagaraDataInterfaceTextureTemplate.ush" 3657
"../../../Engine/Plugins/FX/Niagara/Shaders/Private/NiagaraDataInterfaceVirtualTexture.ush" 3658
"../../../Engine/Plugins/FX/Niagara/Shaders/Private/NiagaraDataInterfaceVirtualTextureTemplate.ush" 3659
"../../../Engine/Plugins/FX/Niagara/Shaders/Private/NiagaraDataInterfaceVirtualTextureSampleTemplate.ush" 3660
"../../../Engine/Plugins/FX/Niagara/Shaders/Private/NiagaraDataInterfaceVolumeCache.ush" 3661
"../../../Engine/Plugins/FX/Niagara/Shaders/Private/NiagaraDataInterfaceVolumeTextureTemplate.ush" 3662
"C:/Arcadia/Unreal/Projects/BonkSouls/Content/STYLIZEDFantasyArmory/Meshes/Weapons/Lance/SM_SFA_Lance_002.uasset" 3663
"C:/Arcadia/Unreal/Projects/BonkSouls/Content/BonkSouls/Levels/Lvl_BonkSoulsMainLevel_sharedassets/Snow_LayerInfo.uasset" 3664
"C:/Arcadia/Unreal/Projects/BonkSouls/Content/BonkSouls/Levels/Lvl_BonkSoulsMainLevel_sharedassets/Dirt_LayerInfo.uasset" 3665
"C:/Arcadia/Unreal/Projects/BonkSouls/Content/STYLIZEDFantasyArmory/Meshes/Weapons/Shields/SM_SFA_IronShield_003.uasset" 3666
"C:/Arcadia/Unreal/Projects/BonkSouls/Content/STYLIZEDFantasyArmory/Meshes/General_Props/Other/SM_SFA_Target_001.uasset" 3667
"C:/Arcadia/Unreal/Projects/BonkSouls/Content/STYLIZEDFantasyArmory/Meshes/General_Props/Other/SM_SFA_String_001.uasset" 3668
"C:/Arcadia/Unreal/Projects/BonkSouls/Content/STYLIZEDFantasyArmory/Meshes/General_Props/Fence/SM_SFA_Fence_003.uasset" 3669
"C:/Arcadia/Unreal/Projects/BonkSouls/Content/STYLIZEDFantasyArmory/Meshes/General_Props/Furniture/SM_SFA_Chair_001.uasset" 3670
"C:/Arcadia/Unreal/Projects/BonkSouls/Content/STYLIZEDFantasyArmory/Meshes/Weapons/Bow_and_Arrows/SM_SFA_ArrowBag_002.uasset" 3671
"C:/Arcadia/Unreal/Projects/BonkSouls/Content/STYLIZEDFantasyArmory/Meshes/General_Props/Fence/SM_SFA_Fence_002.uasset" 3672
"C:/Arcadia/Unreal/Projects/BonkSouls/Content/STYLIZEDFantasyArmory/Meshes/Weapons/Bow_and_Arrows/SM_SFA_Arrow_001.uasset" 3673
"C:/Arcadia/Unreal/Projects/BonkSouls/Content/STYLIZEDFantasyArmory/Meshes/General_Props/Weapon_Racks/SM_SFA_Weapon_Rack_001.uasset" 3674
"C:/Arcadia/Unreal/Projects/BonkSouls/Content/STYLIZEDFantasyArmory/Meshes/General_Props/Campfire_and_Cauldron/SM_SFA_Campfire_001.uasset" 3675
"C:/Arcadia/Unreal/Projects/BonkSouls/Content/STYLIZEDFantasyArmory/Meshes/General_Props/Fence/SM_SFA_Fence_001.uasset" 3676
"C:/Arcadia/Unreal/Projects/BonkSouls/Content/STYLIZEDFantasyArmory/Meshes/Weapons/Hoe_and_Knife/SM_SFA_Knife_001.uasset" 3677
"C:/Arcadia/Unreal/Projects/BonkSouls/Content/STYLIZEDFantasyArmory/Meshes/General_Props/Box/SM_SFA_Box_002.uasset" 3678
"C:/Arcadia/Unreal/Projects/BonkSouls/Content/STYLIZEDFantasyArmory/Meshes/Weapons/Axe/SM_SFA_Axe_009.uasset" 3679
"C:/Arcadia/Unreal/Projects/BonkSouls/Content/STYLIZEDFantasyArmory/Meshes/General_Props/Combat_Dummy/SM_SFA_CombatDummy_002.uasset" 3680
"C:/Arcadia/Unreal/Projects/BonkSouls/Content/BonkSouls/Levels/Lvl_BonkSoulsMainLevel_sharedassets/Grass_LayerInfo.uasset" 3681
"C:/Arcadia/Unreal/Projects/BonkSouls/Content/STYLIZEDFantasyArmory/Meshes/General_Props/Bottles/SM_SFA_Bottle_004.uasset" 3682
"C:/Arcadia/Unreal/Projects/BonkSouls/Content/STYLIZEDFantasyArmory/Meshes/General_Props/Bottles/SM_SFA_Bottle_006.uasset" 3683
"C:/Arcadia/Unreal/Projects/BonkSouls/Content/STYLIZEDFantasyArmory/Meshes/General_Props/Combat_Dummy/SM_SFA_CombatDummy_001.uasset" 3684
"C:/Arcadia/Unreal/Projects/BonkSouls/Content/BonkSouls/Levels/Lvl_BonkSoulsMainLevel_BuiltData.uasset" 3685
"C:/Arcadia/Unreal/Projects/BonkSouls/Content/STYLIZEDFantasyArmory/Meshes/General_Props/Bottles/SM_SFA_Bottle_009.uasset" 3686
"C:/Arcadia/Unreal/Projects/BonkSouls/Content/STYLIZEDFantasyArmory/Meshes/Weapons/Bow_and_Arrows/SM_SFA_Bow_001.uasset" 3687
"C:/Arcadia/Unreal/Projects/BonkSouls/Content/BonkSouls/Levels/Lvl_BonkSoulsMainLevel_sharedassets/Stone_LayerInfo.uasset" 3688
"C:/Arcadia/Unreal/Projects/BonkSouls/Content/STYLIZEDFantasyArmory/Meshes/Weapons/Hammer/SM_SFA_HammerSmall_004.uasset" 3689
"C:/Arcadia/Unreal/Projects/BonkSouls/Content/STYLIZEDFantasyArmory/Meshes/General_Props/Bottles/SM_SFA_Bottle_012.uasset" 3690
"C:/Arcadia/Unreal/Projects/BonkSouls/Content/STYLIZEDFantasyArmory/Meshes/General_Props/Bottles/SM_SFA_Bottle_010.uasset" 3691
"C:/Arcadia/Unreal/Projects/BonkSouls/Content/STYLIZEDFantasyArmory/Meshes/General_Props/Bottles/SM_SFA_Bottle_005.uasset" 3692
"C:/Arcadia/Unreal/Projects/BonkSouls/Content/STYLIZEDFantasyArmory/Meshes/General_Props/Campfire_and_Cauldron/SM_SFA_CauldronandCampfire_001.uasset" 3693
"C:/Arcadia/Unreal/Projects/BonkSouls/Content/STYLIZEDFantasyArmory/Meshes/General_Props/Bottles/SM_SFA_Bottle_008.uasset" 3694
"/Game/BonkSouls/Levels/Lvl_BonkSoulsMainLevel_BuiltData" 3695
"/Game/BonkSouls/Levels/Lvl_BonkSoulsMainLevel_sharedassets/Stone_LayerInfo" 3696
"/Game/BonkSouls/Levels/Lvl_BonkSoulsMainLevel_sharedassets/Snow_LayerInfo" 3697
"/Game/BonkSouls/Levels/Lvl_BonkSoulsMainLevel_sharedassets/Grass_LayerInfo" 3698
"/Game/BonkSouls/Levels/Lvl_BonkSoulsMainLevel_sharedassets/Dirt_LayerInfo" 3699
"/Game/STYLIZEDFantasyArmory/Meshes/Weapons/Shields/SM_SFA_IronShield_003" 3700
"../../../../../../Arcadia/Unreal/Projects/BonkSouls/Content/STYLIZEDFantasyArmory/Materials/M_SFA_Main_Material.uasset" 3701
"../../Plugins/Interchange/Assets/Content/Functions/MF_PhongToMetalRoughness.uasset" 3702
"../../../../../../Arcadia/Unreal/Projects/BonkSouls/Content/STYLIZEDFantasyArmory/Textures/T_Main_Texture.uasset" 3703
"/Game/STYLIZEDFantasyArmory/Meshes/Weapons/Lance/SM_SFA_Lance_002" 3704
"/Game/STYLIZEDFantasyArmory/Meshes/Weapons/Hoe_and_Knife/SM_SFA_Knife_001" 3705
"/Game/STYLIZEDFantasyArmory/Meshes/Weapons/Bow_and_Arrows/SM_SFA_Bow_001" 3706
"/Game/STYLIZEDFantasyArmory/Meshes/Weapons/Bow_and_Arrows/SM_SFA_Arrow_001" 3707
"/Game/STYLIZEDFantasyArmory/Meshes/Weapons/Bow_and_Arrows/SM_SFA_ArrowBag_002" 3708
"/Game/STYLIZEDFantasyArmory/Meshes/Weapons/Axe/SM_SFA_Axe_009" 3709
"/Game/STYLIZEDFantasyArmory/Meshes/General_Props/Weapon_Racks/SM_SFA_Weapon_Rack_001" 3710
"/Game/STYLIZEDFantasyArmory/Meshes/General_Props/Other/SM_SFA_Target_001" 3711
"/Game/STYLIZEDFantasyArmory/Meshes/General_Props/Other/SM_SFA_String_001" 3712
"/Game/STYLIZEDFantasyArmory/Meshes/General_Props/Furniture/SM_SFA_Chair_001" 3713
"/Game/STYLIZEDFantasyArmory/Meshes/General_Props/Fence/SM_SFA_Fence_003" 3714
"/Game/STYLIZEDFantasyArmory/Meshes/General_Props/Fence/SM_SFA_Fence_002" 3715
"/Game/STYLIZEDFantasyArmory/Meshes/General_Props/Fence/SM_SFA_Fence_001" 3716
"/Game/STYLIZEDFantasyArmory/Meshes/General_Props/Combat_Dummy/SM_SFA_CombatDummy_002" 3717
"/Game/STYLIZEDFantasyArmory/Meshes/General_Props/Combat_Dummy/SM_SFA_CombatDummy_001" 3718
"/Game/STYLIZEDFantasyArmory/Meshes/General_Props/Campfire_and_Cauldron/SM_SFA_Campfire_001" 3719
"/Game/STYLIZEDFantasyArmory/Meshes/General_Props/Box/SM_SFA_Box_002" 3720
"/Game/STYLIZEDFantasyArmory/Meshes/General_Props/Bottles/SM_SFA_Bottle_012" 3721
"/Game/STYLIZEDFantasyArmory/Meshes/General_Props/Bottles/SM_SFA_Bottle_010" 3722
"/Game/STYLIZEDFantasyArmory/Meshes/General_Props/Bottles/SM_SFA_Bottle_009" 3723
"/Game/STYLIZEDFantasyArmory/Meshes/General_Props/Bottles/SM_SFA_Bottle_006" 3724
"/Game/STYLIZEDFantasyArmory/Meshes/General_Props/Bottles/SM_SFA_Bottle_004" 3725
"C:/Arcadia/Unreal/Projects/BonkSouls/Content/STYLIZEDFantasyArmory/Meshes/Nature/SM_SFA_Rock_001.uasset" 3726
"C:/Arcadia/Unreal/Projects/BonkSouls/Content/STYLIZEDFantasyArmory/Meshes/General_Props/Bottles/SM_SFA_Bottle_002.uasset" 3727
"C:/Arcadia/Unreal/Projects/BonkSouls/Content/STYLIZEDFantasyArmory/Meshes/Combinations/SM_SFA_CombWeaponRack_004.uasset" 3728
"C:/Arcadia/Unreal/Projects/BonkSouls/Content/STYLIZEDFantasyArmory/Meshes/Nature/SM_SFA_Rock_004.uasset" 3729
"C:/Arcadia/Unreal/Projects/BonkSouls/Content/STYLIZEDFantasyArmory/Meshes/Nature/SM_SFA_Rock_013.uasset" 3730
"C:/Arcadia/Unreal/Projects/BonkSouls/Content/STYLIZEDFantasyArmory/Meshes/Nature/SM_SFA_WoodenLog_001.uasset" 3731
"C:/Arcadia/Unreal/Projects/BonkSouls/Content/STYLIZEDFantasyArmory/Meshes/Building/SM_SFA_ArmoryBuilding_001.uasset" 3732
"C:/Arcadia/Unreal/Projects/BonkSouls/Content/STYLIZEDFantasyArmory/Meshes/General_Props/Arch_and_Billboard/SM_SFA_EntranceArch_001.uasset" 3733
"C:/Arcadia/Unreal/Projects/BonkSouls/Content/STYLIZEDFantasyArmory/Meshes/Combinations/SM_SFA_CombWeaponRack_002.uasset" 3734
"C:/Arcadia/Unreal/Projects/BonkSouls/Content/STYLIZEDFantasyArmory/Meshes/General_Props/Barrel/SM_SFA_Barrel_001.uasset" 3735
"C:/Arcadia/Unreal/Projects/BonkSouls/Content/STYLIZEDFantasyArmory/Meshes/General_Props/Furniture/Individual_Parts/SM_SFA_OvenDoor_001.uasset" 3736
"C:/Arcadia/Unreal/Projects/BonkSouls/Content/STYLIZEDFantasyArmory/Meshes/General_Props/Box/SM_SFA_Box_Lid_001.uasset" 3737
"C:/Arcadia/Unreal/Projects/BonkSouls/Content/STYLIZEDFantasyArmory/Meshes/Combinations/SM_SFA_CombWeaponRack_001.uasset" 3738
"C:/Arcadia/Unreal/Projects/BonkSouls/Content/STYLIZEDFantasyArmory/Meshes/Building/SM_SFA_ArmoryBuildingAttachable_013.uasset" 3739
"C:/Arcadia/Unreal/Projects/BonkSouls/Content/STYLIZEDFantasyArmory/Meshes/General_Props/Other/SM_SFA_Torch_001.uasset" 3740
"C:/Arcadia/Unreal/Projects/BonkSouls/Content/STYLIZEDFantasyArmory/Meshes/General_Props/Box/SM_SFA_Box_001.uasset" 3741
"C:/Arcadia/Unreal/Projects/BonkSouls/Content/STYLIZEDFantasyArmory/Meshes/General_Props/Bucket/SM_SFA_Bucket_001.uasset" 3742
"C:/Arcadia/Unreal/Projects/BonkSouls/Content/BonkSouls/Blueprints/Props/BP_Torch.uasset" 3743
"C:/Arcadia/Unreal/Projects/BonkSouls/Content/STYLIZEDFantasyArmory/Meshes/General_Props/Furniture/Individual_Parts/SM_SFA_Oven_001.uasset" 3744
"C:/Arcadia/Unreal/Projects/BonkSouls/Content/STYLIZEDFantasyArmory/Meshes/General_Props/Barrel/SM_SFA_Barrel_002.uasset" 3745
"../../../Engine/Plugins/FX/Niagara/Content/DynamicInputs/UniformRange/V3/RandomRangeLinearColor.uasset" 3746
"C:/Arcadia/Unreal/Projects/BonkSouls/Content/BonkSouls/Audio/Music/Mercenary_Town.uasset" 3747
"C:/Arcadia/Unreal/Projects/BonkSouls/Content/BonkSouls/Audio/Music/Showdown.uasset" 3748
"C:/Arcadia/Unreal/Projects/BonkSouls/Content/BonkSouls/Blueprints/Props/BP_Oven.uasset" 3749
"C:/Arcadia/Unreal/Projects/BonkSouls/Content/BonkSouls/Niagara/NS_TorchFire.uasset" 3750
"C:/Arcadia/Unreal/Projects/BonkSouls/Content/Polygon-MedievalCamp/Models/Tent_04.uasset" 3751
"C:/Arcadia/Unreal/Projects/BonkSouls/Content/Polygon-MedievalCamp/Models/Torus_01.uasset" 3752
"/Game/STYLIZEDFantasyArmory/Meshes/Weapons/Hammer/SM_SFA_HammerSmall_004" 3753
"C:/Arcadia/Unreal/Projects/BonkSouls/Content/Polygon-MedievalCamp/Models/Tent_03.uasset" 3754
"/Game/STYLIZEDFantasyArmory/Meshes/General_Props/Furniture/Individual_Parts/SM_SFA_OvenDoor_001" 3755
"/Game/STYLIZEDFantasyArmory/Meshes/General_Props/Furniture/Individual_Parts/SM_SFA_Oven_001" 3756
"/Game/STYLIZEDFantasyArmory/Meshes/General_Props/Other/SM_SFA_Torch_001" 3757
"/Game/STYLIZEDFantasyArmory/Meshes/General_Props/Barrel/SM_SFA_Barrel_001" 3758
"/Game/STYLIZEDFantasyArmory/Meshes/General_Props/Barrel/SM_SFA_Barrel_002" 3759
"/Game/STYLIZEDFantasyArmory/Meshes/General_Props/Box/SM_SFA_Box_001" 3760
"/Game/STYLIZEDFantasyArmory/Meshes/General_Props/Box/SM_SFA_Box_Lid_001" 3761
"/Game/STYLIZEDFantasyArmory/Meshes/General_Props/Bucket/SM_SFA_Bucket_001" 3762
"/Game/STYLIZEDFantasyArmory/Meshes/Building/SM_SFA_ArmoryBuildingAttachable_013" 3763
"/Game/STYLIZEDFantasyArmory/Meshes/Building/SM_SFA_ArmoryBuilding_001" 3764
"/Game/STYLIZEDFantasyArmory/Meshes/Combinations/SM_SFA_CombWeaponRack_001" 3765
"/Game/STYLIZEDFantasyArmory/Meshes/Combinations/SM_SFA_CombWeaponRack_002" 3766
"/Game/STYLIZEDFantasyArmory/Meshes/General_Props/Campfire_and_Cauldron/SM_SFA_CauldronandCampfire_001" 3767
"/Game/STYLIZEDFantasyArmory/Meshes/Combinations/SM_SFA_CombWeaponRack_004" 3768
"/Game/STYLIZEDFantasyArmory/Meshes/Nature/SM_SFA_Rock_001" 3769
"/Game/STYLIZEDFantasyArmory/Meshes/Nature/SM_SFA_Rock_004" 3770
"/Game/STYLIZEDFantasyArmory/Meshes/Nature/SM_SFA_Rock_013" 3771
"/Game/STYLIZEDFantasyArmory/Meshes/Nature/SM_SFA_WoodenLog_001" 3772
"/Game/STYLIZEDFantasyArmory/Meshes/General_Props/Bottles/SM_SFA_Bottle_008" 3773
"/Game/STYLIZEDFantasyArmory/Meshes/General_Props/Arch_and_Billboard/SM_SFA_EntranceArch_001" 3774
"/Game/STYLIZEDFantasyArmory/Meshes/General_Props/Bottles/SM_SFA_Bottle_005" 3775
"/Game/STYLIZEDFantasyArmory/Meshes/General_Props/Bottles/SM_SFA_Bottle_002" 3776
"C:/Arcadia/Unreal/Projects/BonkSouls/Content/Polygon-MedievalCamp/Models/Pillar_01.uasset" 3777
"C:/Arcadia/Unreal/Projects/BonkSouls/Content/Polygon-MedievalCamp/Models/Broken_Barrel_01.uasset" 3778
"C:/Arcadia/Unreal/Projects/BonkSouls/Content/LP_SimpleNature_JC/Models/SM_Tree_03.uasset" 3779
"C:/Arcadia/Unreal/Projects/BonkSouls/Content/LP_SimpleNature_JC/Models/SM_Tree_04.uasset" 3780
"C:/Arcadia/Unreal/Projects/BonkSouls/Content/LP_SimpleNature_JC/Models/SM_Grass_02.uasset" 3781
"C:/Arcadia/Unreal/Projects/BonkSouls/Content/LP_SimpleNature_JC/Models/SM_Stump_01.uasset" 3782
"C:/Arcadia/Unreal/Projects/BonkSouls/Content/LP_SimpleNature_JC/Models/SM_Tree_05.uasset" 3783
"C:/Arcadia/Unreal/Projects/BonkSouls/Content/Polygon-MedievalCamp/Models/Barrel_01.uasset" 3784
"C:/Arcadia/Unreal/Projects/BonkSouls/Content/LP_SimpleNature_JC/Models/SM_Tree_02.uasset" 3785
"C:/Arcadia/Unreal/Projects/BonkSouls/Content/Polygon-MedievalCamp/Models/Bonfire_01.uasset" 3786
"C:/Arcadia/Unreal/Projects/BonkSouls/Content/LP_SimpleNature_JC/Models/SM_Rock_04.uasset" 3787
"C:/Arcadia/Unreal/Projects/BonkSouls/Content/LP_SimpleNature_JC/Models/SM_Rock_02.uasset" 3788
"C:/Arcadia/Unreal/Projects/BonkSouls/Content/LP_SimpleNature_JC/Models/SM_Rock_05.uasset" 3789
"C:/Arcadia/Unreal/Projects/BonkSouls/Content/Polygon-MedievalCamp/Models/Tent_02.uasset" 3790
"C:/Arcadia/Unreal/Projects/BonkSouls/Content/LP_SimpleNature_JC/Models/SM_Tree_01.uasset" 3791
"C:/Arcadia/Unreal/Projects/BonkSouls/Content/LP_SimpleNature_JC/Models/SM_Mushroom_02.uasset" 3792
"C:/Arcadia/Unreal/Projects/BonkSouls/Content/LP_SimpleNature_JC/Models/SM_Bush_01.uasset" 3793
"C:/Arcadia/Unreal/Projects/BonkSouls/Content/LP_SimpleNature_JC/Models/SM_Rock_01.uasset" 3794
"C:/Arcadia/Unreal/Projects/BonkSouls/Content/LP_SimpleNature_JC/Models/SM_Rock_03.uasset" 3795
"C:/Arcadia/Unreal/Projects/BonkSouls/Content/LP_SimpleNature_JC/Models/SM_Mushroom_01.uasset" 3796
"C:/Arcadia/Unreal/Projects/BonkSouls/Content/LP_SimpleNature_JC/Models/SM_Ground_01.uasset" 3797
"/Game/Polygon-MedievalCamp/Models/Tent_03" 3798
"C:/Arcadia/Unreal/Projects/BonkSouls/Content/LP_SimpleNature_JC/Models/SM_Ground_02.uasset" 3799
"C:/Arcadia/Unreal/Projects/BonkSouls/Content/LP_SimpleNature_JC/Models/SM_Ground_03.uasset" 3800
"../../../../../../Arcadia/Unreal/Projects/BonkSouls/Content/Polygon-MedievalCamp/Materials/MainMaterial.uasset" 3801
"../../../../../../Arcadia/Unreal/Projects/BonkSouls/Content/Polygon-MedievalCamp/Textures/MainTexture.uasset" 3802
"/Game/Polygon-MedievalCamp/Models/Tent_04" 3803
"/Game/Polygon-MedievalCamp/Models/Torus_01" 3804
"/Game/BonkSouls/Audio/Music/Mercenary_Town" 3805
"/Game/BonkSouls/Audio/Music/Showdown" 3806
"/Game/BonkSouls/Blueprints/Props/BP_Oven" 3807
"../../Plugins/FX/Niagara/Content/DefaultAssets/DefaultSpriteMaterial.uasset" 3808
"../../Plugins/FX/Niagara/Content/DynamicInputs/UniformRange/V2/RandomRangeVector.uasset" 3809
"../../Plugins/FX/Niagara/Content/DynamicInputs/ValueFromCurve/FloatFromCurve.uasset" 3810
"../../Plugins/FX/Niagara/Content/Modules/Emitter/EmitterState.uasset" 3811
"../../Plugins/FX/Niagara/Content/Modules/Emitter/SpawnRate.uasset" 3812
"../../Plugins/FX/Niagara/Content/Modules/Solvers/SolveForcesAndVelocity.uasset" 3813
"../../Plugins/FX/Niagara/Content/Modules/Spawn/Initialization/V2/InitializeParticle.uasset" 3814
"../../Plugins/FX/Niagara/Content/Modules/Spawn/Location/V2/ShapeLocation.uasset" 3815
"../../Plugins/FX/Niagara/Content/Modules/System/SystemState.uasset" 3816
"../../Plugins/FX/Niagara/Content/Modules/Update/Color/ScaleColor.uasset" 3817
"../../Plugins/FX/Niagara/Content/Modules/Update/Forces/Drag.uasset" 3818
"../../Plugins/FX/Niagara/Content/Modules/Update/Forces/GravityForce.uasset" 3819
"../../Plugins/FX/Niagara/Content/Modules/Update/Lifetime/ParticleState.uasset" 3820
"../../Plugins/FX/Niagara/Content/Enums/Angles/ENiagara_AngleInput.uasset" 3821
"../../Plugins/FX/Niagara/Content/Enums/ENiagara_AttributeSamplingApplyOutput.uasset" 3822
"../../Plugins/FX/Niagara/Content/Enums/ENiagara_ColorInitializationMode.uasset" 3823
"../../Plugins/FX/Niagara/Content/Enums/ENiagara_EmitterStateOptions.uasset" 3824
"../../Plugins/FX/Niagara/Content/Enums/ENiagara_InfiniteLoopDuration.uasset" 3825
"../../Plugins/FX/Niagara/Content/Enums/ENiagara_LifetimeMode.uasset" 3826
"../../Plugins/FX/Niagara/Content/Enums/ENiagara_MassInitializationMode.uasset" 3827
"../../Plugins/FX/Niagara/Content/Enums/ENiagara_PositionInitializationMode.uasset" 3828
"../../Plugins/FX/Niagara/Content/Enums/ENiagara_SizeScaleMode.uasset" 3829
"../../Plugins/FX/Niagara/Content/Enums/ENiagara_SpriteRotationMode.uasset" 3830
"../../Plugins/FX/Niagara/Content/Enums/ENiagara_UVFlippingMode.uasset" 3831
"../../Plugins/FX/Niagara/Content/Enums/ENiagaraChannelCorrelation.uasset" 3832
"../../Plugins/FX/Niagara/Content/Enums/ENiagaraEmitterLifeCycleMode.uasset" 3833
"../../Plugins/FX/Niagara/Content/Enums/ENiagaraEmitterScalabilityMode_Limited.uasset" 3834
"../../Plugins/FX/Niagara/Content/Enums/ENiagaraInactiveMode.uasset" 3835
"../../Plugins/FX/Niagara/Content/Enums/ENiagaraRandomnessEvaluation.uasset" 3836
"../../Plugins/FX/Niagara/Content/Enums/ENiagaraRandomnessMode.uasset" 3837
"../../Plugins/FX/Niagara/Content/Enums/ENiagaraScaleColorMode.uasset" 3838
"../../Plugins/FX/Niagara/Content/Enums/ENiagaraShapeTorusMode.uasset" 3839
"../../Plugins/FX/Niagara/Content/Enums/ENiagaraSphereDistributionMode.uasset" 3840
"../../Plugins/FX/Niagara/Content/Enums/ENiagaraSystemInactiveMode.uasset" 3841
"../../Plugins/FX/Niagara/Content/Enums/ENiagaraTorusDistributionMode.uasset" 3842
"../../Plugins/FX/Niagara/Content/Enums/Location/ENiagara_BoxPlaneMode.uasset" 3843
"../../Plugins/FX/Niagara/Content/Enums/Location/ENiagara_ConeMode.uasset" 3844
"../../Plugins/FX/Niagara/Content/Enums/Location/ENiagara_CylinderMode.uasset" 3845
"../../Plugins/FX/Niagara/Content/Enums/Location/ENiagara_LocationShapes.uasset" 3846
"../../Plugins/FX/Niagara/Content/Enums/Location/ENiagaraRingDiscMode.uasset" 3847
"../../Plugins/FX/Niagara/Content/Enums/Ribbons/ENiagara_UnsetDirectSet.uasset" 3848
"../../Plugins/FX/Niagara/Content/Enums/Ribbons/ENiagara_UnsetDirectSetRandom.uasset" 3849
"../../Plugins/FX/Niagara/Content/Enums/Transforms/ENiagara_OffsetMode.uasset" 3850
"../../Plugins/FX/Niagara/Content/Enums/Transforms/ENiagara_RotationMode.uasset" 3851
"../../Plugins/FX/Niagara/Content/Enums/Transforms/ENiagara_ScaleMode.uasset" 3852
"../../Plugins/FX/Niagara/Content/Enums/Transforms/ENiagara_TransformOrder.uasset" 3853
"../../Plugins/FX/Niagara/Content/Enums/Transforms/ENiagara_TransformType.uasset" 3854
"../../Plugins/FX/Niagara/Content/Functions/V2/CalculateRandomRange.uasset" 3855
"../../Plugins/FX/Niagara/Content/Functions/V2/CalculateRandomRangeFloat.uasset" 3856
"../../Plugins/FX/Niagara/Content/Functions/Emitter/EmitterChangeState.uasset" 3857
"../../Plugins/FX/Niagara/Content/Icons/Modules/T_Icon_Scalability_Emitter.uasset" 3858
"../../Plugins/FX/Niagara/Content/Icons/Modules/T_Icon_Scalability_System.uasset" 3859
"../../Plugins/FX/Niagara/Content/Functions/RandomRangeFloat.uasset" 3860
"../../Plugins/FX/Niagara/Content/Functions/DirectionAndLengthSafe.uasset" 3861
"../../Plugins/FX/Niagara/Content/Functions/Drag/DragVelocity.uasset" 3862
"../../Plugins/FX/Niagara/Content/Functions/Math/CentimeterMeterConversion.uasset" 3863
"../../Plugins/FX/Niagara/Content/Functions/Rotation/MultiplyVectorWithQuaternion.uasset" 3864
"../../Plugins/FX/Niagara/Content/Modules/Solvers/ApplyRotationVector.uasset" 3865
"../../Plugins/FX/Niagara/Content/Icons/Modules/T_Icon_Solver_LimitAccel.uasset" 3866
"../../Plugins/FX/Niagara/Content/Icons/Modules/T_Icon_Solver_LimitSpeed.uasset" 3867
"../../Plugins/FX/Niagara/Content/Icons/Modules/T_Icon_Solver_RotationalSolve.uasset" 3868
"../../Plugins/FX/Niagara/Content/Functions/LinearColor/HueShiftLinearColor.uasset" 3869
"../../Plugins/FX/Niagara/Content/Functions/Localspace/SimulationPosition.uasset" 3870
"../../Plugins/FX/Niagara/Content/Functions/Localspace/TransformVector.uasset" 3871
"../../Plugins/FX/Niagara/Content/Functions/V2/CalculateRandomBool.uasset" 3872
"../../Plugins/FX/Niagara/Content/Functions/V2/CalculateRandomRangeInteger.uasset" 3873
"../../Plugins/FX/Niagara/Content/Functions/Localspace/TransformPosition.uasset" 3874
"../../Plugins/FX/Niagara/Content/Functions/Math/CalculateRandomPointInConeSphereIntersection.uasset" 3875
"../../Plugins/FX/Niagara/Content/Functions/Math/SaturateFloat.uasset" 3876
"../../Plugins/FX/Niagara/Content/Functions/NormalizedExecutionIndex.uasset" 3877
"../../Plugins/FX/Niagara/Content/Functions/ParametricTorus.uasset" 3878
"../../Plugins/FX/Niagara/Content/Functions/ParametricTorusKnot.uasset" 3879
"../../Plugins/FX/Niagara/Content/Functions/PolarToCartesianCoordinates.uasset" 3880
"../../Plugins/FX/Niagara/Content/Functions/RandomPointInBox.uasset" 3881
"../../Plugins/FX/Niagara/Content/Functions/Rotation/AngleUnitConverter.uasset" 3882
"../../Plugins/FX/Niagara/Content/Functions/Rotation/RotateVector2D.uasset" 3883
"../../Plugins/FX/Niagara/Content/Functions/Rotation/TransformStack/TransformStack_Rotation.uasset" 3884
"../../Plugins/FX/Niagara/Content/Functions/SphericalToCartesianCoordinates.uasset" 3885
"../../Plugins/FX/Niagara/Content/Functions/V2/RemapRange.uasset" 3886
"../../Plugins/FX/Niagara/Content/Enums/ENiagaraExpansionMode.uasset" 3887
"../../Plugins/FX/Niagara/Content/Functions/System/SystemChangeState.uasset" 3888
"../../Plugins/FX/Niagara/Content/Icons/Modules/T_Icon_Particle_InfiniteLife.uasset" 3889
"../../Plugins/FX/Niagara/Content/Functions/GetRandomInfo.uasset" 3890
"../../Plugins/FX/Niagara/Content/Functions/Rotation/AxisAngleToQuaternion.uasset" 3891
"../../Plugins/FX/Niagara/Content/Functions/Rotation/MultiplyQuaternion.uasset" 3892
"../../Plugins/FX/Niagara/Content/Functions/Localspace/TransformBase.uasset" 3893
"../../Plugins/FX/Niagara/Content/Functions/Rotation/FindQuatBetween.uasset" 3894
"../../Plugins/FX/Niagara/Content/Functions/IsolateLongestVectorComponent.uasset" 3895
"../../Plugins/FX/Niagara/Content/Functions/Rotation/InvertQuaternion.uasset" 3896
"../../Plugins/FX/Niagara/Content/Functions/Rotation/MakeQuaternionFrom3BasisVectors.uasset" 3897
"../../Plugins/FX/Niagara/Content/Functions/Rotation/XYZRotationToQuaternion.uasset" 3898
"../../Plugins/FX/Niagara/Content/Functions/Rotation/MatrixToQuaternion.uasset" 3899
"/Game/BonkSouls/Blueprints/Props/BP_Torch" 3900
"/Game/LP_SimpleNature_JC/Models/SM_Mushroom_02" 3901
"../../../../../../Arcadia/Unreal/Projects/BonkSouls/Content/LP_SimpleNature_JC/Materials/M_SimpleNature_MAIN.uasset" 3902
"../../../../../../Arcadia/Unreal/Projects/BonkSouls/Content/LP_SimpleNature_JC/Textures/T_SimpleNature_Texture_01.uasset" 3903
"/Game/LP_SimpleNature_JC/Models/SM_Rock_01" 3904
"/Game/LP_SimpleNature_JC/Models/SM_Rock_03" 3905
"/Game/LP_SimpleNature_JC/Models/SM_Rock_04" 3906
"/Game/LP_SimpleNature_JC/Models/SM_Rock_05" 3907
"/Game/LP_SimpleNature_JC/Models/SM_Stump_01" 3908
"/Game/LP_SimpleNature_JC/Models/SM_Tree_02" 3909
"/Game/LP_SimpleNature_JC/Models/SM_Tree_03" 3910
"/Game/LP_SimpleNature_JC/Models/SM_Tree_04" 3911
"/Game/LP_SimpleNature_JC/Models/SM_Tree_05" 3912
"/Game/LP_SimpleNature_JC/Models/SM_Bush_01" 3913
"/Game/LP_SimpleNature_JC/Models/SM_Grass_02" 3914
"/Game/LP_SimpleNature_JC/Models/SM_Rock_02" 3915
"/Game/LP_SimpleNature_JC/Models/SM_Tree_01" 3916
"/Game/Polygon-MedievalCamp/Models/Barrel_01" 3917
"/Game/Polygon-MedievalCamp/Models/Bonfire_01" 3918
"/Game/Polygon-MedievalCamp/Models/Broken_Barrel_01" 3919
"/Game/Polygon-MedievalCamp/Models/Pillar_01" 3920
"/Game/Polygon-MedievalCamp/Models/Tent_02" 3921
"C:/Arcadia/Unreal/Projects/BonkSouls/Content/LP_SimpleNature_JC/Models/SM_Grass_01.uasset" 3922
"C:/Arcadia/Unreal/Projects/BonkSouls/Content/LP_SimpleNature_JC/Models/SM_Flower_01.uasset" 3923
"C:/Arcadia/Unreal/Projects/BonkSouls/Content/LP_SimpleNature_JC/Models/SM_Bush_02.uasset" 3924
"C:/Arcadia/Unreal/Projects/BonkSouls/Content/LP_SimpleNature_JC/Models/SM_Branch_01.uasset" 3925
"../../../Engine/Content/Functions/Engine_MaterialFunctions02/SmoothStep.uasset" 3926
"C:/Arcadia/Unreal/Projects/BonkSouls/Content/LPRiverForest/Materials/Common/MPC_UnlitStrength.uasset" 3927
"C:/Arcadia/Unreal/Projects/BonkSouls/Content/LPRiverForest/Textures/T_Poly_NHeight.uasset" 3928
"../../../Engine/Content/Functions/Engine_MaterialFunctions02/Texturing/WorldPositionWithScale.uasset" 3929
"C:/Arcadia/Unreal/Projects/BonkSouls/Content/LPRiverForest/Materials/M_LowPolyWater.uasset" 3930
"../../../Engine/Content/Functions/Engine_MaterialFunctions02/Utility/DitherTemporalAA.uasset" 3931
"C:/Arcadia/Unreal/Projects/BonkSouls/Content/LP_SimpleNature_JC/Models/SM_Flower_02.uasset" 3932
"C:/Arcadia/Unreal/Projects/BonkSouls/Content/LPRiverForest/Materials/Water/MI_River.uasset" 3933
"C:/Arcadia/Unreal/Projects/BonkSouls/Content/BonkSouls/Audio/SFX/SW_WindAmbience.uasset" 3934
"C:/Arcadia/Unreal/Projects/BonkSouls/Content/BonkSouls/Materials/M_LowPolyLandscape.uasset" 3935
"C:/Arcadia/Unreal/Projects/BonkSouls/Content/LPRiverForest/Materials/MaterialFunctions/MF_NormalTreatment.uasset" 3936
"/Game/LP_SimpleNature_JC/Models/SM_Ground_01" 3937
"../../../Engine/Content/Functions/Engine_MaterialFunctions01/ImageAdjustment/CheapContrast.uasset" 3938
"../../../Engine/Content/Functions/Engine_MaterialFunctions02/Texturing/ScreenAlignedPixelToPixelUVs.uasset" 3939
"C:/Arcadia/Unreal/Projects/BonkSouls/Content/BonkSouls/Cutscene/LS_GronkIntro_S4.uasset" 3940
"../../../Engine/Content/Functions/Engine_MaterialFunctions01/Gradient/LinearGradient.uasset" 3941
"C:/Arcadia/Unreal/Projects/BonkSouls/Content/LP_SimpleNature_JC/Models/SM_Bush_03.uasset" 3942
"C:/Arcadia/Unreal/Projects/BonkSouls/Content/BonkSouls/Meshes/BlockingVolume_StaticMesh.uasset" 3943
"C:/Arcadia/Unreal/Projects/BonkSouls/Content/BonkSouls/Materials/MI_LowPolyLandscape.uasset" 3944
"C:/Arcadia/Unreal/Projects/BonkSouls/Content/BonkSouls/Audio/SFX/SW_DestroyHouse.uasset" 3945
"C:/Arcadia/Unreal/Projects/BonkSouls/Content/BonkSouls/Audio/SFX/SW_BossLand.uasset" 3946
"C:/Arcadia/Unreal/Projects/BonkSouls/Content/BonkSouls/Materials/M_BossDoor.uasset" 3947
"C:/Arcadia/Unreal/Projects/BonkSouls/Content/BonkSouls/Materials/MI_BossDoor.uasset" 3948
"/Game/LP_SimpleNature_JC/Models/SM_Ground_02" 3949
"/Game/LP_SimpleNature_JC/Models/SM_Ground_03" 3950
"/Game/LP_SimpleNature_JC/Models/SM_Mushroom_01" 3951
"/Engine/Functions/Engine_MaterialFunctions02/SmoothStep" 3952
"/Game/LP_SimpleNature_JC/Models/SM_Branch_01" 3953
"/Game/LP_SimpleNature_JC/Models/SM_Bush_02" 3954
"/Game/LP_SimpleNature_JC/Models/SM_Flower_01" 3955
"/Game/LP_SimpleNature_JC/Models/SM_Grass_01" 3956
"C:/Arcadia/Unreal/Projects/BonkSouls/Content/BonkSouls/Cutscene/LS_GronkIntro_S3.uasset" 3957
"C:/Arcadia/Unreal/Projects/BonkSouls/Content/BonkSouls/Audio/SFX/WoodCreak1.uasset" 3958
"/Game/BonkSouls/Audio/SFX/SW_MountHammer" 3959
"C:/Arcadia/Unreal/Projects/BonkSouls/Content/CR/Demo/Rigs/CR_Mannequin_Body.uasset" 3960
"C:/Arcadia/Unreal/Projects/BonkSouls/Content/BonkSouls/Audio/SFX/WoodCreak2.uasset" 3961
"C:/Arcadia/Unreal/Projects/BonkSouls/Content/BonkSouls/Cutscene/MasterCutscene.uasset" 3962
"C:/Arcadia/Unreal/Projects/BonkSouls/Content/BonkSouls/Cutscene/LS_GronkIntro_S1.uasset" 3963
"C:/Arcadia/Unreal/Projects/BonkSouls/Content/STYLIZEDFantasyArmory/Meshes/Building/SM_SFA_ArmoryBuilding_002.uasset" 3964
"/Game/BonkSouls/Audio/SFX/SW_BossLand" 3965
"C:/Arcadia/Unreal/Projects/BonkSouls/Content/BonkSouls/Meshes/GC_SM_SFA_ArmoryBuilding_002.uasset" 3966
"C:/Arcadia/Unreal/Projects/BonkSouls/Content/BonkSouls/Cutscene/LS_GronkIntro_S2.uasset" 3967
"/Game/BonkSouls/Audio/SFX/SW_WindAmbience" 3968
"/Game/BonkSouls/Materials/MI_BossDoor" 3969
"/Game/BonkSouls/Materials/MI_LowPolyLandscape" 3970
"/Game/BonkSouls/Meshes/BlockingVolume_StaticMesh" 3971
"/Game/LPRiverForest/Materials/Water/MI_River" 3972
"/Game/LP_SimpleNature_JC/Models/SM_Bush_03" 3973
"/Game/LP_SimpleNature_JC/Models/SM_Flower_02" 3974
"/Game/BonkSouls/Audio/SFX/SW_DestroyHouse" 3975
"C:/Arcadia/Unreal/Projects/BonkSouls/Content/BonkSouls/Blueprints/BP_DestrructibleHouse.uasset" 3976
"C:/Arcadia/Unreal/Projects/BonkSouls/Content/BonkSouls/Blueprints/Characters/AI/Curves/FC_JumpAttack_HeightCurve.uasset" 3977
"C:/Arcadia/Unreal/Projects/BonkSouls/Content/BonkSouls/Blueprints/Characters/AI/Tasks/BTT_Strafe.uasset" 3978
"C:/Arcadia/Unreal/Projects/BonkSouls/Content/BonkSouls/Blueprints/Characters/AI/Tasks/BTT_SetMoveSpeed.uasset" 3979
"C:/Arcadia/Unreal/Projects/BonkSouls/Content/BonkSouls/Blueprints/Characters/AI/Tasks/BTT_SetFocus.uasset" 3980
"C:/Arcadia/Unreal/Projects/BonkSouls/Content/BonkSouls/Blueprints/Characters/AI/Enums/E_BossMoveSpeed.uasset" 3981
"C:/Arcadia/Unreal/Projects/BonkSouls/Content/BonkSouls/Blueprints/Characters/AI/Enums/E_BossAttacks.uasset" 3982
"C:/Arcadia/Unreal/Projects/BonkSouls/Content/BonkSouls/Blueprints/Characters/AI/Decorators/BTD_IsStunned.uasset" 3983
"C:/Arcadia/Unreal/Projects/BonkSouls/Content/BonkSouls/Animations/Boss/Attacks/MM_BS_Boss_FlingAttack.uasset" 3984
"C:/Arcadia/Unreal/Projects/BonkSouls/Content/BonkSouls/Blueprints/Characters/AI/Tasks/BTT_ClearFocus.uasset" 3985
"C:/Arcadia/Unreal/Projects/BonkSouls/Content/BonkSouls/Blueprints/Characters/AI/AIBP_BossAI.uasset" 3986
"C:/Arcadia/Unreal/Projects/BonkSouls/Content/BonkSouls/Blueprints/Characters/AI/Tasks/BTT_Attack.uasset" 3987
"C:/Arcadia/Unreal/Projects/BonkSouls/Content/BonkSouls/Blueprints/Characters/AI/Decorators/BTD_IsWithinRange.uasset" 3988
"C:/Arcadia/Unreal/Projects/BonkSouls/Content/BonkSouls/Blueprints/Characters/AI/Curves/FC_BigJump_ToTargetCurve.uasset" 3989
"C:/Arcadia/Unreal/Projects/BonkSouls/Content/BonkSouls/Animations/Boss/Attacks/MM_BS_Boss_FlingAttackMontage.uasset" 3990
"C:/Arcadia/Unreal/Projects/BonkSouls/Content/BonkSouls/Blueprints/Characters/AI/BB_Boss.uasset" 3991
"C:/Arcadia/Unreal/Projects/BonkSouls/Content/BonkSouls/Animations/Boss/Attacks/MM_BS_Boss_SpinAttack_Montage.uasset" 3992
"C:/Arcadia/Unreal/Projects/BonkSouls/Content/BonkSouls/Blueprints/UI/WB_SkipPrompt.uasset" 3993
"/Game/BonkSouls/Cutscene/LS_GronkIntro_S5" 3994
"C:/Arcadia/Unreal/Projects/BonkSouls/Content/BonkSouls/Animations/Boss/Attacks/MM_BS_Boss_SpinAttack2.uasset" 3995
"C:/Arcadia/Unreal/Projects/BonkSouls/Content/BonkSouls/Blueprints/Characters/AI/BT_Boss.uasset" 3996
"../../../../../../Arcadia/Unreal/Projects/BonkSouls/Content/BonkSouls/Blueprints/Characters/BP_BSPlayer.uasset" 3997
"../../../../../../Arcadia/Unreal/Projects/BonkSouls/Content/BonkSouls/Animations/Player/MM_BS_Broadsword_Dodge_Montage.uasset" 3998
"../../../../../../Arcadia/Unreal/Projects/BonkSouls/Content/BonkSouls/Animations/Player/MM_BS_Drink_Montage.uasset" 3999
"../../../../../../Arcadia/Unreal/Projects/BonkSouls/Content/BonkSouls/Blueprints/Characters/BP_BSCharacter.uasset" 4000
"../../../Engine/Content/EditorBlueprintResources/StandardMacros.uasset" 4001
"../../../../../../Arcadia/Unreal/Projects/BonkSouls/Content/BonkSouls/Blueprints/BPI_Damageable.uasset" 4002
"../../../../../../Arcadia/Unreal/Projects/BonkSouls/Content/BonkSouls/Blueprints/Weapons/BP_BSBroadsword.uasset" 4003
"../../../../../../Arcadia/Unreal/Projects/BonkSouls/Content/BonkSouls/Blueprints/Weapons/BP_BSWeapon.uasset" 4004
"../../../../../../Arcadia/Unreal/Projects/BonkSouls/Content/BonkSouls/Input/Actions/IA_BS_Attack.uasset" 4005
"../../../../../../Arcadia/Unreal/Projects/BonkSouls/Content/BonkSouls/Input/Actions/IA_BS_Dodge.uasset" 4006
"../../../../../../Arcadia/Unreal/Projects/BonkSouls/Content/BonkSouls/Input/Actions/IA_BS_Item.uasset" 4007
"../../../../../../Arcadia/Unreal/Projects/BonkSouls/Content/BonkSouls/Input/Actions/IA_BS_Jump.uasset" 4008
"../../../../../../Arcadia/Unreal/Projects/BonkSouls/Content/BonkSouls/Input/Actions/IA_BS_LockOn.uasset" 4009
"../../../../../../Arcadia/Unreal/Projects/BonkSouls/Content/BonkSouls/Input/Actions/IA_BS_Look.uasset" 4010
"../../../../../../Arcadia/Unreal/Projects/BonkSouls/Content/BonkSouls/Input/Actions/IA_BS_Move.uasset" 4011
"../../../../../../Arcadia/Unreal/Projects/BonkSouls/Content/Input/Actions/IA_MouseLook.uasset" 4012
"../../../../../../Arcadia/Unreal/Projects/BonkSouls/Content/BonkSouls/Niagara/NS_Heal.uasset" 4013
"../../../../../../Arcadia/Unreal/Projects/BonkSouls/Content/BonkSouls/Audio/SFX/SW_Heal2.uasset" 4014
"../../../../../../Arcadia/Unreal/Projects/BonkSouls/Content/BonkSouls/Audio/SFX/SW_You_died.uasset" 4015
"../../../../../../Arcadia/Unreal/Projects/BonkSouls/Content/BonkSouls/Blueprints/Characters/E_PlayerState.uasset" 4016
"../../../../../../Arcadia/Unreal/Projects/BonkSouls/Content/BonkSouls/Blueprints/UI/WB_DeathScreen.uasset" 4017
"../../../../../../Arcadia/Unreal/Projects/BonkSouls/Content/BonkSouls/Meshes/SKM_BonkSoulsPlayer.uasset" 4018
"../../../../../../Arcadia/Unreal/Projects/BonkSouls/Content/Polygon-MedievalCamp/Models/Bottle_01.uasset" 4019
"../../../../../../Arcadia/Unreal/Projects/BonkSouls/Content/BonkSouls/Animations/Player/MM_BS_Broadsword_Dodge.uasset" 4020
"../../../../../../Arcadia/Unreal/Projects/BonkSouls/Content/BonkSouls/Animations/Player/Notifies/AN_ResetPlayerState.uasset" 4021
"../../../../../../Arcadia/Unreal/Projects/BonkSouls/Content/CR/Demo/Meshes/SK_Mannequin.uasset" 4022
"../../../../../../Arcadia/Unreal/Projects/BonkSouls/Content/BonkSouls/Animations/Player/MM_BS_Drink.uasset" 4023
"../../../../../../Arcadia/Unreal/Projects/BonkSouls/Content/BonkSouls/Animations/Player/ABP_BSCharacter.uasset" 4024
"../../../../../../Arcadia/Unreal/Projects/BonkSouls/Content/BonkSouls/Animations/MM_BS_GetUp_Montage.uasset" 4025
"../../../../../../Arcadia/Unreal/Projects/BonkSouls/Content/BonkSouls/Animations/MM_BS_Hurt_Montage.uasset" 4026
"../../../../../../Arcadia/Unreal/Projects/BonkSouls/Content/BonkSouls/Animations/Player/Attack/MM_BS_Broadsword_Attack.uasset" 4027
"../../../../../../Arcadia/Unreal/Projects/BonkSouls/Content/BonkSouls/Niagara/NS_BroadswordHit.uasset" 4028
"../../../../../../Arcadia/Unreal/Projects/BonkSouls/Content/BonkSouls/Audio/SFX/SW_Hit.uasset" 4029
"../../../../../../Arcadia/Unreal/Projects/BonkSouls/Content/BonkSouls/Meshes/SM_BSSword.uasset" 4030
"../../Plugins/FX/Niagara/Content/DefaultAssets/Templates/CascadeConversion/CompletelyEmpty.uasset" 4031
"../../Plugins/FX/Niagara/Content/DynamicInputs/TypeConversions/MakeVectorFromLinearColorRGB.uasset" 4032
"../../Plugins/FX/Niagara/Content/Modules/Events/GenerateLocationEvent.uasset" 4033
"../../Plugins/FX/Niagara/Content/Modules/Solvers/ApplyInitialForces.uasset" 4034
"../../Plugins/FX/Niagara/Content/Modules/Spawn/Velocity/AddVelocity.uasset" 4035
"../../Plugins/FX/Niagara/Content/Modules/Update/Forces/VortexForce.uasset" 4036
"../../Plugins/FX/Niagara/Content/Enums/Events/ENiagara_LocEventType.uasset" 4037
"../../Plugins/FX/Niagara/Content/Enums/Utility/ENiagara_VelocityMode.uasset" 4038
"../../../Engine/Content/EditorResources/DefaultEditorFont.uasset" 4039
"../../../../../../Arcadia/Unreal/Projects/BonkSouls/Content/BonkSouls/Fonts/MedievalSharp-Regular_Font.uasset" 4040
"../../../../../../Arcadia/Unreal/Projects/BonkSouls/Content/CR/LQ/AMT_Materials/MI_001_4.uasset" 4041
"../../../../../../Arcadia/Unreal/Projects/BonkSouls/Content/CR/LQ/AMT_Materials/MI_002_1.uasset" 4042
"../../../../../../Arcadia/Unreal/Projects/BonkSouls/Content/CR/LQ/AMT_Materials/MI_002_6.uasset" 4043
"../../../../../../Arcadia/Unreal/Projects/BonkSouls/Content/CR/LQ/AMT_Materials/MI_004_2.uasset" 4044
"../../../../../../Arcadia/Unreal/Projects/BonkSouls/Content/CR/LQ/AMT_Materials/MI_008_10.uasset" 4045
"../../../../../../Arcadia/Unreal/Projects/BonkSouls/Content/CR/LQ/AMT_Materials/MI_008_11.uasset" 4046
"../../../../../../Arcadia/Unreal/Projects/BonkSouls/Content/CR/LQ/AMT_Materials/MI_008_7_1.uasset" 4047
"../../../../../../Arcadia/Unreal/Projects/BonkSouls/Content/CR/LQ/AMT_Physics/PA_FullBody.uasset" 4048
"../../../../../../Arcadia/Unreal/Projects/BonkSouls/Content/BonkSouls/Audio/SFX/SW_Dodge.uasset" 4049
"../../../../../../Arcadia/Unreal/Projects/BonkSouls/Content/BonkSouls/Audio/SFX/SW_JumpLand.uasset" 4050
"../../../../../../Arcadia/Unreal/Projects/BonkSouls/Content/BonkSouls/Animations/Player/Jump/MM_BS_Broadsword_FallLoop.uasset" 4051
"../../../../../../Arcadia/Unreal/Projects/BonkSouls/Content/BonkSouls/Animations/Player/Jump/MM_BS_Broadsword_Jump.uasset" 4052
"../../../../../../Arcadia/Unreal/Projects/BonkSouls/Content/BonkSouls/Animations/Player/Jump/MM_BS_Broadsword_Land.uasset" 4053
"../../../../../../Arcadia/Unreal/Projects/BonkSouls/Content/BonkSouls/Animations/Player/MM_BS_Broadsword_Idle.uasset" 4054
"../../../../../../Arcadia/Unreal/Projects/BonkSouls/Content/BonkSouls/Animations/Player/ABS_WalkRunBlend.uasset" 4055
"../../../../../../Arcadia/Unreal/Projects/BonkSouls/Content/CR/Demo/Rigs/CR_Mannequin_BasicFootIK.uasset" 4056
"../../../../../../Arcadia/Unreal/Projects/BonkSouls/Content/BonkSouls/Animations/MM_BS_GetUp.uasset" 4057
"../../../../../../Arcadia/Unreal/Projects/BonkSouls/Content/BonkSouls/Animations/MM_BS_Hurt.uasset" 4058
"../../../../../../Arcadia/Unreal/Projects/BonkSouls/Content/BonkSouls/Animations/Player/Attack/MM_BS_Broadsword_Attack1.uasset" 4059
"../../../../../../Arcadia/Unreal/Projects/BonkSouls/Content/BonkSouls/Animations/Player/Attack/MM_BS_Broadsword_Attack2.uasset" 4060
"../../../../../../Arcadia/Unreal/Projects/BonkSouls/Content/BonkSouls/Animations/Player/Attack/MM_BS_Broadsword_Attack3.uasset" 4061
"../../../../../../Arcadia/Unreal/Projects/BonkSouls/Content/BonkSouls/Animations/Player/Notifies/BP_ToggleHitboxNotify.uasset" 4062
"../../../../../../Arcadia/Unreal/Projects/BonkSouls/Content/BonkSouls/Materials/M_TextureParticle.uasset" 4063
"../../../../../../Arcadia/Unreal/Projects/BonkSouls/Content/BonkSouls/Materials/MI_BloodRibbon.uasset" 4064
"../../../../../../Arcadia/Unreal/Projects/BonkSouls/Content/BonkSouls/Materials/MI_FireParticle.uasset" 4065
"../../Plugins/FX/Niagara/Content/Modules/Emitter/SpawnBurst_Instantaneous.uasset" 4066
"../../Plugins/FX/Niagara/Content/Modules/Events/ReceiveLocationEvent.uasset" 4067
"../../Plugins/FX/Niagara/Content/Modules/Ribbons/ScaleRibbonWidth.uasset" 4068
"../../Plugins/FX/Niagara/Content/Modules/Update/Forces/V2/CurlNoiseForce.uasset" 4069
"../../Plugins/FX/Niagara/Content/Modules/Update/Size/ScaleSpriteSize.uasset" 4070
"../../Plugins/FX/Niagara/Content/Enums/ENiagaraCurlNoiseQuality.uasset" 4071
"../../Plugins/FX/Niagara/Content/Enums/SpriteRenderer/ENiagara_ScaleSpriteSize.uasset" 4072
"../../Plugins/FX/Niagara/Content/VectorFields/Assets/TilingCurl32.uasset" 4073
"../../Plugins/FX/Niagara/Content/Functions/Helpers/AdvancePositionWithAcceleration.uasset" 4074
"../../Plugins/FX/Niagara/Content/DefaultAssets/Structs/LocationEvent_V2.uasset" 4075
"../../Plugins/FX/Niagara/Content/Functions/V2/CalculateRandomUnitVector.uasset" 4076
"../../Plugins/FX/Niagara/Content/Functions/V2/DistanceBasedFalloff.uasset" 4077
"../../Plugins/FX/Niagara/Content/Functions/Localspace/PositionToVector.uasset" 4078
"../../Plugins/FX/Niagara/Content/Functions/NormalizeDistanceRange.uasset" 4079
"../../Plugins/FX/Niagara/Content/Functions/ProjectVectorOnPlane.uasset" 4080
"../../../../../../Arcadia/Unreal/Projects/BonkSouls/Content/BonkSouls/Fonts/MedievalSharp-Regular.uasset" 4081
"../../../../../../Arcadia/Unreal/Projects/BonkSouls/Content/CR/LQ/AMT_Materials/M_Master/M_Master.uasset" 4082
"../../../../../../Arcadia/Unreal/Projects/BonkSouls/Content/BonkSouls/Audio/SFX/SW_Jump.uasset" 4083
"../../../../../../Arcadia/Unreal/Projects/BonkSouls/Content/BonkSouls/Animations/Player/Run/MM_BS_Broadsword_RunB.uasset" 4084
"../../../../../../Arcadia/Unreal/Projects/BonkSouls/Content/BonkSouls/Animations/Player/Run/MM_BS_Broadsword_RunBL.uasset" 4085
"../../../../../../Arcadia/Unreal/Projects/BonkSouls/Content/BonkSouls/Animations/Player/Run/MM_BS_Broadsword_RunBR.uasset" 4086
"../../../../../../Arcadia/Unreal/Projects/BonkSouls/Content/BonkSouls/Animations/Player/Run/MM_BS_Broadsword_RunF.uasset" 4087
"../../../../../../Arcadia/Unreal/Projects/BonkSouls/Content/BonkSouls/Animations/Player/Run/MM_BS_Broadsword_RunFR.uasset" 4088
"../../../../../../Arcadia/Unreal/Projects/BonkSouls/Content/BonkSouls/Animations/Player/Run/MM_BS_Broadsword_RunL.uasset" 4089
"../../../../../../Arcadia/Unreal/Projects/BonkSouls/Content/BonkSouls/Animations/Player/Run/MM_BS_Broadsword_RunR.uasset" 4090
"../../../../../../Arcadia/Unreal/Projects/BonkSouls/Content/BonkSouls/Animations/Player/Walk/MM_BS_Broadsword_WalkB.uasset" 4091
"../../../../../../Arcadia/Unreal/Projects/BonkSouls/Content/BonkSouls/Animations/Player/Walk/MM_BS_Broadsword_WalkBL.uasset" 4092
"../../../../../../Arcadia/Unreal/Projects/BonkSouls/Content/BonkSouls/Animations/Player/Walk/MM_BS_Broadsword_WalkBR.uasset" 4093
"../../../../../../Arcadia/Unreal/Projects/BonkSouls/Content/BonkSouls/Animations/Player/Walk/MM_BS_Broadsword_WalkF.uasset" 4094
"../../../../../../Arcadia/Unreal/Projects/BonkSouls/Content/BonkSouls/Animations/Player/Walk/MM_BS_Broadsword_WalkFL.uasset" 4095
"../../../../../../Arcadia/Unreal/Projects/BonkSouls/Content/BonkSouls/Animations/Player/Walk/MM_BS_Broadsword_WalkFR.uasset" 4096
"../../../../../../Arcadia/Unreal/Projects/BonkSouls/Content/BonkSouls/Animations/Player/Walk/MM_BS_Broadsword_WalkL.uasset" 4097
"../../../../../../Arcadia/Unreal/Projects/BonkSouls/Content/BonkSouls/Animations/Player/Walk/MM_BS_Broadsword_WalkR.uasset" 4098
"../../Plugins/Animation/ControlRig/Content/Controls/DefaultGizmoLibrary.uasset" 4099
"../../../../../../Arcadia/Unreal/Projects/BonkSouls/Content/BonkSouls/Audio/SFX/WeaponSwing/Broadsword/BroadswordSwing.uasset" 4100
"../../../../../../Arcadia/Unreal/Projects/BonkSouls/Content/BonkSouls/Textures/T_Circle.uasset" 4101
"../../../../../../Arcadia/Unreal/Projects/BonkSouls/Content/BonkSouls/Textures/T_Triangle.uasset" 4102
"../../Plugins/FX/Niagara/Content/Functions/V2/ConeMask.uasset" 4103
"../../Plugins/FX/Niagara/Content/VectorFields/Assets/TilingCurl16.uasset" 4104
"../../Plugins/FX/Niagara/Content/VectorFields/Assets/TilingCurl64.uasset" 4105
"../../Plugins/FX/Niagara/Content/Functions/ChannelMasks/SelectV4Channel.uasset" 4106
"../../Plugins/FX/Niagara/Content/Enums/ENiagaraVector4_Channels.uasset" 4107
"../../../../../../Arcadia/Unreal/Projects/BonkSouls/Content/BonkSouls/Audio/SFX/Footsteps/Footsteps.uasset" 4108
"../../../../../../Arcadia/Unreal/Projects/BonkSouls/Content/BonkSouls/Audio/SFX/WeaponSwing/Broadsword/SFX_Weapon_Melee_Swoosh_Medium_1.uasset" 4109
"../../../../../../Arcadia/Unreal/Projects/BonkSouls/Content/BonkSouls/Audio/SFX/WeaponSwing/Broadsword/SFX_Weapon_Melee_Swoosh_Medium_2.uasset" 4110
"../../../../../../Arcadia/Unreal/Projects/BonkSouls/Content/BonkSouls/Audio/SFX/WeaponSwing/Broadsword/SFX_Weapon_Melee_Swoosh_Medium_3.uasset" 4111
"../../Plugins/FX/Niagara/Content/Functions/FindAngleBetweenVectors.uasset" 4112
"../../../../../../Arcadia/Unreal/Projects/BonkSouls/Content/BonkSouls/Audio/SFX/Footsteps/Fantasy_Game_Footstep_Dirt_Heavy_A.uasset" 4113
"../../../../../../Arcadia/Unreal/Projects/BonkSouls/Content/BonkSouls/Audio/SFX/Footsteps/Fantasy_Game_Footstep_Dirt_Heavy_B.uasset" 4114
"../../../../../../Arcadia/Unreal/Projects/BonkSouls/Content/BonkSouls/Audio/SFX/Footsteps/Fantasy_Game_Footstep_Dirt_Heavy_C.uasset" 4115
"../../../../../../Arcadia/Unreal/Projects/BonkSouls/Content/BonkSouls/Audio/SFX/Footsteps/Fantasy_Game_Footstep_Dirt_Heavy_D.uasset" 4116
"../../../../../../Arcadia/Unreal/Projects/BonkSouls/Content/BonkSouls/Audio/SFX/Footsteps/Fantasy_Game_Footstep_Dirt_Heavy_E.uasset" 4117
"../../../../../../Arcadia/Unreal/Projects/BonkSouls/Content/BonkSouls/Audio/SFX/Footsteps/Fantasy_Game_Footstep_Dirt_Heavy_F.uasset" 4118
"../../../../../../Arcadia/Unreal/Projects/BonkSouls/Content/BonkSouls/Audio/SFX/Footsteps/Fantasy_Game_Footstep_Dirt_Heavy_G.uasset" 4119
"../../../../../../Arcadia/Unreal/Projects/BonkSouls/Content/BonkSouls/Audio/SFX/Footsteps/Fantasy_Game_Footstep_Dirt_Heavy_H.uasset" 4120
"../../../../../../Arcadia/Unreal/Projects/BonkSouls/Content/BonkSouls/Audio/SFX/Footsteps/Fantasy_Game_Footstep_Dirt_Heavy_I.uasset" 4121
"../../../../../../Arcadia/Unreal/Projects/BonkSouls/Content/BonkSouls/Audio/SFX/Footsteps/Fantasy_Game_Footstep_Dirt_Heavy_J.uasset" 4122
"/Game/BonkSouls/Meshes/GC_SM_SFA_ArmoryBuilding_002" 4123
"/Game/BonkSouls/Blueprints/Characters/AI/Curves/FC_JumpAttack_HeightCurve" 4124
"/Game/BonkSouls/Cutscene/LS_GronkIntro_S1" 4125
"/Game/BonkSouls/Cutscene/LS_GronkIntro_S2" 4126
"/Game/BonkSouls/Cutscene/LS_GronkIntro_S4" 4127
"C:/Arcadia/Unreal/Projects/BonkSouls/Content/BonkSouls/Animations/Boss/Notifies/ANS_JumpToPlayer.uasset" 4128
"C:/Arcadia/Unreal/Projects/BonkSouls/Content/BonkSouls/Animations/Boss/Notifies/AN_ClearFocus.uasset" 4129
"C:/Arcadia/Unreal/Projects/BonkSouls/Content/BonkSouls/Blueprints/UI/WB_RegicideCommitted.uasset" 4130
"C:/Arcadia/Unreal/Projects/BonkSouls/Content/BonkSouls/Animations/Boss/Attacks/MM_BS_Boss_AttackCombo2.uasset" 4131
"C:/Arcadia/Unreal/Projects/BonkSouls/Content/BonkSouls/Animations/Boss/Attacks/MM_BS_BossAttack_BigJump.uasset" 4132
"C:/Arcadia/Unreal/Projects/BonkSouls/Content/BonkSouls/Animations/Boss/Attacks/MM_BS_Boss_Combo3.uasset" 4133
"C:/Arcadia/Unreal/Projects/BonkSouls/Content/BonkSouls/Animations/Boss/Notifies/AN_BossWeaponImpact.uasset" 4134
"C:/Arcadia/Unreal/Projects/BonkSouls/Content/BonkSouls/Audio/SFX/SW_Victory.uasset" 4135
"C:/Arcadia/Unreal/Projects/BonkSouls/Content/BonkSouls/Blueprints/UI/WB_BossHealthBar.uasset" 4136
"C:/Arcadia/Unreal/Projects/BonkSouls/Content/BonkSouls/Animations/Boss/Attacks/MM_BS_BossAttack_BigJump_Montage.uasset" 4137
"/Game/BonkSouls/Animations/Boss/Attacks/MM_BS_Boss_FlingAttack" 4138
"../../../../../../Arcadia/Unreal/Projects/BonkSouls/Content/BonkSouls/Audio/SFX/WeaponSwing/BonkHammer/BonkHammerSwing.uasset" 4139
"../../../../../../Arcadia/Unreal/Projects/BonkSouls/Content/BonkSouls/Audio/SFX/WeaponSwing/BonkHammer/SFX_Weapon_Melee_Swoosh_Big_1.uasset" 4140
"../../../../../../Arcadia/Unreal/Projects/BonkSouls/Content/BonkSouls/Audio/SFX/WeaponSwing/BonkHammer/SFX_Weapon_Melee_Swoosh_Big_2.uasset" 4141
"../../../../../../Arcadia/Unreal/Projects/BonkSouls/Content/BonkSouls/Audio/SFX/WeaponSwing/BonkHammer/SFX_Weapon_Melee_Swoosh_Big_3.uasset" 4142
"/Game/BonkSouls/Animations/Boss/Attacks/MM_BS_Boss_SpinAttack_Montage" 4143
"/Game/BonkSouls/Blueprints/Characters/AI/AIBP_BossAI" 4144
"../../../../../../Arcadia/Unreal/Projects/BonkSouls/Content/BonkSouls/Blueprints/Characters/BP_BSBoss.uasset" 4145
"../../../../../../Arcadia/Unreal/Projects/BonkSouls/Content/BonkSouls/Animations/Boss/ABP_BSBoss.uasset" 4146
"../../../../../../Arcadia/Unreal/Projects/BonkSouls/Content/BonkSouls/Animations/Boss/Attacks/AM_BS_Boss_ComboAttackMontage.uasset" 4147
"../../../../../../Arcadia/Unreal/Projects/BonkSouls/Content/BonkSouls/Animations/Boss/Attacks/MM_BS_BossAttack_BigJump_Montage.uasset" 4148
"../../../../../../Arcadia/Unreal/Projects/BonkSouls/Content/BonkSouls/Animations/Boss/MM_BS_Boss_Death_Montage.uasset" 4149
"../../../../../../Arcadia/Unreal/Projects/BonkSouls/Content/BonkSouls/Blueprints/BP_BossProjectile.uasset" 4150
"../../../../../../Arcadia/Unreal/Projects/BonkSouls/Content/BonkSouls/Blueprints/Weapons/BP_BSBonkHammer.uasset" 4151
"../../../../../../Arcadia/Unreal/Projects/BonkSouls/Content/BonkSouls/Audio/SFX/SW_Victory.uasset" 4152
"../../../../../../Arcadia/Unreal/Projects/BonkSouls/Content/BonkSouls/Blueprints/UI/WB_BossHealthBar.uasset" 4153
"../../../../../../Arcadia/Unreal/Projects/BonkSouls/Content/BonkSouls/Blueprints/UI/WB_BSCharacterElement.uasset" 4154
"../../../../../../Arcadia/Unreal/Projects/BonkSouls/Content/BonkSouls/Blueprints/UI/WB_RegicideCommitted.uasset" 4155
"../../../../../../Arcadia/Unreal/Projects/BonkSouls/Content/BonkSouls/Meshes/SKM_BonkSoulsBoss.uasset" 4156
"../../../../../../Arcadia/Unreal/Projects/BonkSouls/Content/BonkSouls/Animations/Boss/MM_BS_Boss_Idle.uasset" 4157
"../../../../../../Arcadia/Unreal/Projects/BonkSouls/Content/BonkSouls/Animations/Boss/ABS_BossIdleWalkRun.uasset" 4158
"../../../../../../Arcadia/Unreal/Projects/BonkSouls/Content/BonkSouls/Animations/Boss/Attacks/MM_BS_Boss_AttackCombo2.uasset" 4159
"../../../../../../Arcadia/Unreal/Projects/BonkSouls/Content/BonkSouls/Animations/Boss/Attacks/MM_BS_Boss_Combo3.uasset" 4160
"../../../../../../Arcadia/Unreal/Projects/BonkSouls/Content/BonkSouls/Animations/Boss/Attacks/MM_BS_Boss_ComboAttack1.uasset" 4161
"../../../../../../Arcadia/Unreal/Projects/BonkSouls/Content/BonkSouls/Animations/Boss/Notifies/AN_BossWeaponImpact.uasset" 4162
"../../../../../../Arcadia/Unreal/Projects/BonkSouls/Content/BonkSouls/Animations/Boss/Notifies/AN_ClearFocus.uasset" 4163
"../../../../../../Arcadia/Unreal/Projects/BonkSouls/Content/BonkSouls/Animations/Boss/Attacks/MM_BS_BossAttack_BigJump.uasset" 4164
"../../../../../../Arcadia/Unreal/Projects/BonkSouls/Content/BonkSouls/Animations/Boss/Notifies/ANS_JumpToPlayer.uasset" 4165
"../../../../../../Arcadia/Unreal/Projects/BonkSouls/Content/BonkSouls/Animations/Boss/MM_BS_Boss_Death.uasset" 4166
"../../../../../../Arcadia/Unreal/Projects/BonkSouls/Content/BonkSouls/Niagara/NS_DirtBurst.uasset" 4167
"../../../../../../Arcadia/Unreal/Projects/BonkSouls/Content/BonkSouls/Niagara/NS_DirtProjectile.uasset" 4168
"../../../../../../Arcadia/Unreal/Projects/BonkSouls/Content/BonkSouls/Niagara/NS_BonkHammerHit.uasset" 4169
"../../../../../../Arcadia/Unreal/Projects/BonkSouls/Content/BonkSouls/Audio/SFX/SW_BossImpact2.uasset" 4170
"../../../../../../Arcadia/Unreal/Projects/BonkSouls/Content/ImportedAssets/RubberHammer/Rubber_play_Hummer.uasset" 4171
"../../../../../../Arcadia/Unreal/Projects/BonkSouls/Content/BonkSouls/Fonts/Fraunces-VariableFont_SOFT_WONK_opsz_wght_Font.uasset" 4172
"../../../../../../Arcadia/Unreal/Projects/BonkSouls/Content/BonkSouls/Blueprints/UI/WB_HealthBar.uasset" 4173
"../../../../../../Arcadia/Unreal/Projects/BonkSouls/Content/BonkSouls/Fonts/JustMeAgainDownHere-Regular_Font.uasset" 4174
"../../../../../../Arcadia/Unreal/Projects/BonkSouls/Content/CR/LQ/AMT_Materials/MI_Metal_001_1.uasset" 4175
"../../../../../../Arcadia/Unreal/Projects/BonkSouls/Content/CR/LQ/AMT_Materials/MI_Metal_001_3.uasset" 4176
"../../../../../../Arcadia/Unreal/Projects/BonkSouls/Content/BonkSouls/Animations/Boss/Walk/MM_BS_Boss_WalkF.uasset" 4177
"../../../../../../Arcadia/Unreal/Projects/BonkSouls/Content/BonkSouls/Animations/Player/Run/MM_BS_Broadsword_RunFL.uasset" 4178
"../../Plugins/FX/Niagara/Content/DynamicInputs/UniformRange/V2/RandomRangeFloat.uasset" 4179
"../../Plugins/FX/Niagara/Content/Modules/Update/Velocity/InheritVelocity.uasset" 4180
"../../../../../../Arcadia/Unreal/Projects/BonkSouls/Content/ImportedAssets/RubberHammer/M_RubberHammer.uasset" 4181
"../../../../../../Arcadia/Unreal/Projects/BonkSouls/Content/BonkSouls/Fonts/Fraunces-VariableFont_SOFT_WONK_opsz_wght.uasset" 4182
"../../../../../../Arcadia/Unreal/Projects/BonkSouls/Content/BonkSouls/Fonts/JustMeAgainDownHere-Regular.uasset" 4183
"../../../../../../Arcadia/Unreal/Projects/BonkSouls/Content/CR/LQ/AMT_Materials/M_Master/M_MasterMetal.uasset" 4184
"../../../../../../Arcadia/Unreal/Projects/BonkSouls/Content/ImportedAssets/RubberHammer/T_Rubber_Play_Hammer_BaseColor.uasset" 4185
"../../../../../../Arcadia/Unreal/Projects/BonkSouls/Content/ImportedAssets/RubberHammer/T_Rubber_Play_Hammer_Metallic.uasset" 4186
"../../../../../../Arcadia/Unreal/Projects/BonkSouls/Content/ImportedAssets/RubberHammer/T_Rubber_Play_Hammer_Normal.uasset" 4187
"../../../../../../Arcadia/Unreal/Projects/BonkSouls/Content/ImportedAssets/RubberHammer/T_Rubber_Play_Hammer_Roughness.uasset" 4188
"/Game/BonkSouls/Cutscene/MasterCutscene" 4189
"../../../../../../Arcadia/Unreal/Projects/BonkSouls/Content/BonkSouls/Blueprints/BFL_BonkSouls.uasset" 4190
"../../../../../../Arcadia/Unreal/Projects/BonkSouls/Content/BonkSouls/Blueprints/BPL_FadeLibrary.uasset" 4191
"../../../../../../Arcadia/Unreal/Projects/BonkSouls/Content/BonkSouls/Blueprints/BP_BonkSoulsPlayerController.uasset" 4192
"../../../../../../Arcadia/Unreal/Projects/BonkSouls/Content/BonkSouls/Blueprints/BP_BSGameInstance.uasset" 4193
"../../../../../../Arcadia/Unreal/Projects/BonkSouls/Content/BonkSouls/Blueprints/UI/BP_BonkSoulsHUD.uasset" 4194
"../../../../../../Arcadia/Unreal/Projects/BonkSouls/Content/BonkSouls/Input/Actions/IA_BS_Pause.uasset" 4195
"../../../../../../Arcadia/Unreal/Projects/BonkSouls/Content/BonkSouls/Input/Actions/UI/IA_UI_Cancel.uasset" 4196
"../../../../../../Arcadia/Unreal/Projects/BonkSouls/Content/BonkSouls/Input/IMC_BonkSouls.uasset" 4197
"../../../../../../Arcadia/Unreal/Projects/BonkSouls/Content/BonkSouls/Input/IMC_UI.uasset" 4198
"../../../../../../Arcadia/Unreal/Projects/BonkSouls/Content/Input/IMC_MouseLook.uasset" 4199
"../../../../../../Arcadia/Unreal/Projects/BonkSouls/Content/BonkSouls/Blueprints/UI/Menus/WB_PauseMenu.uasset" 4200
"../../../../../../Arcadia/Unreal/Projects/BonkSouls/Content/BonkSouls/Blueprints/UI/WB_ItemWidget.uasset" 4201
"../../../../../../Arcadia/Unreal/Projects/BonkSouls/Content/BonkSouls/Blueprints/UI/WB_PlayerHealthBar.uasset" 4202
"../../../../../../Arcadia/Unreal/Projects/BonkSouls/Content/BonkSouls/Blueprints/UI/WB_StaminaBar.uasset" 4203
"../../../../../../Arcadia/Unreal/Projects/BonkSouls/Content/BonkSouls/Input/Actions/UI/IA_UI_MoveDown.uasset" 4204
"../../../../../../Arcadia/Unreal/Projects/BonkSouls/Content/BonkSouls/Input/Actions/UI/IA_UI_MoveLeftRight.uasset" 4205
"../../../../../../Arcadia/Unreal/Projects/BonkSouls/Content/BonkSouls/Input/Actions/UI/IA_UI_MoveUp.uasset" 4206
"../../../../../../Arcadia/Unreal/Projects/BonkSouls/Content/BonkSouls/Input/Actions/UI/IA_UI_Select.uasset" 4207
"../../../../../../Arcadia/Unreal/Projects/BonkSouls/Content/BonkSouls/Textures/T_Button.uasset" 4208
"../../../../../../Arcadia/Unreal/Projects/BonkSouls/Content/BonkSouls/Textures/T_BottleIcon.uasset" 4209
"C:/Arcadia/Unreal/Projects/BonkSouls/Content/BonkSouls/Blueprints/BP_BossBlocker.uasset" 4210
"C:/Arcadia/Unreal/Projects/BonkSouls/Content/BonkSouls/Blueprints/BP_BonkSoulsGamemode.uasset" 4211
"../../../Engine/Content/EngineSky/VolumetricClouds/VT_PerlinWorley_Balanced.uasset" 4212
"../../../Engine/Content/EngineSky/VolumetricClouds/T_Profile_08.uasset" 4213
"../../../Engine/Content/EngineSky/VolumetricClouds/T_CloudMask.uasset" 4214
"../../../Engine/Content/Functions/Engine_MaterialFunctions01/Units/Km-to-Cm.uasset" 4215
"../../../Engine/Content/EngineSky/VolumetricClouds/T_CloudPattern.uasset" 4216
"../../../Engine/Content/EngineSky/VolumetricClouds/VT_Lightning.uasset" 4217
"../../../Engine/Content/Functions/Engine_MaterialFunctions02/Utility/BreakOutFloat4Components.uasset" 4218
"../../../Engine/Content/EngineSky/VolumetricClouds/m_SimpleVolumetricCloud_Inst.uasset" 4219
"../../../Engine/Content/EditorResources/FieldNodes/FS_AnchorField_Generic.uasset" 4220
"../../../Engine/Content/EditorResources/FieldNodes/_Resources/M_FieldRadiusPreview.uasset" 4221
"../../../Engine/Content/EngineResources/GrayLightTextureCube.uasset" 4222
"C:/Arcadia/Unreal/Projects/BonkSouls/Content/BonkSouls/Levels/Lvl_MainMenu_BuiltData.uasset" 4223
"../../../Engine/Content/EngineSky/VolumetricClouds/m_SimpleVolumetricCloud.uasset" 4224
"../../../Engine/Content/EditorResources/FieldNodes/_Resources/MI_FieldRadiusPreview.uasset" 4225
"../../../Engine/Content/Functions/Engine_MaterialFunctions02/Utility/MakeFloat4.uasset" 4226
"../../../Engine/Content/EditorResources/FieldNodes/_Resources/EFieldShapeType.uasset" 4227
"C:/Arcadia/Unreal/Projects/BonkSouls/Content/BonkSouls/Levels/Lvl_BonkSoulsMainLevel.umap" 4228
"../../../Engine/Content/EditorResources/FieldNodes/_Resources/DefaultTextMaterialOpaque.uasset" 4229
"C:/Arcadia/Unreal/Projects/BonkSouls/Content/BonkSouls/Blueprints/UI/Menus/WB_MainMenu.uasset" 4230
"/Game/BonkSouls/Blueprints/UI/Menus/WB_Credits" 4231
"/Engine/Functions/Engine_MaterialFunctions01/Units/Km-to-Cm" 4232
"/Engine/EngineSky/VolumetricClouds/VT_Lightning" 4233
"/Engine/Functions/Engine_MaterialFunctions02/Utility/MakeFloat4" 4234
"/Engine/Functions/Engine_MaterialFunctions02/Utility/BreakOutFloat4Components" 4235
"/Engine/EditorResources/FieldNodes/_Resources/M_FieldRadiusPreview" 4236
"/Engine/EditorResources/FieldNodes/_Resources/EFieldShapeType" 4237
"/Engine/EditorResources/FieldNodes/_Resources/DefaultTextMaterialOpaque" 4238
"/Engine/EngineSky/VolumetricClouds/VT_PerlinWorley_Balanced" 4239
"/Engine/EngineSky/VolumetricClouds/T_Profile_08" 4240
"/Engine/EngineSky/VolumetricClouds/T_CloudPattern" 4241
"/Engine/EngineSky/VolumetricClouds/T_CloudMask" 4242
"/Engine/EngineSky/VolumetricClouds/m_SimpleVolumetricCloud" 4243
"/Game/BonkSouls/Blueprints/BP_BossBlocker" 4244
"/Game/BonkSouls/Blueprints/BP_BonkSoulsGamemode" 4245
"/Engine/EditorResources/FieldNodes/_Resources/MI_FieldRadiusPreview" 4246
"/Engine/EditorResources/FieldNodes/FS_AnchorField_Generic" 4247
"/Game/BonkSouls/Levels/Lvl_MainMenu_BuiltData" 4248
"/Engine/EngineSky/VolumetricClouds/m_SimpleVolumetricCloud_Inst" 4249
"/Engine/EngineResources/GrayLightTextureCube" 4250
"/Game/BonkSouls/Levels/Lvl_BonkSoulsMainLevel" 4251
"../../../../../../Arcadia/Unreal/Projects/BonkSouls/Content/BonkSouls/Levels/Lvl_BonkSoulsMainLevel.umap" 4252
"C:/Arcadia/Unreal/Projects/BonkSouls/Content/BonkSouls/Levels/Lvl_MainMenu.umap" 4253
"../../../Engine/Content/EngineSounds/Submixes/MasterReverbEffectPreset.uasset" 4254
"../../../Engine/Content/EngineSounds/Submixes/MasterEQEffectPreset.uasset" 4255
"C:/Arcadia/Unreal/Projects/BonkSouls/Content/BonkSouls/Blueprints/BP_BonkSoulsMenu.uasset" 4256
"../../../Engine/Content/MobileResources/HUD/VirtualJoystick_Background.uasset" 4257
"C:/Arcadia/Unreal/Projects/BonkSouls/Content/Input/Touch/UI_Thumbstick.uasset" 4258
"C:/Arcadia/Unreal/Projects/BonkSouls/Content/Input/IMC_Default.uasset" 4259
"../../../Engine/Content/EngineSounds/Submixes/MasterSubmixDefault.uasset" 4260
"../../../Engine/Content/MobileResources/HUD/VirtualJoystick_Thumb.uasset" 4261
"C:/Arcadia/Unreal/Projects/BonkSouls/Content/Characters/Mannequins/Anims/Unarmed/Jump/MM_Fall_Loop.uasset" 4262
"C:/Arcadia/Unreal/Projects/BonkSouls/Content/Characters/Mannequins/Anims/Unarmed/Jump/MM_Jump.uasset" 4263
"C:/Arcadia/Unreal/Projects/BonkSouls/Content/Input/Touch/UI_TouchSimple.uasset" 4264
"../../../Engine/Content/EngineSounds/Submixes/MasterReverbSubmixDefault.uasset" 4265
"C:/Arcadia/Unreal/Projects/BonkSouls/Content/ThirdPerson/Blueprints/BP_ThirdPersonPlayerController.uasset" 4266
"C:/Arcadia/Unreal/Projects/BonkSouls/Content/Characters/Mannequins/Anims/Unarmed/Walk/MF_Unarmed_Walk_Fwd.uasset" 4267
"C:/Arcadia/Unreal/Projects/BonkSouls/Content/Characters/Mannequins/Anims/Unarmed/Walk/MF_Unarmed_Walk_Bwd_Left.uasset" 4268
"C:/Arcadia/Unreal/Projects/BonkSouls/Content/Characters/Mannequins/Anims/Unarmed/Jump/MM_Land.uasset" 4269
"../../../Engine/Content/EngineSounds/Submixes/MasterEQSubmixDefault.uasset" 4270
"C:/Arcadia/Unreal/Projects/BonkSouls/Content/Characters/Mannequins/Anims/Unarmed/Jog/MF_Unarmed_Jog_Bwd_Right.uasset" 4271
"C:/Arcadia/Unreal/Projects/BonkSouls/Content/Characters/Mannequins/Anims/Unarmed/Jog/MF_Unarmed_Jog_Fwd_Right.uasset" 4272
"C:/Arcadia/Unreal/Projects/BonkSouls/Content/Characters/Mannequins/Anims/Unarmed/Walk/MF_Unarmed_Walk_Fwd_Right.uasset" 4273
"C:/Arcadia/Unreal/Projects/BonkSouls/Content/Characters/Mannequins/Anims/Unarmed/Walk/MF_Unarmed_Walk_Bwd.uasset" 4274
"C:/Arcadia/Unreal/Projects/BonkSouls/Content/Characters/Mannequins/Anims/Unarmed/Walk/MF_Unarmed_Walk_Bwd_Right.uasset" 4275
"C:/Arcadia/Unreal/Projects/BonkSouls/Content/Characters/Mannequins/Anims/Unarmed/Walk/MF_Unarmed_Walk_Fwd_Left.uasset" 4276
"C:/Arcadia/Unreal/Projects/BonkSouls/Content/Characters/Mannequins/Anims/Unarmed/Jog/MF_Unarmed_Jog_Fwd.uasset" 4277
"C:/Arcadia/Unreal/Projects/BonkSouls/Content/Characters/Mannequins/Anims/Unarmed/Jog/MF_Unarmed_Jog_Fwd_Left.uasset" 4278
"C:/Arcadia/Unreal/Projects/BonkSouls/Content/Characters/Mannequins/Anims/Unarmed/Walk/MF_Unarmed_Walk_Right.uasset" 4279
"C:/Arcadia/Unreal/Projects/BonkSouls/Content/Characters/Mannequins/Anims/Unarmed/Jog/MF_Unarmed_Jog_Left.uasset" 4280
"C:/Arcadia/Unreal/Projects/BonkSouls/Content/Characters/Mannequins/Anims/Unarmed/Jog/MF_Unarmed_Jog_Right.uasset" 4281
"C:/Arcadia/Unreal/Projects/BonkSouls/Content/Characters/Mannequins/Anims/Unarmed/Walk/MF_Unarmed_Walk_Left.uasset" 4282
"C:/Arcadia/Unreal/Projects/BonkSouls/Content/Characters/Mannequins/Anims/Unarmed/Jog/MF_Unarmed_Jog_Bwd_Left.uasset" 4283
"C:/Arcadia/Unreal/Projects/BonkSouls/Content/Characters/Mannequins/Anims/Unarmed/Jog/MF_Unarmed_Jog_Bwd.uasset" 4284
"/Game/Characters/Mannequins/Anims/Unarmed/Jog/MF_Unarmed_Jog_Bwd_Right" 4285
"../../../../../../Arcadia/Unreal/Projects/BonkSouls/Content/Characters/Mannequins/Meshes/SK_Mannequin.uasset" 4286
"/Game/Characters/Mannequins/Anims/Unarmed/Jog/MF_Unarmed_Jog_Fwd" 4287
"../../../Engine/Content/Animation/DefaultAnimBoneCompressionSettings.uasset" 4288
"../../../Engine/Content/Animation/DefaultAnimCurveCompressionSettings.uasset" 4289
"/Game/Characters/Mannequins/Anims/Unarmed/Jog/MF_Unarmed_Jog_Fwd_Left" 4290
"/Game/Characters/Mannequins/Anims/Unarmed/Jog/MF_Unarmed_Jog_Fwd_Right" 4291
"/Game/Characters/Mannequins/Anims/Unarmed/Jog/MF_Unarmed_Jog_Left" 4292
"/Game/Characters/Mannequins/Anims/Unarmed/Jog/MF_Unarmed_Jog_Right" 4293
"/Game/Characters/Mannequins/Anims/Unarmed/Walk/MF_Unarmed_Walk_Bwd" 4294
"/Game/Characters/Mannequins/Anims/Unarmed/Walk/MF_Unarmed_Walk_Bwd_Left" 4295
"/Game/Characters/Mannequins/Anims/Unarmed/Walk/MF_Unarmed_Walk_Bwd_Right" 4296
"/Game/Characters/Mannequins/Anims/Unarmed/Walk/MF_Unarmed_Walk_Fwd" 4297
"/Game/Characters/Mannequins/Anims/Unarmed/Walk/MF_Unarmed_Walk_Fwd_Left" 4298
"/Game/Characters/Mannequins/Anims/Unarmed/Walk/MF_Unarmed_Walk_Fwd_Right" 4299
"/Game/Characters/Mannequins/Anims/Unarmed/Walk/MF_Unarmed_Walk_Left" 4300
"/Game/Characters/Mannequins/Anims/Unarmed/Walk/MF_Unarmed_Walk_Right" 4301
"/Game/Characters/Mannequins/Anims/Unarmed/Jump/MM_Fall_Loop" 4302
"/Game/Characters/Mannequins/Anims/Unarmed/Jump/MM_Jump" 4303
"/Game/Characters/Mannequins/Anims/Unarmed/Jump/MM_Land" 4304
"/Game/ThirdPerson/Blueprints/BP_ThirdPersonPlayerController" 4305
"../../../../../../Arcadia/Unreal/Projects/BonkSouls/Content/Input/Actions/IA_Jump.uasset" 4306
"../../../../../../Arcadia/Unreal/Projects/BonkSouls/Content/Input/Actions/IA_Look.uasset" 4307
"../../../../../../Arcadia/Unreal/Projects/BonkSouls/Content/Input/Actions/IA_Move.uasset" 4308
"../../../../../../Arcadia/Unreal/Projects/BonkSouls/Content/Input/Touch/BPI_TouchInterface.uasset" 4309
"/Engine/EngineSounds/Submixes/MasterReverbSubmixDefault" 4310
"/Game/BonkSouls/Levels/Lvl_MainMenu" 4311
"../../../../../../Arcadia/Unreal/Projects/BonkSouls/Content/BonkSouls/Levels/Lvl_MainMenu.umap" 4312
"C:/Arcadia/Unreal/Projects/BonkSouls/Content/Characters/Mannequins/Anims/Unarmed/MM_Idle.uasset" 4313
"C:/Arcadia/Unreal/Projects/BonkSouls/Content/Characters/Mannequins/Anims/Unarmed/ABP_Unarmed.uasset" 4314
"C:/Arcadia/Unreal/Projects/BonkSouls/Content/Characters/Mannequins/Anims/Unarmed/BS_Idle_Walk_Run.uasset" 4315
"C:/Arcadia/Unreal/Projects/BonkSouls/Content/Characters/Mannequins/Rigs/CR_Mannequin_FootIK.uasset" 4316
"C:/Arcadia/Unreal/Projects/BonkSouls/Content/Characters/Mannequins/Textures/Quinn/T_Quinn_02_N.uasset" 4317
"C:/Arcadia/Unreal/Projects/BonkSouls/Content/Characters/Mannequins/Materials/M_Mannequin.uasset" 4318
"C:/Arcadia/Unreal/Projects/BonkSouls/Content/Characters/Mannequins/Textures/Quinn/T_Quinn_01_D.uasset" 4319
"C:/Arcadia/Unreal/Projects/BonkSouls/Content/Characters/Mannequins/Textures/Manny/T_Manny_01_D.uasset" 4320
"C:/Arcadia/Unreal/Projects/BonkSouls/Content/Characters/Mannequins/Materials/Quinn/MI_Quinn_02.uasset" 4321
"C:/Arcadia/Unreal/Projects/BonkSouls/Content/Characters/Mannequins/Materials/Quinn/MI_Quinn_01.uasset" 4322
"C:/Arcadia/Unreal/Projects/BonkSouls/Content/Characters/Mannequins/Textures/Quinn/T_Quinn_01_MRA.uasset" 4323
"C:/Arcadia/Unreal/Projects/BonkSouls/Content/Characters/Mannequins/Textures/Manny/T_Manny_01_BN.uasset" 4324
"C:/Arcadia/Unreal/Projects/BonkSouls/Content/ThirdPerson/Blueprints/BP_ThirdPersonCharacter.uasset" 4325
"C:/Arcadia/Unreal/Projects/BonkSouls/Content/Characters/Mannequins/Textures/Quinn/T_Quinn_02_MRA.uasset" 4326
"C:/Arcadia/Unreal/Projects/BonkSouls/Content/Characters/Mannequins/Textures/Quinn/T_Quinn_02_D.uasset" 4327
"../../../Engine/Plugins/Interchange/Assets/Content/gltf/MaterialFunctions/MF_MetallicRoughness.uasset" 4328
"C:/Arcadia/Unreal/Projects/BonkSouls/Content/ThirdPerson/Blueprints/BP_ThirdPersonGameMode.uasset" 4329
"C:/Arcadia/Unreal/Projects/BonkSouls/Content/Characters/Mannequins/Rigs/PA_Mannequin.uasset" 4330
"../../../Engine/Plugins/Interchange/Assets/Content/gltf/MaterialFunctions/MF_Specular.uasset" 4331
"../../../Engine/Plugins/Interchange/Assets/Content/gltf/MaterialFunctions/MF_RotateV2.uasset" 4332
"C:/Arcadia/Unreal/Projects/BonkSouls/Content/Characters/Mannequins/Meshes/SKM_Quinn_Simple.uasset" 4333
"../../../Engine/Plugins/Interchange/Assets/Content/gltf/MaterialFunctions/MF_TransformUVs.uasset" 4334
"../../../Engine/Plugins/Interchange/Assets/Content/gltf/MaterialFunctions/MF_ScaleNormal.uasset" 4335
"../../../Engine/Plugins/Interchange/Assets/Content/gltf/MaterialFunctions/MF_Occlusion.uasset" 4336
"../../../Engine/Plugins/Interchange/Assets/Content/gltf/Textures/T_Anisotropy_Direction_Linear.uasset" 4337
"C:/Arcadia/Unreal/Projects/BonkSouls/Content/Characters/Mannequins/Textures/Manny/T_Manny_01_MRA.uasset" 4338
"C:/Arcadia/Unreal/Projects/BonkSouls/Content/Characters/Mannequins/Textures/Quinn/T_Quinn_01_N.uasset" 4339
"C:/Arcadia/Unreal/Projects/BonkSouls/Content/Characters/Mannequins/Textures/Shared/T_UE_Logo_M.uasset" 4340
"../../../Engine/Plugins/Interchange/Assets/Content/gltf/MaterialFunctions/MF_Normals.uasset" 4341
"/Game/Characters/Mannequins/Anims/Unarmed/Jog/MF_Unarmed_Jog_Bwd" 4342
"../../../Engine/Plugins/Interchange/Assets/Content/gltf/MaterialFunctions/MF_SpecularAnisotropy.uasset" 4343
"/Game/Characters/Mannequins/Anims/Unarmed/Jog/MF_Unarmed_Jog_Bwd_Left" 4344
"/InterchangeAssets/gltf/MaterialFunctions/MF_MetallicRoughness" 4345
"../../../Engine/Plugins/Interchange/Assets/Content/Functions/MF_IridescenceNoLUT.uasset" 4346
"../../../Engine/Plugins/Interchange/Assets/Content/gltf/MaterialFunctions/MF_Iridescence.uasset" 4347
"../../Plugins/Interchange/Assets/Content/gltf/Textures/T_White_Linear.uasset" 4348
"/InterchangeAssets/gltf/MaterialFunctions/MF_Normals" 4349
"../../Plugins/Interchange/Assets/Content/gltf/MaterialFunctions/MF_RotateNormals_TS.uasset" 4350
"../../Plugins/Interchange/Assets/Content/gltf/Textures/T_Generic_N.uasset" 4351
"/InterchangeAssets/gltf/MaterialFunctions/MF_Occlusion" 4352
"/InterchangeAssets/gltf/MaterialFunctions/MF_Specular" 4353
"../../Plugins/Interchange/Assets/Content/gltf/Textures/T_White_srgb.uasset" 4354
"/InterchangeAssets/gltf/MaterialFunctions/MF_SpecularAnisotropy" 4355
"/InterchangeAssets/gltf/MaterialFunctions/MF_TransformUVs" 4356
"/Game/ThirdPerson/Blueprints/BP_ThirdPersonGameMode" 4357
"../../../Engine/Plugins/Interchange/Assets/Content/gltf/MaterialFunctions/MF_IOR.uasset" 4358
"../../../Engine/Plugins/Interchange/Assets/Content/gltf/MaterialFunctions/MF_Clearcoat.uasset" 4359
"../../../Engine/Plugins/Interchange/Assets/Content/gltf/MaterialFunctions/MF_BaseColor.uasset" 4360
"../../../Engine/Plugins/Interchange/Assets/Content/gltf/MaterialFunctions/MF_Emissive.uasset" 4361
"../../../Engine/Plugins/Interchange/Assets/Content/gltf/MaterialBodies/MF_ClearCoat_Body.uasset" 4362
"/InterchangeAssets/gltf/MaterialFunctions/MF_Iridescence" 4363
"../../../Engine/Content/Functions/Engine_MaterialFunctions01/Texturing/FlattenNormal.uasset" 4364
"../../../Engine/Plugins/Interchange/Assets/Content/gltf/MaterialInstances/MI_ClearCoat_Opaque.uasset" 4365
"../../../Engine/Content/Functions/Engine_MaterialFunctions03/Math/RemapValueRange.uasset" 4366
"../../../Engine/Plugins/Interchange/Assets/Content/Functions/MF_Iridescence.uasset" 4367
"../../../Engine/Plugins/Interchange/Assets/Content/Utilities/New_LUT.uasset" 4368
"../../../Engine/Plugins/Interchange/Assets/Content/gltf/M_ClearCoat.uasset" 4369
"../../../Engine/Plugins/Interchange/Assets/Content/gltf/MaterialInstances/MI_Default_Blend.uasset" 4370
"../../../Engine/Plugins/Interchange/Assets/Content/gltf/MaterialInstances/MI_Default_Mask.uasset" 4371
"../../../Engine/Plugins/Interchange/Assets/Content/gltf/MaterialInstances/MI_ClearCoat_Blend.uasset" 4372
"../../../Engine/Plugins/Interchange/Assets/Content/gltf/MaterialInstances/MI_ClearCoat_Opaque_DS.uasset" 4373
"../../../Engine/Plugins/Interchange/Assets/Content/gltf/MaterialInstances/MI_ClearCoat_Mask.uasset" 4374
"../../../Engine/Plugins/Interchange/Assets/Content/gltf/MaterialInstances/MI_ClearCoat_Mask_DS.uasset" 4375
"../../../Engine/Plugins/Interchange/Assets/Content/gltf/MaterialInstances/MI_Default_Opaque.uasset" 4376
"../../../Engine/Plugins/Interchange/Assets/Content/gltf/MaterialInstances/MI_ClearCoat_Blend_DS.uasset" 4377
"../../../Engine/Plugins/Interchange/Assets/Content/gltf/M_Default.uasset" 4378
"../../../Engine/Plugins/Interchange/Assets/Content/gltf/MaterialBodies/MF_Default_Body.uasset" 4379
"/InterchangeAssets/gltf/MaterialInstances/MI_Default_Blend" 4380
"/Engine/EditorResources/EmptyActor" 4381
"../../../Engine/Content/EditorResources/EmptyActor.uasset" 4382
"/Engine/EngineMaterials/LineSetComponentMaterial" 4383
"../../../Engine/Content/EngineMaterials/LineSetComponentMaterial.uasset" 4384
"../../../Engine/Content/Functions/Engine_MaterialFunctions02/Math/ProjectVectorOntoPlane.uasset" 4385
"/Game/BonkSouls/Blueprints/UI/Menus/BP_MainMenuHUD" 4386
"/Game/BonkSouls/Blueprints/UI/Menus/WB_MainMenu" 4387
"/Game/BonkSouls/Blueprints/Weapons/BP_BSBonkHammer" 4388
"/Game/BonkSouls/Blueprints/Weapons/BP_BSBroadsword" 4389
"/InterchangeAssets/gltf/MaterialInstances/MI_Default_Mask" 4390
"/InterchangeAssets/gltf/MaterialInstances/MI_Default_Opaque" 4391
"/InterchangeAssets/gltf/MaterialInstances/MI_ClearCoat_Blend_DS" 4392
"/InterchangeAssets/gltf/MaterialInstances/MI_ClearCoat_Mask_DS" 4393
"/InterchangeAssets/gltf/MaterialInstances/MI_ClearCoat_Opaque_DS" 4394
"/InterchangeAssets/gltf/MaterialInstances/MI_ClearCoat_Blend" 4395
"/InterchangeAssets/gltf/MaterialInstances/MI_ClearCoat_Mask" 4396
"/InterchangeAssets/gltf/MaterialInstances/MI_ClearCoat_Opaque" 4397
"../../../Engine/Plugins/Interchange/Assets/Content/gltf/MaterialFunctions/MF_Sheen.uasset" 4398
"../../../Engine/Plugins/Interchange/Assets/Content/gltf/MaterialInstances/MI_Default_Blend_DS.uasset" 4399
"../../../Engine/Plugins/Interchange/Assets/Content/gltf/MaterialBodies/MF_Sheen_Body.uasset" 4400
"../../../Engine/Plugins/Interchange/Assets/Content/gltf/MaterialInstances/MI_Default_Mask_DS.uasset" 4401
"../../../Engine/Plugins/Interchange/Assets/Content/gltf/MaterialInstances/MI_Sheen_Opaque.uasset" 4402
"../../../Engine/Plugins/Interchange/Assets/Content/gltf/MaterialInstances/MI_Sheen_Blend.uasset" 4403
"../../../Engine/Plugins/Interchange/Assets/Content/gltf/M_Sheen.uasset" 4404
"../../../Engine/Plugins/Interchange/Assets/Content/gltf/MaterialBodies/MF_Transmission_Body.uasset" 4405
"../../../Engine/Plugins/Interchange/Assets/Content/gltf/MaterialInstances/MI_Sheen_Blend_DS.uasset" 4406
"../../../Engine/Plugins/Interchange/Assets/Content/gltf/MaterialFunctions/MF_Fresnel_DS.uasset" 4407
"../../../Engine/Plugins/Interchange/Assets/Content/gltf/M_SpecularGlossiness.uasset" 4408
"../../../Engine/Content/Functions/Engine_MaterialFunctions02/Math/AddComponents.uasset" 4409
"../../../Engine/Plugins/Interchange/Assets/Content/gltf/MaterialInstances/MI_Sheen_Opaque_DS.uasset" 4410
"../../../Engine/Plugins/Interchange/Assets/Content/gltf/MaterialFunctions/MF_Temporal_Blur.uasset" 4411
"../../../Engine/Plugins/Interchange/Assets/Content/gltf/MaterialInstances/MI_Default_Opaque_DS.uasset" 4412
"../../../Engine/Plugins/Interchange/Assets/Content/gltf/MaterialInstances/MI_Transmission.uasset" 4413
"../../../Engine/Plugins/Interchange/Assets/Content/gltf/MaterialBodies/MF_SpecularGlossiness_Body.uasset" 4414
"../../../Engine/Plugins/Interchange/Assets/Content/gltf/MaterialInstances/MI_SpecularGlossiness_Mask_DS.uasset" 4415
"../../../Engine/Plugins/Interchange/Assets/Content/gltf/MaterialInstances/MI_SpecularGlossiness_Blend.uasset" 4416
"../../../Engine/Plugins/Interchange/Assets/Content/gltf/MaterialInstances/MI_Sheen_Mask_DS.uasset" 4417
"../../../Engine/Plugins/Interchange/Assets/Content/gltf/MaterialFunctions/MF_PerceivedBrightness.uasset" 4418
"../../../Engine/Plugins/Interchange/Assets/Content/gltf/MaterialFunctions/MF_DiffuseSpecGloss.uasset" 4419
"../../../Engine/Plugins/Interchange/Assets/Content/gltf/MaterialInstances/MI_SpecularGlossiness_Mask.uasset" 4420
"../../../Engine/Plugins/Interchange/Assets/Content/gltf/MaterialInstances/MI_SpecularGlossiness_Blend_DS.uasset" 4421
"../../../Engine/Plugins/Interchange/Assets/Content/gltf/M_Transmission.uasset" 4422
"../../../Engine/Plugins/Interchange/Assets/Content/gltf/MaterialInstances/MI_SpecularGlossiness_Opaque.uasset" 4423
"../../../Engine/Plugins/Interchange/Assets/Content/gltf/MaterialInstances/MI_Sheen_Mask.uasset" 4424
"../../../Engine/Plugins/Interchange/Assets/Content/gltf/MaterialFunctions/MF_MaxComponentValue.uasset" 4425
"/InterchangeAssets/gltf/MaterialBodies/MF_Sheen_Body" 4426
"../../../Engine/Plugins/Interchange/Assets/Content/gltf/MaterialInstances/MI_SpecularGlossiness_Opaque_DS.uasset" 4427
"../../../Engine/Plugins/Interchange/Assets/Content/gltf/MaterialInstances/MI_Transmission_DS.uasset" 4428
"../../../Engine/Plugins/Interchange/Assets/Content/gltf/MaterialFunctions/MF_SpecGlossToMetalRoughness.uasset" 4429
"../../../Engine/Plugins/Interchange/Assets/Content/gltf/MaterialFunctions/MF_Transmission.uasset" 4430
"/InterchangeAssets/gltf/MaterialInstances/MI_Default_Blend_DS" 4431
"/InterchangeAssets/gltf/MaterialInstances/MI_Default_Mask_DS" 4432
"../../../Engine/Plugins/Interchange/Assets/Shaders/ThinFilmFunctions.usf" 4433
"../../../Engine/Plugins/Interchange/Assets/Content/gltf/M_Unlit.uasset" 4434
"../../../Engine/Plugins/Interchange/Assets/Content/gltf/MaterialBodies/MF_Unlit_Body.uasset" 4435
"../../../Engine/Plugins/Interchange/Assets/Content/gltf/MaterialInstances/MI_Unlit_Opaque.uasset" 4436
"../../../Engine/Plugins/Interchange/Assets/Content/gltf/MaterialInstances/MI_Unlit_Mask.uasset" 4437
"/InterchangeAssets/gltf/MaterialInstances/MI_SpecularGlossiness_Blend_DS" 4438
"/InterchangeAssets/gltf/MaterialInstances/MI_SpecularGlossiness_Mask_DS" 4439
"/InterchangeAssets/gltf/MaterialInstances/MI_SpecularGlossiness_Opaque_DS" 4440
"/InterchangeAssets/gltf/MaterialInstances/MI_SpecularGlossiness_Blend" 4441
"/InterchangeAssets/gltf/MaterialInstances/MI_SpecularGlossiness_Mask" 4442
"/InterchangeAssets/gltf/MaterialInstances/MI_Transmission_DS" 4443
"/InterchangeAssets/gltf/MaterialInstances/MI_Transmission" 4444
"/InterchangeAssets/gltf/MaterialInstances/MI_Sheen_Blend_DS" 4445
"/InterchangeAssets/gltf/MaterialInstances/MI_Sheen_Mask_DS" 4446
"/InterchangeAssets/gltf/MaterialInstances/MI_Sheen_Opaque_DS" 4447
"/InterchangeAssets/gltf/MaterialInstances/MI_Sheen_Blend" 4448
"/InterchangeAssets/gltf/MaterialInstances/MI_Sheen_Mask" 4449
"/InterchangeAssets/gltf/MaterialInstances/MI_Sheen_Opaque" 4450
"/InterchangeAssets/gltf/MaterialInstances/MI_SpecularGlossiness_Opaque" 4451
"/InterchangeAssets/gltf/MaterialInstances/MI_Default_Opaque_DS" 4452
"../../../Engine/Plugins/Interchange/Assets/Content/gltf/MaterialInstances/MI_Unlit_Mask_DS.uasset" 4453
"../../../Engine/Plugins/Interchange/Assets/Content/gltf/MaterialInstances/MI_Unlit_Opaque_DS.uasset" 4454
"../../../Engine/Plugins/Interchange/Assets/Content/gltf/MaterialInstances/MI_Unlit_Blend_DS.uasset" 4455
"../../../Engine/Plugins/Interchange/Assets/Content/gltf/MaterialInstances/MI_Unlit_Blend.uasset" 4456
"../../../Engine/Content/Functions/Engine_MaterialFunctions01/Volumetrics/BeersLaw.uasset" 4457
"../../../Engine/Plugins/Interchange/Assets/Content/Functions/MX_StandardSurface.uasset" 4458
"../../../Engine/Plugins/Interchange/Assets/Content/Functions/MX_TransmissionSurface.uasset" 4459
"../../../Engine/Content/Functions/Substrate/MF_SchlickInternal.uasset" 4460
"../../../Engine/Plugins/Interchange/Assets/Content/Functions/MX_OpenPBR_Translucent.uasset" 4461
"../../../Engine/Plugins/Interchange/Assets/Content/Functions/MF_OrenNayerView.uasset" 4462
"../../../Engine/Plugins/Interchange/Assets/Content/Functions/MX_Transmission.uasset" 4463
"/InterchangeAssets/gltf/MaterialInstances/MI_Unlit_Mask" 4464
"/InterchangeAssets/gltf/MaterialInstances/MI_Unlit_Opaque" 4465
"/InterchangeAssets/Functions/MX_OpenPBR_Translucent" 4466
"/InterchangeAssets/gltf/MaterialInstances/MI_Unlit_Blend_DS" 4467
"/InterchangeAssets/gltf/MaterialInstances/MI_Unlit_Mask_DS" 4468
"/InterchangeAssets/gltf/MaterialInstances/MI_Unlit_Opaque_DS" 4469
"/InterchangeAssets/gltf/MaterialInstances/MI_Unlit_Blend" 4470
"../../../Engine/Plugins/Interchange/Assets/Content/Functions/MX_OpenPBR_Opaque.uasset" 4471
"../../../Engine/Plugins/Animation/ControlRig/Content/Controls/ControlRig_Arrow4_solid.uasset" 4472
"../../../Engine/Plugins/Animation/ControlRig/Content/Controls/ControlRig_Arrow_1mm.uasset" 4473
"../../../Engine/Plugins/Animation/ControlRig/Content/Controls/ControlRig_Arrow2_1mm.uasset" 4474
"../../../Engine/Plugins/Animation/ControlRig/Content/Controls/ControlRig_Sphere_solid.uasset" 4475
"../../../Engine/Plugins/Animation/ControlRig/Content/Controls/ControlRig_Box_1mm.uasset" 4476
"../../../Engine/Plugins/Animation/ControlRig/Content/Controls/ControlRig_Circle_solid.uasset" 4477
"../../../Engine/Plugins/Animation/ControlRig/Content/Controls/ControlRig_Circle_1mm.uasset" 4478
"../../../Engine/Plugins/Animation/ControlRig/Content/Controls/ControlRig_Arrow2_solid.uasset" 4479
"../../../Engine/Plugins/Animation/ControlRig/Content/Controls/ControlRig_Hexagon_1mm.uasset" 4480
"../../../Engine/Plugins/Animation/ControlRig/Content/Controls/ControlRig_Arrow_solid.uasset" 4481
"../../../Engine/Plugins/Animation/ControlRig/Content/Controls/ControlRig_Circle_3mm.uasset" 4482
"../../../Engine/Plugins/Animation/ControlRig/Content/Controls/ControlRig_Diamond_solid.uasset" 4483
"../../../Engine/Plugins/Animation/ControlRig/Content/Controls/ControlRig_Diamond_1mm.uasset" 4484
"../../../Engine/Plugins/Animation/ControlRig/Content/Controls/ControlRig_Hexagon_solid.uasset" 4485
"../../../Engine/Plugins/Animation/ControlRig/Content/Controls/ControlRig_Arrow4_1mm.uasset" 4486
"../../../Engine/Plugins/Animation/ControlRig/Content/Controls/ControlRig_Octagon_1mm.uasset" 4487
"../../../Engine/Plugins/Animation/ControlRig/Content/Controls/ControlRig_Arrow4_3mm.uasset" 4488
"../../../Engine/Plugins/Animation/ControlRig/Content/Controls/ControlRig_Box_solid.uasset" 4489
"/InterchangeAssets/Functions/MX_OpenPBR_Opaque" 4490
"../../../Engine/Plugins/Animation/ControlRig/Content/Controls/ControlRig_Arrow_3mm.uasset" 4491
"../../../Engine/Plugins/Animation/ControlRig/Content/Controls/ControlRig_HalfCircle_3mm.uasset" 4492
"../../../Engine/Plugins/Animation/ControlRig/Content/Controls/ControlRig_Hexagon_3mm.uasset" 4493
"../../../Engine/Plugins/Animation/ControlRig/Content/Controls/ControlRig_Arrow2_3mm.uasset" 4494
"../../../Engine/Plugins/Animation/ControlRig/Content/Controls/ControlRig_Octagon_3mm.uasset" 4495
"../../../Engine/Plugins/Animation/ControlRig/Content/Controls/ControlRig_Box_3mm.uasset" 4496
"../../../Engine/Plugins/Animation/ControlRig/Content/Controls/ControlRig_Diamond_3mm.uasset" 4497
"../../../Engine/Plugins/Animation/ControlRig/Content/Controls/ControlRig_HalfCircle_solid.uasset" 4498
"../../../Engine/Plugins/Animation/ControlRig/Content/Controls/ControlRig_HalfCircle_1mm.uasset" 4499
"/ControlRig/Controls/ControlRig_Octagon_3mm" 4500
"/ControlRig/Controls/ControlRig_Octagon_1mm" 4501
"/ControlRig/Controls/ControlRig_Hexagon_solid" 4502
"/ControlRig/Controls/ControlRig_Hexagon_3mm" 4503
"/ControlRig/Controls/ControlRig_Hexagon_1mm" 4504
"/ControlRig/Controls/ControlRig_HalfCircle_solid" 4505
"/ControlRig/Controls/ControlRig_HalfCircle_3mm" 4506
"/ControlRig/Controls/ControlRig_HalfCircle_1mm" 4507
"/ControlRig/Controls/ControlRig_Diamond_solid" 4508
"/ControlRig/Controls/ControlRig_Diamond_3mm" 4509
"/ControlRig/Controls/ControlRig_Diamond_1mm" 4510
"/ControlRig/Controls/ControlRig_Circle_solid" 4511
"/ControlRig/Controls/ControlRig_Circle_3mm" 4512
"/ControlRig/Controls/ControlRig_Arrow_solid" 4513
"/ControlRig/Controls/ControlRig_Arrow_3mm" 4514
"/ControlRig/Controls/ControlRig_Arrow_1mm" 4515
"/ControlRig/Controls/ControlRig_Arrow4_solid" 4516
"/ControlRig/Controls/ControlRig_Circle_1mm" 4517
"/ControlRig/Controls/ControlRig_Box_solid" 4518
"/ControlRig/Controls/ControlRig_Arrow4_3mm" 4519
"/ControlRig/Controls/ControlRig_Box_3mm" 4520
"/ControlRig/Controls/ControlRig_Arrow4_1mm" 4521
"/ControlRig/Controls/ControlRig_Arrow2_solid" 4522
"/ControlRig/Controls/ControlRig_Arrow2_3mm" 4523
"/ControlRig/Controls/ControlRig_Box_1mm" 4524
"/ControlRig/Controls/ControlRig_Arrow2_1mm" 4525
"/ControlRig/Controls/ControlRig_Sphere_solid" 4526
"../../../Engine/Plugins/Animation/ControlRig/Content/Controls/ControlRig_Octagon_solid.uasset" 4527
"../../../Engine/Plugins/Animation/ControlRig/Content/Controls/ControlRig_QuarterCircle_3mm.uasset" 4528
"../../../Engine/Plugins/Animation/ControlRig/Content/Controls/ControlRig_Pyramid_1mm.uasset" 4529
"../../../Engine/Plugins/Animation/ControlRig/Content/Controls/ControlRig_Pyramid_solid.uasset" 4530
"../../../Engine/Plugins/Animation/ControlRig/Content/Controls/ControlRig_Pyramid_3mm.uasset" 4531
"../../../Engine/Plugins/Animation/ControlRig/Content/Controls/ControlRig_RoundedTriangle_solid.uasset" 4532
"../../../Engine/Plugins/Animation/ControlRig/Content/Controls/ControlRig_RoundedTriangle_1mm.uasset" 4533
"../../../Engine/Plugins/Animation/ControlRig/Content/Controls/ControlRig_QuarterCircle_solid.uasset" 4534
"../../../Engine/Plugins/Animation/ControlRig/Content/Controls/ControlRig_QuarterCircle_1mm.uasset" 4535
"../../../Engine/Plugins/Animation/ControlRig/Content/Controls/ControlRig_RoundedSquare_3mm.uasset" 4536
"../../../Engine/Plugins/Animation/ControlRig/Content/Controls/ControlRig_Sphere_1mm.uasset" 4537
"../../../Engine/Plugins/Animation/ControlRig/Content/Controls/ControlRig_Star4_3mm.uasset" 4538
"../../../Engine/Plugins/Animation/ControlRig/Content/Controls/ControlRig_Square_1mm.uasset" 4539
"../../../Engine/Plugins/Animation/ControlRig/Content/Controls/ControlRig_RoundedSquare_solid.uasset" 4540
"../../../Engine/Plugins/Animation/ControlRig/Content/Controls/ControlRig_RoundedSquare_1mm.uasset" 4541
"../../../Engine/Content/Maps/Entry_BuiltData.uasset" 4542
"../../../Engine/Plugins/Animation/ControlRig/Content/Controls/ControlRig_Triangle_1mm.uasset" 4543
"../../../Engine/Plugins/Animation/ControlRig/Content/Controls/ControlRig_Wedge_1mm.uasset" 4544
"../../../Engine/Plugins/Animation/ControlRig/Content/Controls/ControlRig_Star4_1mm.uasset" 4545
"../../../Engine/Plugins/Animation/ControlRig/Content/Controls/ControlRig_Triangle_solid.uasset" 4546
"../../../Engine/Plugins/Animation/ControlRig/Content/Controls/ControlRig_Square_solid.uasset" 4547
"../../../Engine/Plugins/Animation/ControlRig/Content/Controls/ControlRig_Sphere_3mm.uasset" 4548
"../../../Engine/Plugins/Animation/ControlRig/Content/Controls/ControlRig_Triangle_3mm.uasset" 4549
"../../../Engine/Plugins/Animation/ControlRig/Content/Controls/ControlRig_Wedge_3mm.uasset" 4550
"../../../Engine/Plugins/Animation/ControlRig/Content/Controls/ControlRig_Square_3mm.uasset" 4551
"../../../Engine/Plugins/Animation/ControlRig/Content/Controls/ControlRig_RoundedTriangle_3mm.uasset" 4552
"../../../Engine/Content/Maps/Entry.umap" 4553
"../../../Engine/Plugins/Animation/ControlRig/Content/Controls/ControlRig_Star4_solid.uasset" 4554
"../../../Engine/Plugins/Animation/ControlRig/Content/Controls/ControlRig_Wedge_solid.uasset" 4555
"/Engine/Maps/Entry" 4556
"/ControlRig/Controls/ControlRig_Wedge_solid" 4557
"/ControlRig/Controls/ControlRig_Wedge_3mm" 4558
"/ControlRig/Controls/ControlRig_Wedge_1mm" 4559
"/ControlRig/Controls/ControlRig_Triangle_solid" 4560
"/ControlRig/Controls/ControlRig_Triangle_3mm" 4561
"/ControlRig/Controls/ControlRig_Triangle_1mm" 4562
"/ControlRig/Controls/ControlRig_Star4_solid" 4563
"/ControlRig/Controls/ControlRig_Star4_3mm" 4564
"/ControlRig/Controls/ControlRig_Star4_1mm" 4565
"/ControlRig/Controls/ControlRig_Square_solid" 4566
"/ControlRig/Controls/ControlRig_Square_3mm" 4567
"/ControlRig/Controls/ControlRig_Square_1mm" 4568
"/ControlRig/Controls/ControlRig_Sphere_3mm" 4569
"/ControlRig/Controls/ControlRig_Sphere_1mm" 4570
"/ControlRig/Controls/ControlRig_RoundedTriangle_solid" 4571
"/ControlRig/Controls/ControlRig_RoundedTriangle_3mm" 4572
"/ControlRig/Controls/ControlRig_RoundedTriangle_1mm" 4573
"/ControlRig/Controls/ControlRig_RoundedSquare_solid" 4574
"/ControlRig/Controls/ControlRig_RoundedSquare_3mm" 4575
"/ControlRig/Controls/ControlRig_RoundedSquare_1mm" 4576
"/ControlRig/Controls/ControlRig_QuarterCircle_solid" 4577
"/ControlRig/Controls/ControlRig_QuarterCircle_3mm" 4578
"/ControlRig/Controls/ControlRig_QuarterCircle_1mm" 4579
"/ControlRig/Controls/ControlRig_Pyramid_solid" 4580
"/ControlRig/Controls/ControlRig_Pyramid_3mm" 4581
"/ControlRig/Controls/ControlRig_Pyramid_1mm" 4582
"/ControlRig/Controls/ControlRig_Octagon_solid" 4583
"../../../Engine/Content/EditorMaterials/PreviewShadowIndicator.uasset" 4584
"../../../Engine/Content/EditorMaterials/PreviewShadowIndicatorMaterial.uasset" 4585
"../../../Engine/Content/EngineMaterials/Substrate/GLints/dict_16_192_64_0p5_0p02_0063_0014.uasset" 4586
"../../../Engine/Content/EngineMaterials/Substrate/GLints/dict_16_192_64_0p5_0p02_0063_0015.uasset" 4587
"../../../Engine/Content/EngineMaterials/Substrate/GLints/dict_16_192_64_0p5_0p02_0063_0009.uasset" 4588
"../../../Engine/Content/EngineMaterials/Substrate/GLints/dict_16_192_64_0p5_0p02_0063_0011.uasset" 4589
"../../../Engine/Content/EngineMaterials/Substrate/GLints/dict_16_192_64_0p5_0p02_0063_0010.uasset" 4590
"../../../Engine/Content/EngineMaterials/Substrate/GLints/dict_16_192_64_0p5_0p02_0063_0013.uasset" 4591
"../../../Engine/Content/EngineMaterials/Substrate/GLints/dict_16_192_64_0p5_0p02_0063_0008.uasset" 4592
"../../../Engine/Content/EngineMaterials/Substrate/GLints/dict_16_192_64_0p5_0p02_0062_0015.uasset" 4593
"../../../Engine/Content/EngineMaterials/Substrate/GLints/dict_16_192_64_0p5_0p02_0062_0010.uasset" 4594
"../../../Engine/Content/EngineMaterials/Substrate/GLints/dict_16_192_64_0p5_0p02_0062_0011.uasset" 4595
"../../../Engine/Content/EngineMaterials/Substrate/GLints/dict_16_192_64_0p5_0p02_0062_0003.uasset" 4596
"../../../Engine/Content/EngineMaterials/Substrate/GLints/dict_16_192_64_0p5_0p02_0063_0001.uasset" 4597
"../../../Engine/Content/EngineMaterials/Substrate/GLints/dict_16_192_64_0p5_0p02_0063_0005.uasset" 4598
"../../../Engine/Content/EngineMaterials/Substrate/GLints/dict_16_192_64_0p5_0p02_0062_0013.uasset" 4599
"../../../Engine/Content/EngineMaterials/Substrate/GLints/dict_16_192_64_0p5_0p02_0063_0006.uasset" 4600
"../../../Engine/Content/EngineMaterials/Substrate/GLints/dict_16_192_64_0p5_0p02_0062_0005.uasset" 4601
"../../../Engine/Content/EngineMaterials/Substrate/GLints/dict_16_192_64_0p5_0p02_0062_0006.uasset" 4602
"../../../Engine/Content/EngineMaterials/Substrate/GLints/dict_16_192_64_0p5_0p02_0062_0002.uasset" 4603
"../../../Engine/Content/EngineMaterials/Substrate/GLints/dict_16_192_64_0p5_0p02_0062_0012.uasset" 4604
"../../../Engine/Content/EngineMaterials/Substrate/GLints/dict_16_192_64_0p5_0p02_0062_0004.uasset" 4605
"../../../Engine/Content/EngineMaterials/Substrate/GLints/dict_16_192_64_0p5_0p02_0063_0004.uasset" 4606
"../../../Engine/Content/EngineMaterials/Substrate/GLints/dict_16_192_64_0p5_0p02_0062_0014.uasset" 4607
"../../../Engine/Content/EngineMaterials/Substrate/GLints/dict_16_192_64_0p5_0p02_0062_0008.uasset" 4608
"../../../Engine/Content/EngineMaterials/Substrate/GLints/dict_16_192_64_0p5_0p02_0063_0007.uasset" 4609
"../../../Engine/Content/EngineMaterials/Substrate/GLints/dict_16_192_64_0p5_0p02_0063_0012.uasset" 4610
"../../../Engine/Content/EngineMaterials/Substrate/GLints/dict_16_192_64_0p5_0p02_0063_0003.uasset" 4611
"../../../Engine/Content/EngineMaterials/Substrate/GLints/dict_16_192_64_0p5_0p02_0063_0000.uasset" 4612
"../../../Engine/Content/EngineMaterials/Substrate/GLints/dict_16_192_64_0p5_0p02_0062_0007.uasset" 4613
"../../../Engine/Content/EngineMaterials/Substrate/GLints/dict_16_192_64_0p5_0p02_0062_0009.uasset" 4614
"../../../Engine/Content/EngineMaterials/Substrate/GLints/dict_16_192_64_0p5_0p02_0063_0002.uasset" 4615
"/Engine/EngineMaterials/Substrate/GLints/dict_16_192_64_0p5_0p02_0063_0014" 4616
"/Engine/EngineMaterials/Substrate/GLints/dict_16_192_64_0p5_0p02_0063_0015" 4617
"/Engine/EditorMaterials/PreviewShadowIndicatorMaterial" 4618
"../../../Engine/Content/EngineMaterials/Substrate/GLints/dict_16_192_64_0p5_0p02_0062_0000.uasset" 4619
"../../../Engine/Content/EngineMaterials/Substrate/GLints/dict_16_192_64_0p5_0p02_0061_0015.uasset" 4620
"../../../Engine/Content/EngineMaterials/Substrate/GLints/dict_16_192_64_0p5_0p02_0062_0001.uasset" 4621
"../../../Engine/Content/EngineMaterials/Substrate/GLints/dict_16_192_64_0p5_0p02_0061_0014.uasset" 4622
"/Engine/EngineMaterials/Substrate/GLints/dict_16_192_64_0p5_0p02_0062_0002" 4623
"/Engine/EngineMaterials/Substrate/GLints/dict_16_192_64_0p5_0p02_0062_0003" 4624
"/Engine/EngineMaterials/Substrate/GLints/dict_16_192_64_0p5_0p02_0062_0004" 4625
"/Engine/EngineMaterials/Substrate/GLints/dict_16_192_64_0p5_0p02_0062_0005" 4626
"/Engine/EngineMaterials/Substrate/GLints/dict_16_192_64_0p5_0p02_0062_0006" 4627
"/Engine/EngineMaterials/Substrate/GLints/dict_16_192_64_0p5_0p02_0062_0007" 4628
"/Engine/EngineMaterials/Substrate/GLints/dict_16_192_64_0p5_0p02_0062_0008" 4629
"/Engine/EngineMaterials/Substrate/GLints/dict_16_192_64_0p5_0p02_0062_0009" 4630
"/Engine/EngineMaterials/Substrate/GLints/dict_16_192_64_0p5_0p02_0062_0010" 4631
"/Engine/EngineMaterials/Substrate/GLints/dict_16_192_64_0p5_0p02_0062_0011" 4632
"/Engine/EngineMaterials/Substrate/GLints/dict_16_192_64_0p5_0p02_0062_0012" 4633
"/Engine/EngineMaterials/Substrate/GLints/dict_16_192_64_0p5_0p02_0062_0013" 4634
"/Engine/EngineMaterials/Substrate/GLints/dict_16_192_64_0p5_0p02_0062_0014" 4635
"/Engine/EngineMaterials/Substrate/GLints/dict_16_192_64_0p5_0p02_0062_0015" 4636
"/Engine/EngineMaterials/Substrate/GLints/dict_16_192_64_0p5_0p02_0063_0000" 4637
"/Engine/EngineMaterials/Substrate/GLints/dict_16_192_64_0p5_0p02_0063_0001" 4638
"/Engine/EngineMaterials/Substrate/GLints/dict_16_192_64_0p5_0p02_0063_0002" 4639
"/Engine/EngineMaterials/Substrate/GLints/dict_16_192_64_0p5_0p02_0063_0003" 4640
"/Engine/EngineMaterials/Substrate/GLints/dict_16_192_64_0p5_0p02_0063_0004" 4641
"/Engine/EngineMaterials/Substrate/GLints/dict_16_192_64_0p5_0p02_0063_0005" 4642
"/Engine/EngineMaterials/Substrate/GLints/dict_16_192_64_0p5_0p02_0063_0006" 4643
"/Engine/EngineMaterials/Substrate/GLints/dict_16_192_64_0p5_0p02_0063_0007" 4644
"/Engine/EngineMaterials/Substrate/GLints/dict_16_192_64_0p5_0p02_0063_0008" 4645
"/Engine/EngineMaterials/Substrate/GLints/dict_16_192_64_0p5_0p02_0063_0009" 4646
"/Engine/EngineMaterials/Substrate/GLints/dict_16_192_64_0p5_0p02_0063_0010" 4647
"/Engine/EngineMaterials/Substrate/GLints/dict_16_192_64_0p5_0p02_0063_0011" 4648
"/Engine/EngineMaterials/Substrate/GLints/dict_16_192_64_0p5_0p02_0063_0012" 4649
"/Engine/EngineMaterials/Substrate/GLints/dict_16_192_64_0p5_0p02_0063_0013" 4650
"../../../Engine/Content/EngineMaterials/Substrate/GLints/dict_16_192_64_0p5_0p02_0061_0011.uasset" 4651
"../../../Engine/Content/EngineMaterials/Substrate/GLints/dict_16_192_64_0p5_0p02_0061_0006.uasset" 4652
"../../../Engine/Content/EngineMaterials/Substrate/GLints/dict_16_192_64_0p5_0p02_0061_0013.uasset" 4653
"../../../Engine/Content/EngineMaterials/Substrate/GLints/dict_16_192_64_0p5_0p02_0061_0007.uasset" 4654
"../../../Engine/Content/EngineMaterials/Substrate/GLints/dict_16_192_64_0p5_0p02_0061_0009.uasset" 4655
"../../../Engine/Content/EngineMaterials/Substrate/GLints/dict_16_192_64_0p5_0p02_0061_0000.uasset" 4656
"../../../Engine/Content/EngineMaterials/Substrate/GLints/dict_16_192_64_0p5_0p02_0061_0005.uasset" 4657
"../../../Engine/Content/EngineMaterials/Substrate/GLints/dict_16_192_64_0p5_0p02_0061_0003.uasset" 4658
"../../../Engine/Content/EngineMaterials/Substrate/GLints/dict_16_192_64_0p5_0p02_0060_0015.uasset" 4659
"../../../Engine/Content/EngineMaterials/Substrate/GLints/dict_16_192_64_0p5_0p02_0061_0012.uasset" 4660
"../../../Engine/Content/EngineMaterials/Substrate/GLints/dict_16_192_64_0p5_0p02_0060_0011.uasset" 4661
"../../../Engine/Content/EngineMaterials/Substrate/GLints/dict_16_192_64_0p5_0p02_0060_0009.uasset" 4662
"../../../Engine/Content/EngineMaterials/Substrate/GLints/dict_16_192_64_0p5_0p02_0061_0001.uasset" 4663
"../../../Engine/Content/EngineMaterials/Substrate/GLints/dict_16_192_64_0p5_0p02_0061_0008.uasset" 4664
"../../../Engine/Content/EngineMaterials/Substrate/GLints/dict_16_192_64_0p5_0p02_0060_0007.uasset" 4665
"../../../Engine/Content/EngineMaterials/Substrate/GLints/dict_16_192_64_0p5_0p02_0060_0006.uasset" 4666
"../../../Engine/Content/EngineMaterials/Substrate/GLints/dict_16_192_64_0p5_0p02_0061_0004.uasset" 4667
"../../../Engine/Content/EngineMaterials/Substrate/GLints/dict_16_192_64_0p5_0p02_0061_0002.uasset" 4668
"../../../Engine/Content/EngineMaterials/Substrate/GLints/dict_16_192_64_0p5_0p02_0060_0013.uasset" 4669
"../../../Engine/Content/EngineMaterials/Substrate/GLints/dict_16_192_64_0p5_0p02_0061_0010.uasset" 4670
"../../../Engine/Content/EngineMaterials/Substrate/GLints/dict_16_192_64_0p5_0p02_0060_0005.uasset" 4671
"../../../Engine/Content/EngineMaterials/Substrate/GLints/dict_16_192_64_0p5_0p02_0060_0012.uasset" 4672
"../../../Engine/Content/EngineMaterials/Substrate/GLints/dict_16_192_64_0p5_0p02_0060_0014.uasset" 4673
"../../../Engine/Content/EngineMaterials/Substrate/GLints/dict_16_192_64_0p5_0p02_0060_0010.uasset" 4674
"../../../Engine/Content/EngineMaterials/Substrate/GLints/dict_16_192_64_0p5_0p02_0060_0004.uasset" 4675
"../../../Engine/Content/EngineMaterials/Substrate/GLints/dict_16_192_64_0p5_0p02_0060_0003.uasset" 4676
"../../../Engine/Content/EngineMaterials/Substrate/GLints/dict_16_192_64_0p5_0p02_0060_0002.uasset" 4677
"../../../Engine/Content/EngineMaterials/Substrate/GLints/dict_16_192_64_0p5_0p02_0060_0008.uasset" 4678
"../../../Engine/Plugins/Animation/DeformerGraph/Shaders/Private/DataInterfaceCustomComputeKernel.ush" 4679
"../../../Engine/Plugins/Animation/DeformerGraph/Shaders/Private/DataInterfaceCloth.ush" 4680
"../../../Engine/Plugins/Animation/DeformerGraph/Shaders/Private/DataInterfaceSkinnedMeshRead.ush" 4681
"../../../Engine/Plugins/Animation/DeformerGraph/Shaders/Private/DataInterfaceSkeleton.ush" 4682
"../../../Engine/Plugins/Animation/DeformerGraph/Shaders/Private/DataInterfaceSkeletonCommon.ush" 4683
"../../../Engine/Plugins/Animation/DeformerGraph/Shaders/Private/DataInterfaceMorphTarget.ush" 4684
"../../../Engine/Plugins/Animation/DeformerGraph/Shaders/Private/DataInterfaceSkinnedMeshWrite.ush" 4685
"../../../Engine/Plugins/Animation/DeformerGraph/Shaders/Private/DataInterfaceRawBuffer.ush" 4686
"../../../Engine/Plugins/Runtime/ComputeFramework/Shaders/Private/BufferAlias.ush" 4687
"../../../Engine/Plugins/Animation/DeformerGraph/Shaders/Private/DataInterfaceSkinnedMesh.ush" 4688
"../../../Engine/Plugins/Animation/DeformerGraph/Shaders/Private/DataInterfaceHalfEdge.ush" 4689
"/Engine/EngineMaterials/Substrate/GLints/dict_16_192_64_0p5_0p02_0061_0007" 4690
"/Engine/EngineMaterials/Substrate/GLints/dict_16_192_64_0p5_0p02_0061_0011" 4691
"/Engine/EngineMaterials/Substrate/GLints/dict_16_192_64_0p5_0p02_0061_0013" 4692
"/Engine/EngineMaterials/Substrate/GLints/dict_16_192_64_0p5_0p02_0061_0014" 4693
"/Engine/EngineMaterials/Substrate/GLints/dict_16_192_64_0p5_0p02_0061_0015" 4694
"/Engine/EngineMaterials/Substrate/GLints/dict_16_192_64_0p5_0p02_0062_0000" 4695
"/Engine/EngineMaterials/Substrate/GLints/dict_16_192_64_0p5_0p02_0062_0001" 4696
"../../../Engine/Content/EngineMaterials/Substrate/GLints/dict_16_192_64_0p5_0p02_0060_0000.uasset" 4697
"../../../Engine/Content/EngineMaterials/Substrate/GLints/dict_16_192_64_0p5_0p02_0059_0013.uasset" 4698
"../../../Engine/Content/EngineMaterials/Substrate/GLints/dict_16_192_64_0p5_0p02_0060_0001.uasset" 4699
"../../../Engine/Content/EngineMaterials/Substrate/GLints/dict_16_192_64_0p5_0p02_0059_0012.uasset" 4700
"/Engine/EngineMaterials/Substrate/GLints/dict_16_192_64_0p5_0p02_0060_0002" 4701
"../../../Engine/Content/EngineMaterials/Substrate/GLints/dict_16_192_64_0p5_0p02_0059_0015.uasset" 4702
"../../../Engine/Content/EngineMaterials/Substrate/GLints/dict_16_192_64_0p5_0p02_0059_0014.uasset" 4703
"../../../Engine/Content/EngineMaterials/Substrate/GLints/dict_16_192_64_0p5_0p02_0059_0011.uasset" 4704
"/Engine/EngineMaterials/Substrate/GLints/dict_16_192_64_0p5_0p02_0060_0003" 4705
"/Engine/EngineMaterials/Substrate/GLints/dict_16_192_64_0p5_0p02_0060_0004" 4706
"/Engine/EngineMaterials/Substrate/GLints/dict_16_192_64_0p5_0p02_0060_0005" 4707
"/Engine/EngineMaterials/Substrate/GLints/dict_16_192_64_0p5_0p02_0060_0006" 4708
"/Engine/EngineMaterials/Substrate/GLints/dict_16_192_64_0p5_0p02_0060_0007" 4709
"/Engine/EngineMaterials/Substrate/GLints/dict_16_192_64_0p5_0p02_0060_0008" 4710
"/Engine/EngineMaterials/Substrate/GLints/dict_16_192_64_0p5_0p02_0060_0009" 4711
"/Engine/EngineMaterials/Substrate/GLints/dict_16_192_64_0p5_0p02_0060_0010" 4712
"/Engine/EngineMaterials/Substrate/GLints/dict_16_192_64_0p5_0p02_0060_0011" 4713
"/Engine/EngineMaterials/Substrate/GLints/dict_16_192_64_0p5_0p02_0060_0012" 4714
"/Engine/EngineMaterials/Substrate/GLints/dict_16_192_64_0p5_0p02_0060_0013" 4715
"/Engine/EngineMaterials/Substrate/GLints/dict_16_192_64_0p5_0p02_0060_0014" 4716
"/Engine/EngineMaterials/Substrate/GLints/dict_16_192_64_0p5_0p02_0060_0015" 4717
"/Engine/EngineMaterials/Substrate/GLints/dict_16_192_64_0p5_0p02_0061_0000" 4718
"/Engine/EngineMaterials/Substrate/GLints/dict_16_192_64_0p5_0p02_0061_0001" 4719
"/Engine/EngineMaterials/Substrate/GLints/dict_16_192_64_0p5_0p02_0061_0002" 4720
"/Engine/EngineMaterials/Substrate/GLints/dict_16_192_64_0p5_0p02_0061_0003" 4721
"/Engine/EngineMaterials/Substrate/GLints/dict_16_192_64_0p5_0p02_0061_0004" 4722
"/Engine/EngineMaterials/Substrate/GLints/dict_16_192_64_0p5_0p02_0061_0005" 4723
"/Engine/EngineMaterials/Substrate/GLints/dict_16_192_64_0p5_0p02_0061_0006" 4724
"/Engine/EngineMaterials/Substrate/GLints/dict_16_192_64_0p5_0p02_0061_0008" 4725
"/Engine/EngineMaterials/Substrate/GLints/dict_16_192_64_0p5_0p02_0061_0009" 4726
"/Engine/EngineMaterials/Substrate/GLints/dict_16_192_64_0p5_0p02_0061_0010" 4727
"/Engine/EngineMaterials/Substrate/GLints/dict_16_192_64_0p5_0p02_0061_0012" 4728
"../../../Engine/Content/EngineMaterials/Substrate/GLints/dict_16_192_64_0p5_0p02_0059_0003.uasset" 4729
"../../../Engine/Content/EngineMaterials/Substrate/GLints/dict_16_192_64_0p5_0p02_0059_0008.uasset" 4730
"../../../Engine/Content/EngineMaterials/Substrate/GLints/dict_16_192_64_0p5_0p02_0059_0004.uasset" 4731
"../../../Engine/Content/EngineMaterials/Substrate/GLints/dict_16_192_64_0p5_0p02_0059_0002.uasset" 4732
"../../../Engine/Content/EngineMaterials/Substrate/GLints/dict_16_192_64_0p5_0p02_0059_0010.uasset" 4733
"../../../Engine/Content/EngineMaterials/Substrate/GLints/dict_16_192_64_0p5_0p02_0058_0011.uasset" 4734
"../../../Engine/Content/EngineMaterials/Substrate/GLints/dict_16_192_64_0p5_0p02_0059_0001.uasset" 4735
"../../../Engine/Content/EngineMaterials/Substrate/GLints/dict_16_192_64_0p5_0p02_0058_0008.uasset" 4736
"../../../Engine/Content/EngineMaterials/Substrate/GLints/dict_16_192_64_0p5_0p02_0058_0007.uasset" 4737
"../../../Engine/Content/EngineMaterials/Substrate/GLints/dict_16_192_64_0p5_0p02_0058_0013.uasset" 4738
"../../../Engine/Content/EngineMaterials/Substrate/GLints/dict_16_192_64_0p5_0p02_0059_0009.uasset" 4739
"../../../Engine/Content/EngineMaterials/Substrate/GLints/dict_16_192_64_0p5_0p02_0058_0002.uasset" 4740
"../../../Engine/Content/EngineMaterials/Substrate/GLints/dict_16_192_64_0p5_0p02_0059_0006.uasset" 4741
"../../../Engine/Content/EngineMaterials/Substrate/GLints/dict_16_192_64_0p5_0p02_0058_0003.uasset" 4742
"/Engine/EngineMaterials/Substrate/GLints/dict_16_192_64_0p5_0p02_0059_0011" 4743
"../../../Engine/Content/EngineMaterials/Substrate/GLints/dict_16_192_64_0p5_0p02_0058_0006.uasset" 4744
"../../../Engine/Content/EngineMaterials/Substrate/GLints/dict_16_192_64_0p5_0p02_0058_0010.uasset" 4745
"../../../Engine/Content/EngineMaterials/Substrate/GLints/dict_16_192_64_0p5_0p02_0059_0005.uasset" 4746
"../../../Engine/Content/EngineMaterials/Substrate/GLints/dict_16_192_64_0p5_0p02_0059_0007.uasset" 4747
"../../../Engine/Content/EngineMaterials/Substrate/GLints/dict_16_192_64_0p5_0p02_0058_0005.uasset" 4748
"../../../Engine/Content/EngineMaterials/Substrate/GLints/dict_16_192_64_0p5_0p02_0058_0009.uasset" 4749
"../../../Engine/Content/EngineMaterials/Substrate/GLints/dict_16_192_64_0p5_0p02_0059_0000.uasset" 4750
"../../../Engine/Content/EngineMaterials/Substrate/GLints/dict_16_192_64_0p5_0p02_0058_0012.uasset" 4751
"../../../Engine/Content/EngineMaterials/Substrate/GLints/dict_16_192_64_0p5_0p02_0058_0004.uasset" 4752
"../../../Engine/Content/EngineMaterials/Substrate/GLints/dict_16_192_64_0p5_0p02_0058_0015.uasset" 4753
"../../../Engine/Content/EngineMaterials/Substrate/GLints/dict_16_192_64_0p5_0p02_0058_0014.uasset" 4754
"/Engine/EngineMaterials/Substrate/GLints/dict_16_192_64_0p5_0p02_0059_0012" 4755
"/Engine/EngineMaterials/Substrate/GLints/dict_16_192_64_0p5_0p02_0059_0013" 4756
"/Engine/EngineMaterials/Substrate/GLints/dict_16_192_64_0p5_0p02_0059_0014" 4757
"/Engine/EngineMaterials/Substrate/GLints/dict_16_192_64_0p5_0p02_0059_0015" 4758
"/Engine/EngineMaterials/Substrate/GLints/dict_16_192_64_0p5_0p02_0060_0000" 4759
"/Engine/EngineMaterials/Substrate/GLints/dict_16_192_64_0p5_0p02_0060_0001" 4760
"../../../Engine/Content/EngineMaterials/Substrate/GLints/dict_16_192_64_0p5_0p02_0058_0001.uasset" 4761
"../../../Engine/Content/EngineMaterials/Substrate/GLints/dict_16_192_64_0p5_0p02_0058_0000.uasset" 4762
"../../../Engine/Content/EngineMaterials/Substrate/GLints/dict_16_192_64_0p5_0p02_0057_0015.uasset" 4763
"../../../Engine/Content/EngineMaterials/Substrate/GLints/dict_16_192_64_0p5_0p02_0057_0014.uasset" 4764
"../../../Engine/Content/EngineMaterials/Substrate/GLints/dict_16_192_64_0p5_0p02_0057_0013.uasset" 4765
"/Engine/EngineMaterials/Substrate/GLints/dict_16_192_64_0p5_0p02_0058_0002" 4766
"../../../Engine/Content/EngineMaterials/Substrate/GLints/dict_16_192_64_0p5_0p02_0057_0012.uasset" 4767
"../../../Engine/Content/EngineMaterials/Substrate/GLints/dict_16_192_64_0p5_0p02_0057_0011.uasset" 4768
"/Engine/EngineMaterials/Substrate/GLints/dict_16_192_64_0p5_0p02_0058_0003" 4769
"/Engine/EngineMaterials/Substrate/GLints/dict_16_192_64_0p5_0p02_0058_0004" 4770
"/Engine/EngineMaterials/Substrate/GLints/dict_16_192_64_0p5_0p02_0058_0005" 4771
"/Engine/EngineMaterials/Substrate/GLints/dict_16_192_64_0p5_0p02_0058_0006" 4772
"/Engine/EngineMaterials/Substrate/GLints/dict_16_192_64_0p5_0p02_0058_0007" 4773
"/Engine/EngineMaterials/Substrate/GLints/dict_16_192_64_0p5_0p02_0058_0008" 4774
"/Engine/EngineMaterials/Substrate/GLints/dict_16_192_64_0p5_0p02_0058_0009" 4775
"/Engine/EngineMaterials/Substrate/GLints/dict_16_192_64_0p5_0p02_0058_0010" 4776
"/Engine/EngineMaterials/Substrate/GLints/dict_16_192_64_0p5_0p02_0058_0011" 4777
"/Engine/EngineMaterials/Substrate/GLints/dict_16_192_64_0p5_0p02_0058_0012" 4778
"/Engine/EngineMaterials/Substrate/GLints/dict_16_192_64_0p5_0p02_0058_0013" 4779
"/Engine/EngineMaterials/Substrate/GLints/dict_16_192_64_0p5_0p02_0058_0014" 4780
"/Engine/EngineMaterials/Substrate/GLints/dict_16_192_64_0p5_0p02_0058_0015" 4781
"/Engine/EngineMaterials/Substrate/GLints/dict_16_192_64_0p5_0p02_0059_0000" 4782
"/Engine/EngineMaterials/Substrate/GLints/dict_16_192_64_0p5_0p02_0059_0001" 4783
"/Engine/EngineMaterials/Substrate/GLints/dict_16_192_64_0p5_0p02_0059_0002" 4784
"/Engine/EngineMaterials/Substrate/GLints/dict_16_192_64_0p5_0p02_0059_0003" 4785
"/Engine/EngineMaterials/Substrate/GLints/dict_16_192_64_0p5_0p02_0059_0004" 4786
"/Engine/EngineMaterials/Substrate/GLints/dict_16_192_64_0p5_0p02_0059_0005" 4787
"/Engine/EngineMaterials/Substrate/GLints/dict_16_192_64_0p5_0p02_0059_0006" 4788
"/Engine/EngineMaterials/Substrate/GLints/dict_16_192_64_0p5_0p02_0059_0007" 4789
"/Engine/EngineMaterials/Substrate/GLints/dict_16_192_64_0p5_0p02_0059_0008" 4790
"/Engine/EngineMaterials/Substrate/GLints/dict_16_192_64_0p5_0p02_0059_0009" 4791
"/Engine/EngineMaterials/Substrate/GLints/dict_16_192_64_0p5_0p02_0059_0010" 4792
"/Engine/EngineMaterials/Substrate/GLints/dict_16_192_64_0p5_0p02_0058_0001" 4793
"../../../Engine/Content/EngineMaterials/Substrate/GLints/dict_16_192_64_0p5_0p02_0057_0010.uasset" 4794
"../../../Engine/Content/EngineMaterials/Substrate/GLints/dict_16_192_64_0p5_0p02_0057_0007.uasset" 4795
"../../../Engine/Content/EngineMaterials/Substrate/GLints/dict_16_192_64_0p5_0p02_0057_0008.uasset" 4796
"../../../Engine/Content/EngineMaterials/Substrate/GLints/dict_16_192_64_0p5_0p02_0057_0009.uasset" 4797
"../../../Engine/Content/EngineMaterials/Substrate/GLints/dict_16_192_64_0p5_0p02_0057_0004.uasset" 4798
"../../../Engine/Content/EngineMaterials/Substrate/GLints/dict_16_192_64_0p5_0p02_0057_0005.uasset" 4799
"../../../Engine/Content/EngineMaterials/Substrate/GLints/dict_16_192_64_0p5_0p02_0057_0002.uasset" 4800
"../../../Engine/Content/EngineMaterials/Substrate/GLints/dict_16_192_64_0p5_0p02_0057_0006.uasset" 4801
"../../../Engine/Content/EngineMaterials/Substrate/GLints/dict_16_192_64_0p5_0p02_0057_0003.uasset" 4802
"../../../Engine/Content/EngineMaterials/Substrate/GLints/dict_16_192_64_0p5_0p02_0056_0009.uasset" 4803
"../../../Engine/Content/EngineMaterials/Substrate/GLints/dict_16_192_64_0p5_0p02_0056_0002.uasset" 4804
"../../../Engine/Content/EngineMaterials/Substrate/GLints/dict_16_192_64_0p5_0p02_0056_0008.uasset" 4805
"../../../Engine/Content/EngineMaterials/Substrate/GLints/dict_16_192_64_0p5_0p02_0057_0001.uasset" 4806
"../../../Engine/Content/EngineMaterials/Substrate/GLints/dict_16_192_64_0p5_0p02_0056_0014.uasset" 4807
"../../../Engine/Content/EngineMaterials/Substrate/GLints/dict_16_192_64_0p5_0p02_0056_0011.uasset" 4808
"../../../Engine/Content/EngineMaterials/Substrate/GLints/dict_16_192_64_0p5_0p02_0056_0010.uasset" 4809
"../../../Engine/Content/EngineMaterials/Substrate/GLints/dict_16_192_64_0p5_0p02_0056_0012.uasset" 4810
"../../../Engine/Content/EngineMaterials/Substrate/GLints/dict_16_192_64_0p5_0p02_0056_0005.uasset" 4811
"../../../Engine/Content/EngineMaterials/Substrate/GLints/dict_16_192_64_0p5_0p02_0056_0001.uasset" 4812
"../../../Engine/Content/EngineMaterials/Substrate/GLints/dict_16_192_64_0p5_0p02_0056_0015.uasset" 4813
"../../../Engine/Content/EngineMaterials/Substrate/GLints/dict_16_192_64_0p5_0p02_0056_0006.uasset" 4814
"../../../Engine/Content/EngineMaterials/Substrate/GLints/dict_16_192_64_0p5_0p02_0056_0013.uasset" 4815
"/Engine/EngineMaterials/Substrate/GLints/dict_16_192_64_0p5_0p02_0057_0002" 4816
"../../../Engine/Content/EngineMaterials/Substrate/GLints/dict_16_192_64_0p5_0p02_0057_0000.uasset" 4817
"../../../Engine/Content/EngineMaterials/Substrate/GLints/dict_16_192_64_0p5_0p02_0056_0007.uasset" 4818
"../../../Engine/Content/EngineMaterials/Substrate/GLints/dict_16_192_64_0p5_0p02_0056_0003.uasset" 4819
"../../../Engine/Content/EngineMaterials/Substrate/GLints/dict_16_192_64_0p5_0p02_0056_0004.uasset" 4820
"/Engine/EngineMaterials/Substrate/GLints/dict_16_192_64_0p5_0p02_0057_0005" 4821
"/Engine/EngineMaterials/Substrate/GLints/dict_16_192_64_0p5_0p02_0057_0011" 4822
"/Engine/EngineMaterials/Substrate/GLints/dict_16_192_64_0p5_0p02_0057_0007" 4823
"/Engine/EngineMaterials/Substrate/GLints/dict_16_192_64_0p5_0p02_0057_0008" 4824
"/Engine/EngineMaterials/Substrate/GLints/dict_16_192_64_0p5_0p02_0057_0012" 4825
"/Engine/EngineMaterials/Substrate/GLints/dict_16_192_64_0p5_0p02_0057_0009" 4826
"/Engine/EngineMaterials/Substrate/GLints/dict_16_192_64_0p5_0p02_0057_0013" 4827
"/Engine/EngineMaterials/Substrate/GLints/dict_16_192_64_0p5_0p02_0057_0014" 4828
"/Engine/EngineMaterials/Substrate/GLints/dict_16_192_64_0p5_0p02_0057_0015" 4829
"/Engine/EngineMaterials/Substrate/GLints/dict_16_192_64_0p5_0p02_0058_0000" 4830
"/Engine/EngineMaterials/Substrate/GLints/dict_16_192_64_0p5_0p02_0057_0010" 4831
"../../../Engine/Content/EngineMaterials/Substrate/GLints/dict_16_192_64_0p5_0p02_0056_0000.uasset" 4832
"../../../Engine/Content/EngineMaterials/Substrate/GLints/dict_16_192_64_0p5_0p02_0055_0014.uasset" 4833
"../../../Engine/Content/EngineMaterials/Substrate/GLints/dict_16_192_64_0p5_0p02_0055_0012.uasset" 4834
"/Engine/EngineMaterials/Substrate/GLints/dict_16_192_64_0p5_0p02_0056_0001" 4835
"../../../Engine/Content/EngineMaterials/Substrate/GLints/dict_16_192_64_0p5_0p02_0055_0008.uasset" 4836
"../../../Engine/Content/EngineMaterials/Substrate/GLints/dict_16_192_64_0p5_0p02_0055_0010.uasset" 4837
"../../../Engine/Content/EngineMaterials/Substrate/GLints/dict_16_192_64_0p5_0p02_0055_0015.uasset" 4838
"../../../Engine/Content/EngineMaterials/Substrate/GLints/dict_16_192_64_0p5_0p02_0055_0007.uasset" 4839
"../../../Engine/Content/EngineMaterials/Substrate/GLints/dict_16_192_64_0p5_0p02_0055_0013.uasset" 4840
"../../../Engine/Content/EngineMaterials/Substrate/GLints/dict_16_192_64_0p5_0p02_0055_0006.uasset" 4841
"../../../Engine/Content/EngineMaterials/Substrate/GLints/dict_16_192_64_0p5_0p02_0055_0011.uasset" 4842
"../../../Engine/Content/EngineMaterials/Substrate/GLints/dict_16_192_64_0p5_0p02_0055_0005.uasset" 4843
"../../../Engine/Content/EngineMaterials/Substrate/GLints/dict_16_192_64_0p5_0p02_0055_0009.uasset" 4844
"/Engine/EngineMaterials/Substrate/GLints/dict_16_192_64_0p5_0p02_0056_0002" 4845
"/Engine/EngineMaterials/Substrate/GLints/dict_16_192_64_0p5_0p02_0056_0003" 4846
"/Engine/EngineMaterials/Substrate/GLints/dict_16_192_64_0p5_0p02_0056_0004" 4847
"/Engine/EngineMaterials/Substrate/GLints/dict_16_192_64_0p5_0p02_0056_0005" 4848
"/Engine/EngineMaterials/Substrate/GLints/dict_16_192_64_0p5_0p02_0056_0006" 4849
"/Engine/EngineMaterials/Substrate/GLints/dict_16_192_64_0p5_0p02_0056_0007" 4850
"/Engine/EngineMaterials/Substrate/GLints/dict_16_192_64_0p5_0p02_0056_0008" 4851
"/Engine/EngineMaterials/Substrate/GLints/dict_16_192_64_0p5_0p02_0056_0009" 4852
"/Engine/EngineMaterials/Substrate/GLints/dict_16_192_64_0p5_0p02_0056_0010" 4853
"/Engine/EngineMaterials/Substrate/GLints/dict_16_192_64_0p5_0p02_0056_0011" 4854
"/Engine/EngineMaterials/Substrate/GLints/dict_16_192_64_0p5_0p02_0056_0012" 4855
"/Engine/EngineMaterials/Substrate/GLints/dict_16_192_64_0p5_0p02_0056_0013" 4856
"/Engine/EngineMaterials/Substrate/GLints/dict_16_192_64_0p5_0p02_0056_0014" 4857
"/Engine/EngineMaterials/Substrate/GLints/dict_16_192_64_0p5_0p02_0056_0015" 4858
"/Engine/EngineMaterials/Substrate/GLints/dict_16_192_64_0p5_0p02_0057_0000" 4859
"/Engine/EngineMaterials/Substrate/GLints/dict_16_192_64_0p5_0p02_0057_0001" 4860
"/Engine/EngineMaterials/Substrate/GLints/dict_16_192_64_0p5_0p02_0057_0003" 4861
"/Engine/EngineMaterials/Substrate/GLints/dict_16_192_64_0p5_0p02_0057_0004" 4862
"/Engine/EngineMaterials/Substrate/GLints/dict_16_192_64_0p5_0p02_0057_0006" 4863
"../../../Engine/Content/EngineMaterials/Substrate/GLints/dict_16_192_64_0p5_0p02_0055_0004.uasset" 4864
"../../../Engine/Content/EngineMaterials/Substrate/GLints/dict_16_192_64_0p5_0p02_0055_0003.uasset" 4865
"../../../Engine/Content/EngineMaterials/Substrate/GLints/dict_16_192_64_0p5_0p02_0055_0000.uasset" 4866
"../../../Engine/Content/EngineMaterials/Substrate/GLints/dict_16_192_64_0p5_0p02_0054_0012.uasset" 4867
"../../../Engine/Content/EngineMaterials/Substrate/GLints/dict_16_192_64_0p5_0p02_0054_0011.uasset" 4868
"../../../Engine/Content/EngineMaterials/Substrate/GLints/dict_16_192_64_0p5_0p02_0055_0001.uasset" 4869
"../../../Engine/Content/EngineMaterials/Substrate/GLints/dict_16_192_64_0p5_0p02_0054_0015.uasset" 4870
"../../../Engine/Content/EngineMaterials/Substrate/GLints/dict_16_192_64_0p5_0p02_0054_0008.uasset" 4871
"../../../Engine/Content/EngineMaterials/Substrate/GLints/dict_16_192_64_0p5_0p02_0055_0002.uasset" 4872
"../../../Engine/Content/EngineMaterials/Substrate/GLints/dict_16_192_64_0p5_0p02_0054_0010.uasset" 4873
"../../../Engine/Content/EngineMaterials/Substrate/GLints/dict_16_192_64_0p5_0p02_0054_0006.uasset" 4874
"../../../Engine/Content/EngineMaterials/Substrate/GLints/dict_16_192_64_0p5_0p02_0054_0002.uasset" 4875
"../../../Engine/Content/EngineMaterials/Substrate/GLints/dict_16_192_64_0p5_0p02_0054_0013.uasset" 4876
"../../../Engine/Content/EngineMaterials/Substrate/GLints/dict_16_192_64_0p5_0p02_0054_0009.uasset" 4877
"/Engine/EngineMaterials/Substrate/GLints/dict_16_192_64_0p5_0p02_0055_0005" 4878
"../../../Engine/Content/EngineMaterials/Substrate/GLints/dict_16_192_64_0p5_0p02_0054_0014.uasset" 4879
"../../../Engine/Content/EngineMaterials/Substrate/GLints/dict_16_192_64_0p5_0p02_0054_0005.uasset" 4880
"../../../Engine/Content/EngineMaterials/Substrate/GLints/dict_16_192_64_0p5_0p02_0054_0004.uasset" 4881
"../../../Engine/Content/EngineMaterials/Substrate/GLints/dict_16_192_64_0p5_0p02_0054_0001.uasset" 4882
"../../../Engine/Content/EngineMaterials/Substrate/GLints/dict_16_192_64_0p5_0p02_0054_0003.uasset" 4883
"../../../Engine/Content/EngineMaterials/Substrate/GLints/dict_16_192_64_0p5_0p02_0054_0007.uasset" 4884
"/Engine/EngineMaterials/Substrate/GLints/dict_16_192_64_0p5_0p02_0055_0006" 4885
"/Engine/EngineMaterials/Substrate/GLints/dict_16_192_64_0p5_0p02_0055_0007" 4886
"/Engine/EngineMaterials/Substrate/GLints/dict_16_192_64_0p5_0p02_0055_0008" 4887
"/Engine/EngineMaterials/Substrate/GLints/dict_16_192_64_0p5_0p02_0055_0009" 4888
"/Engine/EngineMaterials/Substrate/GLints/dict_16_192_64_0p5_0p02_0055_0010" 4889
"/Engine/EngineMaterials/Substrate/GLints/dict_16_192_64_0p5_0p02_0055_0011" 4890
"/Engine/EngineMaterials/Substrate/GLints/dict_16_192_64_0p5_0p02_0055_0012" 4891
"/Engine/EngineMaterials/Substrate/GLints/dict_16_192_64_0p5_0p02_0055_0013" 4892
"/Engine/EngineMaterials/Substrate/GLints/dict_16_192_64_0p5_0p02_0055_0014" 4893
"/Engine/EngineMaterials/Substrate/GLints/dict_16_192_64_0p5_0p02_0055_0015" 4894
"/Engine/EngineMaterials/Substrate/GLints/dict_16_192_64_0p5_0p02_0056_0000" 4895
"../../../Engine/Content/EngineMaterials/Substrate/GLints/dict_16_192_64_0p5_0p02_0054_0000.uasset" 4896
"../../../Engine/Content/EngineMaterials/Substrate/GLints/dict_16_192_64_0p5_0p02_0053_0012.uasset" 4897
"/Engine/EngineMaterials/Substrate/GLints/dict_16_192_64_0p5_0p02_0054_0001" 4898
"../../../Engine/Content/EngineMaterials/Substrate/GLints/dict_16_192_64_0p5_0p02_0053_0007.uasset" 4899
"../../../Engine/Content/EngineMaterials/Substrate/GLints/dict_16_192_64_0p5_0p02_0053_0009.uasset" 4900
"../../../Engine/Content/EngineMaterials/Substrate/GLints/dict_16_192_64_0p5_0p02_0053_0015.uasset" 4901
"../../../Engine/Content/EngineMaterials/Substrate/GLints/dict_16_192_64_0p5_0p02_0053_0006.uasset" 4902
"../../../Engine/Content/EngineMaterials/Substrate/GLints/dict_16_192_64_0p5_0p02_0053_0008.uasset" 4903
"../../../Engine/Content/EngineMaterials/Substrate/GLints/dict_16_192_64_0p5_0p02_0053_0005.uasset" 4904
"../../../Engine/Content/EngineMaterials/Substrate/GLints/dict_16_192_64_0p5_0p02_0053_0010.uasset" 4905
"../../../Engine/Content/EngineMaterials/Substrate/GLints/dict_16_192_64_0p5_0p02_0053_0014.uasset" 4906
"../../../Engine/Content/EngineMaterials/Substrate/GLints/dict_16_192_64_0p5_0p02_0053_0013.uasset" 4907
"../../../Engine/Content/EngineMaterials/Substrate/GLints/dict_16_192_64_0p5_0p02_0053_0011.uasset" 4908
"/Engine/EngineMaterials/Substrate/GLints/dict_16_192_64_0p5_0p02_0054_0002" 4909
"/Engine/EngineMaterials/Substrate/GLints/dict_16_192_64_0p5_0p02_0054_0003" 4910
"/Engine/EngineMaterials/Substrate/GLints/dict_16_192_64_0p5_0p02_0054_0004" 4911
"/Engine/EngineMaterials/Substrate/GLints/dict_16_192_64_0p5_0p02_0054_0005" 4912
"/Engine/EngineMaterials/Substrate/GLints/dict_16_192_64_0p5_0p02_0054_0006" 4913
"/Engine/EngineMaterials/Substrate/GLints/dict_16_192_64_0p5_0p02_0054_0007" 4914
"/Engine/EngineMaterials/Substrate/GLints/dict_16_192_64_0p5_0p02_0054_0008" 4915
"/Engine/EngineMaterials/Substrate/GLints/dict_16_192_64_0p5_0p02_0054_0009" 4916
"/Engine/EngineMaterials/Substrate/GLints/dict_16_192_64_0p5_0p02_0054_0010" 4917
"/Engine/EngineMaterials/Substrate/GLints/dict_16_192_64_0p5_0p02_0054_0011" 4918
"/Engine/EngineMaterials/Substrate/GLints/dict_16_192_64_0p5_0p02_0054_0012" 4919
"/Engine/EngineMaterials/Substrate/GLints/dict_16_192_64_0p5_0p02_0054_0013" 4920
"/Engine/EngineMaterials/Substrate/GLints/dict_16_192_64_0p5_0p02_0054_0014" 4921
"/Engine/EngineMaterials/Substrate/GLints/dict_16_192_64_0p5_0p02_0054_0015" 4922
"/Engine/EngineMaterials/Substrate/GLints/dict_16_192_64_0p5_0p02_0055_0000" 4923
"/Engine/EngineMaterials/Substrate/GLints/dict_16_192_64_0p5_0p02_0055_0001" 4924
"/Engine/EngineMaterials/Substrate/GLints/dict_16_192_64_0p5_0p02_0055_0002" 4925
"/Engine/EngineMaterials/Substrate/GLints/dict_16_192_64_0p5_0p02_0055_0003" 4926
"/Engine/EngineMaterials/Substrate/GLints/dict_16_192_64_0p5_0p02_0055_0004" 4927
"../../../Engine/Content/EngineMaterials/Substrate/GLints/dict_16_192_64_0p5_0p02_0053_0003.uasset" 4928
"../../../Engine/Content/EngineMaterials/Substrate/GLints/dict_16_192_64_0p5_0p02_0053_0002.uasset" 4929
"../../../Engine/Content/EngineMaterials/Substrate/GLints/dict_16_192_64_0p5_0p02_0052_0015.uasset" 4930
"/Engine/EngineMaterials/Substrate/GLints/dict_16_192_64_0p5_0p02_0053_0005" 4931
"../../../Engine/Content/EngineMaterials/Substrate/GLints/dict_16_192_64_0p5_0p02_0053_0001.uasset" 4932
"../../../Engine/Content/EngineMaterials/Substrate/GLints/dict_16_192_64_0p5_0p02_0053_0004.uasset" 4933
"../../../Engine/Content/EngineMaterials/Substrate/GLints/dict_16_192_64_0p5_0p02_0052_0007.uasset" 4934
"../../../Engine/Content/EngineMaterials/Substrate/GLints/dict_16_192_64_0p5_0p02_0052_0008.uasset" 4935
"../../../Engine/Content/EngineMaterials/Substrate/GLints/dict_16_192_64_0p5_0p02_0052_0004.uasset" 4936
"../../../Engine/Content/EngineMaterials/Substrate/GLints/dict_16_192_64_0p5_0p02_0052_0006.uasset" 4937
"../../../Engine/Content/EngineMaterials/Substrate/GLints/dict_16_192_64_0p5_0p02_0052_0010.uasset" 4938
"../../../Engine/Content/EngineMaterials/Substrate/GLints/dict_16_192_64_0p5_0p02_0052_0001.uasset" 4939
"../../../Engine/Content/EngineMaterials/Substrate/GLints/dict_16_192_64_0p5_0p02_0052_0013.uasset" 4940
"../../../Engine/Content/EngineMaterials/Substrate/GLints/dict_16_192_64_0p5_0p02_0052_0011.uasset" 4941
"../../../Engine/Content/EngineMaterials/Substrate/GLints/dict_16_192_64_0p5_0p02_0053_0000.uasset" 4942
"../../../Engine/Content/EngineMaterials/Substrate/GLints/dict_16_192_64_0p5_0p02_0052_0012.uasset" 4943
"../../../Engine/Content/EngineMaterials/Substrate/GLints/dict_16_192_64_0p5_0p02_0052_0009.uasset" 4944
"../../../Engine/Content/EngineMaterials/Substrate/GLints/dict_16_192_64_0p5_0p02_0052_0005.uasset" 4945
"/Engine/EngineMaterials/Substrate/GLints/dict_16_192_64_0p5_0p02_0053_0006" 4946
"../../../Engine/Content/EngineMaterials/Substrate/GLints/dict_16_192_64_0p5_0p02_0052_0002.uasset" 4947
"../../../Engine/Content/EngineMaterials/Substrate/GLints/dict_16_192_64_0p5_0p02_0052_0014.uasset" 4948
"../../../Engine/Content/EngineMaterials/Substrate/GLints/dict_16_192_64_0p5_0p02_0052_0003.uasset" 4949
"/Engine/EngineMaterials/Substrate/GLints/dict_16_192_64_0p5_0p02_0053_0007" 4950
"/Engine/EngineMaterials/Substrate/GLints/dict_16_192_64_0p5_0p02_0053_0008" 4951
"/Engine/EngineMaterials/Substrate/GLints/dict_16_192_64_0p5_0p02_0053_0009" 4952
"/Engine/EngineMaterials/Substrate/GLints/dict_16_192_64_0p5_0p02_0053_0010" 4953
"/Engine/EngineMaterials/Substrate/GLints/dict_16_192_64_0p5_0p02_0053_0011" 4954
"/Engine/EngineMaterials/Substrate/GLints/dict_16_192_64_0p5_0p02_0053_0012" 4955
"/Engine/EngineMaterials/Substrate/GLints/dict_16_192_64_0p5_0p02_0053_0013" 4956
"/Engine/EngineMaterials/Substrate/GLints/dict_16_192_64_0p5_0p02_0053_0014" 4957
"/Engine/EngineMaterials/Substrate/GLints/dict_16_192_64_0p5_0p02_0053_0015" 4958
"/Engine/EngineMaterials/Substrate/GLints/dict_16_192_64_0p5_0p02_0054_0000" 4959
"../../../Engine/Content/EngineMaterials/Substrate/GLints/dict_16_192_64_0p5_0p02_0052_0000.uasset" 4960
"../../../Engine/Content/EngineMaterials/Substrate/GLints/dict_16_192_64_0p5_0p02_0051_0012.uasset" 4961
"/Engine/EngineMaterials/Substrate/GLints/dict_16_192_64_0p5_0p02_0052_0001" 4962
"../../../Engine/Content/EngineMaterials/Substrate/GLints/dict_16_192_64_0p5_0p02_0051_0010.uasset" 4963
"../../../Engine/Content/EngineMaterials/Substrate/GLints/dict_16_192_64_0p5_0p02_0051_0009.uasset" 4964
"../../../Engine/Content/EngineMaterials/Substrate/GLints/dict_16_192_64_0p5_0p02_0051_0015.uasset" 4965
"../../../Engine/Content/EngineMaterials/Substrate/GLints/dict_16_192_64_0p5_0p02_0051_0008.uasset" 4966
"../../../Engine/Content/EngineMaterials/Substrate/GLints/dict_16_192_64_0p5_0p02_0051_0005.uasset" 4967
"../../../Engine/Content/EngineMaterials/Substrate/GLints/dict_16_192_64_0p5_0p02_0051_0006.uasset" 4968
"../../../Engine/Content/EngineMaterials/Substrate/GLints/dict_16_192_64_0p5_0p02_0051_0013.uasset" 4969
"../../../Engine/Content/EngineMaterials/Substrate/GLints/dict_16_192_64_0p5_0p02_0051_0014.uasset" 4970
"../../../Engine/Content/EngineMaterials/Substrate/GLints/dict_16_192_64_0p5_0p02_0051_0007.uasset" 4971
"/Engine/EngineMaterials/Substrate/GLints/dict_16_192_64_0p5_0p02_0052_0002" 4972
"../../../Engine/Content/EngineMaterials/Substrate/GLints/dict_16_192_64_0p5_0p02_0051_0011.uasset" 4973
"/Engine/EngineMaterials/Substrate/GLints/dict_16_192_64_0p5_0p02_0052_0003" 4974
"/Engine/EngineMaterials/Substrate/GLints/dict_16_192_64_0p5_0p02_0052_0004" 4975
"/Engine/EngineMaterials/Substrate/GLints/dict_16_192_64_0p5_0p02_0052_0005" 4976
"/Engine/EngineMaterials/Substrate/GLints/dict_16_192_64_0p5_0p02_0052_0006" 4977
"/Engine/EngineMaterials/Substrate/GLints/dict_16_192_64_0p5_0p02_0052_0007" 4978
"/Engine/EngineMaterials/Substrate/GLints/dict_16_192_64_0p5_0p02_0052_0008" 4979
"/Engine/EngineMaterials/Substrate/GLints/dict_16_192_64_0p5_0p02_0052_0009" 4980
"/Engine/EngineMaterials/Substrate/GLints/dict_16_192_64_0p5_0p02_0052_0010" 4981
"/Engine/EngineMaterials/Substrate/GLints/dict_16_192_64_0p5_0p02_0052_0011" 4982
"/Engine/EngineMaterials/Substrate/GLints/dict_16_192_64_0p5_0p02_0052_0012" 4983
"/Engine/EngineMaterials/Substrate/GLints/dict_16_192_64_0p5_0p02_0052_0013" 4984
"/Engine/EngineMaterials/Substrate/GLints/dict_16_192_64_0p5_0p02_0052_0014" 4985
"/Engine/EngineMaterials/Substrate/GLints/dict_16_192_64_0p5_0p02_0052_0015" 4986
"/Engine/EngineMaterials/Substrate/GLints/dict_16_192_64_0p5_0p02_0053_0000" 4987
"/Engine/EngineMaterials/Substrate/GLints/dict_16_192_64_0p5_0p02_0053_0001" 4988
"/Engine/EngineMaterials/Substrate/GLints/dict_16_192_64_0p5_0p02_0053_0002" 4989
"/Engine/EngineMaterials/Substrate/GLints/dict_16_192_64_0p5_0p02_0053_0003" 4990
"/Engine/EngineMaterials/Substrate/GLints/dict_16_192_64_0p5_0p02_0053_0004" 4991
"../../../Engine/Content/EngineMaterials/Substrate/GLints/dict_16_192_64_0p5_0p02_0051_0002.uasset" 4992
"../../../Engine/Content/EngineMaterials/Substrate/GLints/dict_16_192_64_0p5_0p02_0050_0015.uasset" 4993
"../../../Engine/Content/EngineMaterials/Substrate/GLints/dict_16_192_64_0p5_0p02_0051_0004.uasset" 4994
"../../../Engine/Content/EngineMaterials/Substrate/GLints/dict_16_192_64_0p5_0p02_0050_0007.uasset" 4995
"../../../Engine/Content/EngineMaterials/Substrate/GLints/dict_16_192_64_0p5_0p02_0050_0006.uasset" 4996
"/Engine/EngineMaterials/Substrate/GLints/dict_16_192_64_0p5_0p02_0051_0005" 4997
"../../../Engine/Content/EngineMaterials/Substrate/GLints/dict_16_192_64_0p5_0p02_0050_0002.uasset" 4998
"../../../Engine/Content/EngineMaterials/Substrate/GLints/dict_16_192_64_0p5_0p02_0050_0008.uasset" 4999
"../../../Engine/Content/EngineMaterials/Substrate/GLints/dict_16_192_64_0p5_0p02_0050_0009.uasset" 5000
"../../../Engine/Content/EngineMaterials/Substrate/GLints/dict_16_192_64_0p5_0p02_0051_0000.uasset" 5001
"../../../Engine/Content/EngineMaterials/Substrate/GLints/dict_16_192_64_0p5_0p02_0050_0012.uasset" 5002
"../../../Engine/Content/EngineMaterials/Substrate/GLints/dict_16_192_64_0p5_0p02_0050_0004.uasset" 5003
"../../../Engine/Content/EngineMaterials/Substrate/GLints/dict_16_192_64_0p5_0p02_0050_0003.uasset" 5004
"../../../Engine/Content/EngineMaterials/Substrate/GLints/dict_16_192_64_0p5_0p02_0050_0001.uasset" 5005
"../../../Engine/Content/EngineMaterials/Substrate/GLints/dict_16_192_64_0p5_0p02_0050_0014.uasset" 5006
"../../../Engine/Content/EngineMaterials/Substrate/GLints/dict_16_192_64_0p5_0p02_0050_0013.uasset" 5007
"../../../Engine/Content/EngineMaterials/Substrate/GLints/dict_16_192_64_0p5_0p02_0051_0003.uasset" 5008
"../../../Engine/Content/EngineMaterials/Substrate/GLints/dict_16_192_64_0p5_0p02_0050_0010.uasset" 5009
"../../../Engine/Content/EngineMaterials/Substrate/GLints/dict_16_192_64_0p5_0p02_0050_0011.uasset" 5010
"../../../Engine/Content/EngineMaterials/Substrate/GLints/dict_16_192_64_0p5_0p02_0050_0005.uasset" 5011
"../../../Engine/Content/EngineMaterials/Substrate/GLints/dict_16_192_64_0p5_0p02_0051_0001.uasset" 5012
"/Engine/EngineMaterials/Substrate/GLints/dict_16_192_64_0p5_0p02_0051_0006" 5013
"/Engine/EngineMaterials/Substrate/GLints/dict_16_192_64_0p5_0p02_0051_0007" 5014
"/Engine/EngineMaterials/Substrate/GLints/dict_16_192_64_0p5_0p02_0051_0008" 5015
"/Engine/EngineMaterials/Substrate/GLints/dict_16_192_64_0p5_0p02_0051_0009" 5016
"/Engine/EngineMaterials/Substrate/GLints/dict_16_192_64_0p5_0p02_0051_0010" 5017
"/Engine/EngineMaterials/Substrate/GLints/dict_16_192_64_0p5_0p02_0051_0011" 5018
"/Engine/EngineMaterials/Substrate/GLints/dict_16_192_64_0p5_0p02_0051_0012" 5019
"/Engine/EngineMaterials/Substrate/GLints/dict_16_192_64_0p5_0p02_0051_0013" 5020
"/Engine/EngineMaterials/Substrate/GLints/dict_16_192_64_0p5_0p02_0051_0014" 5021
"/Engine/EngineMaterials/Substrate/GLints/dict_16_192_64_0p5_0p02_0051_0015" 5022
"/Engine/EngineMaterials/Substrate/GLints/dict_16_192_64_0p5_0p02_0052_0000" 5023
"../../../Engine/Content/EngineMaterials/Substrate/GLints/dict_16_192_64_0p5_0p02_0049_0014.uasset" 5024
"../../../Engine/Content/EngineMaterials/Substrate/GLints/dict_16_192_64_0p5_0p02_0049_0013.uasset" 5025
"../../../Engine/Content/EngineMaterials/Substrate/GLints/dict_16_192_64_0p5_0p02_0049_0011.uasset" 5026
"/Engine/EngineMaterials/Substrate/GLints/dict_16_192_64_0p5_0p02_0050_0001" 5027
"../../../Engine/Content/EngineMaterials/Substrate/GLints/dict_16_192_64_0p5_0p02_0049_0010.uasset" 5028
"../../../Engine/Content/EngineMaterials/Substrate/GLints/dict_16_192_64_0p5_0p02_0049_0009.uasset" 5029
"../../../Engine/Content/EngineMaterials/Substrate/GLints/dict_16_192_64_0p5_0p02_0049_0008.uasset" 5030
"../../../Engine/Content/EngineMaterials/Substrate/GLints/dict_16_192_64_0p5_0p02_0049_0007.uasset" 5031
"../../../Engine/Content/EngineMaterials/Substrate/GLints/dict_16_192_64_0p5_0p02_0049_0005.uasset" 5032
"../../../Engine/Content/EngineMaterials/Substrate/GLints/dict_16_192_64_0p5_0p02_0049_0015.uasset" 5033
"../../../Engine/Content/EngineMaterials/Substrate/GLints/dict_16_192_64_0p5_0p02_0049_0006.uasset" 5034
"../../../Engine/Content/EngineMaterials/Substrate/GLints/dict_16_192_64_0p5_0p02_0049_0012.uasset" 5035
"../../../Engine/Content/EngineMaterials/Substrate/GLints/dict_16_192_64_0p5_0p02_0050_0000.uasset" 5036
"/Engine/EngineMaterials/Substrate/GLints/dict_16_192_64_0p5_0p02_0050_0002" 5037
"/Engine/EngineMaterials/Substrate/GLints/dict_16_192_64_0p5_0p02_0050_0003" 5038
"/Engine/EngineMaterials/Substrate/GLints/dict_16_192_64_0p5_0p02_0050_0004" 5039
"/Engine/EngineMaterials/Substrate/GLints/dict_16_192_64_0p5_0p02_0050_0005" 5040
"/Engine/EngineMaterials/Substrate/GLints/dict_16_192_64_0p5_0p02_0050_0006" 5041
"/Engine/EngineMaterials/Substrate/GLints/dict_16_192_64_0p5_0p02_0050_0007" 5042
"/Engine/EngineMaterials/Substrate/GLints/dict_16_192_64_0p5_0p02_0050_0008" 5043
"/Engine/EngineMaterials/Substrate/GLints/dict_16_192_64_0p5_0p02_0050_0009" 5044
"/Engine/EngineMaterials/Substrate/GLints/dict_16_192_64_0p5_0p02_0050_0010" 5045
"/Engine/EngineMaterials/Substrate/GLints/dict_16_192_64_0p5_0p02_0050_0011" 5046
"/Engine/EngineMaterials/Substrate/GLints/dict_16_192_64_0p5_0p02_0050_0012" 5047
"/Engine/EngineMaterials/Substrate/GLints/dict_16_192_64_0p5_0p02_0050_0013" 5048
"/Engine/EngineMaterials/Substrate/GLints/dict_16_192_64_0p5_0p02_0050_0014" 5049
"/Engine/EngineMaterials/Substrate/GLints/dict_16_192_64_0p5_0p02_0050_0015" 5050
"/Engine/EngineMaterials/Substrate/GLints/dict_16_192_64_0p5_0p02_0051_0000" 5051
"/Engine/EngineMaterials/Substrate/GLints/dict_16_192_64_0p5_0p02_0051_0001" 5052
"/Engine/EngineMaterials/Substrate/GLints/dict_16_192_64_0p5_0p02_0051_0002" 5053
"/Engine/EngineMaterials/Substrate/GLints/dict_16_192_64_0p5_0p02_0051_0003" 5054
"/Engine/EngineMaterials/Substrate/GLints/dict_16_192_64_0p5_0p02_0051_0004" 5055
"../../../Engine/Content/EngineMaterials/Substrate/GLints/dict_16_192_64_0p5_0p02_0049_0003.uasset" 5056
"../../../Engine/Content/EngineMaterials/Substrate/GLints/dict_16_192_64_0p5_0p02_0049_0001.uasset" 5057
"../../../Engine/Content/EngineMaterials/Substrate/GLints/dict_16_192_64_0p5_0p02_0049_0000.uasset" 5058
"../../../Engine/Content/EngineMaterials/Substrate/GLints/dict_16_192_64_0p5_0p02_0048_0015.uasset" 5059
"../../../Engine/Content/EngineMaterials/Substrate/GLints/dict_16_192_64_0p5_0p02_0048_0013.uasset" 5060
"/Engine/EngineMaterials/Substrate/GLints/dict_16_192_64_0p5_0p02_0049_0005" 5061
"../../../Engine/Content/EngineMaterials/Substrate/GLints/dict_16_192_64_0p5_0p02_0048_0012.uasset" 5062
"../../../Engine/Content/EngineMaterials/Substrate/GLints/dict_16_192_64_0p5_0p02_0048_0014.uasset" 5063
"../../../Engine/Content/EngineMaterials/Substrate/GLints/dict_16_192_64_0p5_0p02_0048_0011.uasset" 5064
"../../../Engine/Content/EngineMaterials/Substrate/GLints/dict_16_192_64_0p5_0p02_0048_0007.uasset" 5065
"../../../Engine/Content/EngineMaterials/Substrate/GLints/dict_16_192_64_0p5_0p02_0048_0010.uasset" 5066
"../../../Engine/Content/EngineMaterials/Substrate/GLints/dict_16_192_64_0p5_0p02_0048_0008.uasset" 5067
"../../../Engine/Content/EngineMaterials/Substrate/GLints/dict_16_192_64_0p5_0p02_0048_0003.uasset" 5068
"../../../Engine/Content/EngineMaterials/Substrate/GLints/dict_16_192_64_0p5_0p02_0049_0004.uasset" 5069
"../../../Engine/Content/EngineMaterials/Substrate/GLints/dict_16_192_64_0p5_0p02_0048_0001.uasset" 5070
"../../../Engine/Content/EngineMaterials/Substrate/GLints/dict_16_192_64_0p5_0p02_0048_0009.uasset" 5071
"../../../Engine/Content/EngineMaterials/Substrate/GLints/dict_16_192_64_0p5_0p02_0048_0005.uasset" 5072
"/Engine/EngineMaterials/Substrate/GLints/dict_16_192_64_0p5_0p02_0049_0006" 5073
"../../../Engine/Content/EngineMaterials/Substrate/GLints/dict_16_192_64_0p5_0p02_0048_0006.uasset" 5074
"../../../Engine/Content/EngineMaterials/Substrate/GLints/dict_16_192_64_0p5_0p02_0048_0004.uasset" 5075
"../../../Engine/Content/EngineMaterials/Substrate/GLints/dict_16_192_64_0p5_0p02_0049_0002.uasset" 5076
"../../../Engine/Content/EngineMaterials/Substrate/GLints/dict_16_192_64_0p5_0p02_0048_0002.uasset" 5077
"/Engine/EngineMaterials/Substrate/GLints/dict_16_192_64_0p5_0p02_0049_0007" 5078
"/Engine/EngineMaterials/Substrate/GLints/dict_16_192_64_0p5_0p02_0049_0008" 5079
"/Engine/EngineMaterials/Substrate/GLints/dict_16_192_64_0p5_0p02_0049_0009" 5080
"/Engine/EngineMaterials/Substrate/GLints/dict_16_192_64_0p5_0p02_0049_0010" 5081
"/Engine/EngineMaterials/Substrate/GLints/dict_16_192_64_0p5_0p02_0049_0011" 5082
"/Engine/EngineMaterials/Substrate/GLints/dict_16_192_64_0p5_0p02_0049_0012" 5083
"/Engine/EngineMaterials/Substrate/GLints/dict_16_192_64_0p5_0p02_0049_0013" 5084
"/Engine/EngineMaterials/Substrate/GLints/dict_16_192_64_0p5_0p02_0049_0014" 5085
"/Engine/EngineMaterials/Substrate/GLints/dict_16_192_64_0p5_0p02_0049_0015" 5086
"/Engine/EngineMaterials/Substrate/GLints/dict_16_192_64_0p5_0p02_0050_0000" 5087
"../../../Engine/Content/EngineMaterials/Substrate/GLints/dict_16_192_64_0p5_0p02_0047_0013.uasset" 5088
"../../../Engine/Content/EngineMaterials/Substrate/GLints/dict_16_192_64_0p5_0p02_0047_0009.uasset" 5089
"../../../Engine/Content/EngineMaterials/Substrate/GLints/dict_16_192_64_0p5_0p02_0047_0011.uasset" 5090
"/Engine/EngineMaterials/Substrate/GLints/dict_16_192_64_0p5_0p02_0048_0001" 5091
"../../../Engine/Content/EngineMaterials/Substrate/GLints/dict_16_192_64_0p5_0p02_0047_0006.uasset" 5092
"../../../Engine/Content/EngineMaterials/Substrate/GLints/dict_16_192_64_0p5_0p02_0047_0014.uasset" 5093
"../../../Engine/Content/EngineMaterials/Substrate/GLints/dict_16_192_64_0p5_0p02_0047_0010.uasset" 5094
"../../../Engine/Content/EngineMaterials/Substrate/GLints/dict_16_192_64_0p5_0p02_0047_0007.uasset" 5095
"../../../Engine/Content/EngineMaterials/Substrate/GLints/dict_16_192_64_0p5_0p02_0047_0012.uasset" 5096
"../../../Engine/Content/EngineMaterials/Substrate/GLints/dict_16_192_64_0p5_0p02_0047_0015.uasset" 5097
"../../../Engine/Content/EngineMaterials/Substrate/GLints/dict_16_192_64_0p5_0p02_0047_0008.uasset" 5098
"../../../Engine/Content/EngineMaterials/Substrate/GLints/dict_16_192_64_0p5_0p02_0048_0000.uasset" 5099
"/Engine/EngineMaterials/Substrate/GLints/dict_16_192_64_0p5_0p02_0048_0002" 5100
"../../../Engine/Content/EngineMaterials/Substrate/GLints/dict_16_192_64_0p5_0p02_0047_0005.uasset" 5101
"/Engine/EngineMaterials/Substrate/GLints/dict_16_192_64_0p5_0p02_0048_0003" 5102
"/Engine/EngineMaterials/Substrate/GLints/dict_16_192_64_0p5_0p02_0048_0004" 5103
"/Engine/EngineMaterials/Substrate/GLints/dict_16_192_64_0p5_0p02_0048_0005" 5104
"/Engine/EngineMaterials/Substrate/GLints/dict_16_192_64_0p5_0p02_0048_0006" 5105
"/Engine/EngineMaterials/Substrate/GLints/dict_16_192_64_0p5_0p02_0048_0007" 5106
"/Engine/EngineMaterials/Substrate/GLints/dict_16_192_64_0p5_0p02_0048_0008" 5107
"/Engine/EngineMaterials/Substrate/GLints/dict_16_192_64_0p5_0p02_0048_0009" 5108
"/Engine/EngineMaterials/Substrate/GLints/dict_16_192_64_0p5_0p02_0048_0010" 5109
"/Engine/EngineMaterials/Substrate/GLints/dict_16_192_64_0p5_0p02_0048_0011" 5110
"/Engine/EngineMaterials/Substrate/GLints/dict_16_192_64_0p5_0p02_0048_0012" 5111
"/Engine/EngineMaterials/Substrate/GLints/dict_16_192_64_0p5_0p02_0048_0013" 5112
"/Engine/EngineMaterials/Substrate/GLints/dict_16_192_64_0p5_0p02_0048_0014" 5113
"/Engine/EngineMaterials/Substrate/GLints/dict_16_192_64_0p5_0p02_0048_0015" 5114
"/Engine/EngineMaterials/Substrate/GLints/dict_16_192_64_0p5_0p02_0049_0000" 5115
"/Engine/EngineMaterials/Substrate/GLints/dict_16_192_64_0p5_0p02_0049_0001" 5116
"/Engine/EngineMaterials/Substrate/GLints/dict_16_192_64_0p5_0p02_0049_0002" 5117
"/Engine/EngineMaterials/Substrate/GLints/dict_16_192_64_0p5_0p02_0049_0003" 5118
"/Engine/EngineMaterials/Substrate/GLints/dict_16_192_64_0p5_0p02_0049_0004" 5119
"../../../Engine/Content/EngineMaterials/Substrate/GLints/dict_16_192_64_0p5_0p02_0047_0002.uasset" 5120
"../../../Engine/Content/EngineMaterials/Substrate/GLints/dict_16_192_64_0p5_0p02_0046_0015.uasset" 5121
"../../../Engine/Content/EngineMaterials/Substrate/GLints/dict_16_192_64_0p5_0p02_0047_0000.uasset" 5122
"../../../Engine/Content/EngineMaterials/Substrate/GLints/dict_16_192_64_0p5_0p02_0046_0014.uasset" 5123
"../../../Engine/Content/EngineMaterials/Substrate/GLints/dict_16_192_64_0p5_0p02_0046_0013.uasset" 5124
"../../../Engine/Content/EngineMaterials/Substrate/GLints/dict_16_192_64_0p5_0p02_0046_0011.uasset" 5125
"/Engine/EngineMaterials/Substrate/GLints/dict_16_192_64_0p5_0p02_0047_0005" 5126
"../../../Engine/Content/EngineMaterials/Substrate/GLints/dict_16_192_64_0p5_0p02_0046_0010.uasset" 5127
"../../../Engine/Content/EngineMaterials/Substrate/GLints/dict_16_192_64_0p5_0p02_0046_0008.uasset" 5128
"../../../Engine/Content/EngineMaterials/Substrate/GLints/dict_16_192_64_0p5_0p02_0046_0007.uasset" 5129
"../../../Engine/Content/EngineMaterials/Substrate/GLints/dict_16_192_64_0p5_0p02_0046_0003.uasset" 5130
"../../../Engine/Content/EngineMaterials/Substrate/GLints/dict_16_192_64_0p5_0p02_0046_0004.uasset" 5131
"../../../Engine/Content/EngineMaterials/Substrate/GLints/dict_16_192_64_0p5_0p02_0047_0003.uasset" 5132
"../../../Engine/Content/EngineMaterials/Substrate/GLints/dict_16_192_64_0p5_0p02_0046_0005.uasset" 5133
"../../../Engine/Content/EngineMaterials/Substrate/GLints/dict_16_192_64_0p5_0p02_0046_0006.uasset" 5134
"../../../Engine/Content/EngineMaterials/Substrate/GLints/dict_16_192_64_0p5_0p02_0046_0012.uasset" 5135
"../../../Engine/Content/EngineMaterials/Substrate/GLints/dict_16_192_64_0p5_0p02_0047_0001.uasset" 5136
"../../../Engine/Content/EngineMaterials/Substrate/GLints/dict_16_192_64_0p5_0p02_0046_0001.uasset" 5137
"../../../Engine/Content/EngineMaterials/Substrate/GLints/dict_16_192_64_0p5_0p02_0046_0002.uasset" 5138
"../../../Engine/Content/EngineMaterials/Substrate/GLints/dict_16_192_64_0p5_0p02_0046_0009.uasset" 5139
"../../../Engine/Content/EngineMaterials/Substrate/GLints/dict_16_192_64_0p5_0p02_0047_0004.uasset" 5140
"/Engine/EngineMaterials/Substrate/GLints/dict_16_192_64_0p5_0p02_0047_0006" 5141
"/Engine/EngineMaterials/Substrate/GLints/dict_16_192_64_0p5_0p02_0047_0007" 5142
"/Engine/EngineMaterials/Substrate/GLints/dict_16_192_64_0p5_0p02_0047_0008" 5143
"/Engine/EngineMaterials/Substrate/GLints/dict_16_192_64_0p5_0p02_0047_0009" 5144
"/Engine/EngineMaterials/Substrate/GLints/dict_16_192_64_0p5_0p02_0047_0010" 5145
"/Engine/EngineMaterials/Substrate/GLints/dict_16_192_64_0p5_0p02_0047_0011" 5146
"/Engine/EngineMaterials/Substrate/GLints/dict_16_192_64_0p5_0p02_0047_0012" 5147
"/Engine/EngineMaterials/Substrate/GLints/dict_16_192_64_0p5_0p02_0047_0013" 5148
"/Engine/EngineMaterials/Substrate/GLints/dict_16_192_64_0p5_0p02_0047_0014" 5149
"/Engine/EngineMaterials/Substrate/GLints/dict_16_192_64_0p5_0p02_0047_0015" 5150
"/Engine/EngineMaterials/Substrate/GLints/dict_16_192_64_0p5_0p02_0048_0000" 5151
"../../../Engine/Content/EngineMaterials/Substrate/GLints/dict_16_192_64_0p5_0p02_0045_0015.uasset" 5152
"../../../Engine/Content/EngineMaterials/Substrate/GLints/dict_16_192_64_0p5_0p02_0046_0000.uasset" 5153
"../../../Engine/Content/EngineMaterials/Substrate/GLints/dict_16_192_64_0p5_0p02_0045_0013.uasset" 5154
"../../../Engine/Content/EngineMaterials/Substrate/GLints/dict_16_192_64_0p5_0p02_0045_0012.uasset" 5155
"/Engine/EngineMaterials/Substrate/GLints/dict_16_192_64_0p5_0p02_0046_0001" 5156
"../../../Engine/Content/EngineMaterials/Substrate/GLints/dict_16_192_64_0p5_0p02_0045_0008.uasset" 5157
"../../../Engine/Content/EngineMaterials/Substrate/GLints/dict_16_192_64_0p5_0p02_0045_0010.uasset" 5158
"../../../Engine/Content/EngineMaterials/Substrate/GLints/dict_16_192_64_0p5_0p02_0045_0007.uasset" 5159
"../../../Engine/Content/EngineMaterials/Substrate/GLints/dict_16_192_64_0p5_0p02_0045_0005.uasset" 5160
"../../../Engine/Content/EngineMaterials/Substrate/GLints/dict_16_192_64_0p5_0p02_0045_0011.uasset" 5161
"../../../Engine/Content/EngineMaterials/Substrate/GLints/dict_16_192_64_0p5_0p02_0045_0014.uasset" 5162
"../../../Engine/Content/EngineMaterials/Substrate/GLints/dict_16_192_64_0p5_0p02_0045_0009.uasset" 5163
"/Engine/EngineMaterials/Substrate/GLints/dict_16_192_64_0p5_0p02_0046_0002" 5164
"../../../Engine/Content/EngineMaterials/Substrate/GLints/dict_16_192_64_0p5_0p02_0045_0006.uasset" 5165
"/Engine/EngineMaterials/Substrate/GLints/dict_16_192_64_0p5_0p02_0046_0003" 5166
"/Engine/EngineMaterials/Substrate/GLints/dict_16_192_64_0p5_0p02_0046_0004" 5167
"/Engine/EngineMaterials/Substrate/GLints/dict_16_192_64_0p5_0p02_0046_0005" 5168
"/Engine/EngineMaterials/Substrate/GLints/dict_16_192_64_0p5_0p02_0046_0006" 5169
"/Engine/EngineMaterials/Substrate/GLints/dict_16_192_64_0p5_0p02_0046_0007" 5170
"/Engine/EngineMaterials/Substrate/GLints/dict_16_192_64_0p5_0p02_0046_0008" 5171
"/Engine/EngineMaterials/Substrate/GLints/dict_16_192_64_0p5_0p02_0046_0009" 5172
"/Engine/EngineMaterials/Substrate/GLints/dict_16_192_64_0p5_0p02_0046_0010" 5173
"/Engine/EngineMaterials/Substrate/GLints/dict_16_192_64_0p5_0p02_0046_0011" 5174
"/Engine/EngineMaterials/Substrate/GLints/dict_16_192_64_0p5_0p02_0046_0012" 5175
"/Engine/EngineMaterials/Substrate/GLints/dict_16_192_64_0p5_0p02_0046_0013" 5176
"/Engine/EngineMaterials/Substrate/GLints/dict_16_192_64_0p5_0p02_0046_0014" 5177
"/Engine/EngineMaterials/Substrate/GLints/dict_16_192_64_0p5_0p02_0046_0015" 5178
"/Engine/EngineMaterials/Substrate/GLints/dict_16_192_64_0p5_0p02_0047_0000" 5179
"/Engine/EngineMaterials/Substrate/GLints/dict_16_192_64_0p5_0p02_0047_0001" 5180
"/Engine/EngineMaterials/Substrate/GLints/dict_16_192_64_0p5_0p02_0047_0002" 5181
"/Engine/EngineMaterials/Substrate/GLints/dict_16_192_64_0p5_0p02_0047_0003" 5182
"/Engine/EngineMaterials/Substrate/GLints/dict_16_192_64_0p5_0p02_0047_0004" 5183
"../../../Engine/Content/EngineMaterials/Substrate/GLints/dict_16_192_64_0p5_0p02_0045_0003.uasset" 5184
"../../../Engine/Content/EngineMaterials/Substrate/GLints/dict_16_192_64_0p5_0p02_0045_0000.uasset" 5185
"../../../Engine/Content/EngineMaterials/Substrate/GLints/dict_16_192_64_0p5_0p02_0045_0004.uasset" 5186
"../../../Engine/Content/EngineMaterials/Substrate/GLints/dict_16_192_64_0p5_0p02_0044_0015.uasset" 5187
"../../../Engine/Content/EngineMaterials/Substrate/GLints/dict_16_192_64_0p5_0p02_0044_0011.uasset" 5188
"../../../Engine/Content/EngineMaterials/Substrate/GLints/dict_16_192_64_0p5_0p02_0044_0012.uasset" 5189
"/Engine/EngineMaterials/Substrate/GLints/dict_16_192_64_0p5_0p02_0045_0005" 5190
"../../../Engine/Content/EngineMaterials/Substrate/GLints/dict_16_192_64_0p5_0p02_0044_0009.uasset" 5191
"../../../Engine/Content/EngineMaterials/Substrate/GLints/dict_16_192_64_0p5_0p02_0044_0010.uasset" 5192
"../../../Engine/Content/EngineMaterials/Substrate/GLints/dict_16_192_64_0p5_0p02_0044_0006.uasset" 5193
"../../../Engine/Content/EngineMaterials/Substrate/GLints/dict_16_192_64_0p5_0p02_0044_0014.uasset" 5194
"../../../Engine/Content/EngineMaterials/Substrate/GLints/dict_16_192_64_0p5_0p02_0045_0002.uasset" 5195
"../../../Engine/Content/EngineMaterials/Substrate/GLints/dict_16_192_64_0p5_0p02_0045_0001.uasset" 5196
"../../../Engine/Content/EngineMaterials/Substrate/GLints/dict_16_192_64_0p5_0p02_0044_0003.uasset" 5197
"../../../Engine/Content/EngineMaterials/Substrate/GLints/dict_16_192_64_0p5_0p02_0044_0004.uasset" 5198
"../../../Engine/Content/EngineMaterials/Substrate/GLints/dict_16_192_64_0p5_0p02_0044_0005.uasset" 5199
"../../../Engine/Content/EngineMaterials/Substrate/GLints/dict_16_192_64_0p5_0p02_0044_0008.uasset" 5200
"../../../Engine/Content/EngineMaterials/Substrate/GLints/dict_16_192_64_0p5_0p02_0044_0001.uasset" 5201
"../../../Engine/Content/EngineMaterials/Substrate/GLints/dict_16_192_64_0p5_0p02_0044_0002.uasset" 5202
"../../../Engine/Content/EngineMaterials/Substrate/GLints/dict_16_192_64_0p5_0p02_0044_0007.uasset" 5203
"../../../Engine/Content/EngineMaterials/Substrate/GLints/dict_16_192_64_0p5_0p02_0044_0013.uasset" 5204
"/Engine/EngineMaterials/Substrate/GLints/dict_16_192_64_0p5_0p02_0045_0006" 5205
"/Engine/EngineMaterials/Substrate/GLints/dict_16_192_64_0p5_0p02_0045_0007" 5206
"/Engine/EngineMaterials/Substrate/GLints/dict_16_192_64_0p5_0p02_0045_0008" 5207
"/Engine/EngineMaterials/Substrate/GLints/dict_16_192_64_0p5_0p02_0045_0009" 5208
"/Engine/EngineMaterials/Substrate/GLints/dict_16_192_64_0p5_0p02_0045_0010" 5209
"/Engine/EngineMaterials/Substrate/GLints/dict_16_192_64_0p5_0p02_0045_0011" 5210
"/Engine/EngineMaterials/Substrate/GLints/dict_16_192_64_0p5_0p02_0045_0012" 5211
"/Engine/EngineMaterials/Substrate/GLints/dict_16_192_64_0p5_0p02_0045_0013" 5212
"/Engine/EngineMaterials/Substrate/GLints/dict_16_192_64_0p5_0p02_0045_0014" 5213
"/Engine/EngineMaterials/Substrate/GLints/dict_16_192_64_0p5_0p02_0045_0015" 5214
"/Engine/EngineMaterials/Substrate/GLints/dict_16_192_64_0p5_0p02_0046_0000" 5215
"../../../Engine/Content/EngineMaterials/Substrate/GLints/dict_16_192_64_0p5_0p02_0044_0000.uasset" 5216
"../../../Engine/Content/EngineMaterials/Substrate/GLints/dict_16_192_64_0p5_0p02_0043_0015.uasset" 5217
"../../../Engine/Content/EngineMaterials/Substrate/GLints/dict_16_192_64_0p5_0p02_0043_0013.uasset" 5218
"../../../Engine/Content/EngineMaterials/Substrate/GLints/dict_16_192_64_0p5_0p02_0043_0014.uasset" 5219
"../../../Engine/Content/EngineMaterials/Substrate/GLints/dict_16_192_64_0p5_0p02_0043_0008.uasset" 5220
"../../../Engine/Content/EngineMaterials/Substrate/GLints/dict_16_192_64_0p5_0p02_0043_0009.uasset" 5221
"../../../Engine/Content/EngineMaterials/Substrate/GLints/dict_16_192_64_0p5_0p02_0043_0012.uasset" 5222
"../../../Engine/Content/EngineMaterials/Substrate/GLints/dict_16_192_64_0p5_0p02_0043_0010.uasset" 5223
"/Engine/EngineMaterials/Substrate/GLints/dict_16_192_64_0p5_0p02_0044_0001" 5224
"../../../Engine/Content/EngineMaterials/Substrate/GLints/dict_16_192_64_0p5_0p02_0043_0011.uasset" 5225
"../../../Engine/Content/EngineMaterials/Substrate/GLints/dict_16_192_64_0p5_0p02_0043_0007.uasset" 5226
"../../../Engine/Content/EngineMaterials/Substrate/GLints/dict_16_192_64_0p5_0p02_0043_0005.uasset" 5227
"../../../Engine/Content/EngineMaterials/Substrate/GLints/dict_16_192_64_0p5_0p02_0043_0006.uasset" 5228
"/Engine/EngineMaterials/Substrate/GLints/dict_16_192_64_0p5_0p02_0044_0002" 5229
"/Engine/EngineMaterials/Substrate/GLints/dict_16_192_64_0p5_0p02_0044_0003" 5230
"/Engine/EngineMaterials/Substrate/GLints/dict_16_192_64_0p5_0p02_0044_0004" 5231
"/Engine/EngineMaterials/Substrate/GLints/dict_16_192_64_0p5_0p02_0044_0005" 5232
"/Engine/EngineMaterials/Substrate/GLints/dict_16_192_64_0p5_0p02_0044_0006" 5233
"/Engine/EngineMaterials/Substrate/GLints/dict_16_192_64_0p5_0p02_0044_0007" 5234
"/Engine/EngineMaterials/Substrate/GLints/dict_16_192_64_0p5_0p02_0044_0008" 5235
"/Engine/EngineMaterials/Substrate/GLints/dict_16_192_64_0p5_0p02_0044_0009" 5236
"/Engine/EngineMaterials/Substrate/GLints/dict_16_192_64_0p5_0p02_0044_0010" 5237
"/Engine/EngineMaterials/Substrate/GLints/dict_16_192_64_0p5_0p02_0044_0011" 5238
"/Engine/EngineMaterials/Substrate/GLints/dict_16_192_64_0p5_0p02_0044_0012" 5239
"/Engine/EngineMaterials/Substrate/GLints/dict_16_192_64_0p5_0p02_0044_0013" 5240
"/Engine/EngineMaterials/Substrate/GLints/dict_16_192_64_0p5_0p02_0044_0014" 5241
"/Engine/EngineMaterials/Substrate/GLints/dict_16_192_64_0p5_0p02_0044_0015" 5242
"/Engine/EngineMaterials/Substrate/GLints/dict_16_192_64_0p5_0p02_0045_0000" 5243
"/Engine/EngineMaterials/Substrate/GLints/dict_16_192_64_0p5_0p02_0045_0001" 5244
"/Engine/EngineMaterials/Substrate/GLints/dict_16_192_64_0p5_0p02_0045_0002" 5245
"/Engine/EngineMaterials/Substrate/GLints/dict_16_192_64_0p5_0p02_0045_0003" 5246
"/Engine/EngineMaterials/Substrate/GLints/dict_16_192_64_0p5_0p02_0045_0004" 5247
"/Engine/EngineMaterials/Substrate/GLints/dict_16_192_64_0p5_0p02_0044_0000" 5248
"../../../Engine/Content/EngineMaterials/Substrate/GLints/dict_16_192_64_0p5_0p02_0043_0004.uasset" 5249
"../../../Engine/Content/EngineMaterials/Substrate/GLints/dict_16_192_64_0p5_0p02_0043_0001.uasset" 5250
"../../../Engine/Content/EngineMaterials/Substrate/GLints/dict_16_192_64_0p5_0p02_0043_0002.uasset" 5251
"../../../Engine/Content/EngineMaterials/Substrate/GLints/dict_16_192_64_0p5_0p02_0042_0013.uasset" 5252
"../../../Engine/Content/EngineMaterials/Substrate/GLints/dict_16_192_64_0p5_0p02_0042_0014.uasset" 5253
"../../../Engine/Content/EngineMaterials/Substrate/GLints/dict_16_192_64_0p5_0p02_0042_0012.uasset" 5254
"/Engine/EngineMaterials/Substrate/GLints/dict_16_192_64_0p5_0p02_0043_0005" 5255
"../../../Engine/Content/EngineMaterials/Substrate/GLints/dict_16_192_64_0p5_0p02_0042_0010.uasset" 5256
"../../../Engine/Content/EngineMaterials/Substrate/GLints/dict_16_192_64_0p5_0p02_0042_0015.uasset" 5257
"../../../Engine/Content/EngineMaterials/Substrate/GLints/dict_16_192_64_0p5_0p02_0042_0008.uasset" 5258
"../../../Engine/Content/EngineMaterials/Substrate/GLints/dict_16_192_64_0p5_0p02_0042_0009.uasset" 5259
"../../../Engine/Content/EngineMaterials/Substrate/GLints/dict_16_192_64_0p5_0p02_0043_0003.uasset" 5260
"../../../Engine/Content/EngineMaterials/Substrate/GLints/dict_16_192_64_0p5_0p02_0042_0003.uasset" 5261
"../../../Engine/Content/EngineMaterials/Substrate/GLints/dict_16_192_64_0p5_0p02_0042_0007.uasset" 5262
"../../../Engine/Content/EngineMaterials/Substrate/GLints/dict_16_192_64_0p5_0p02_0042_0005.uasset" 5263
"../../../Engine/Content/EngineMaterials/Substrate/GLints/dict_16_192_64_0p5_0p02_0042_0002.uasset" 5264
"../../../Engine/Content/EngineMaterials/Substrate/GLints/dict_16_192_64_0p5_0p02_0042_0000.uasset" 5265
"../../../Engine/Content/EngineMaterials/Substrate/GLints/dict_16_192_64_0p5_0p02_0043_0000.uasset" 5266
"../../../Engine/Content/EngineMaterials/Substrate/GLints/dict_16_192_64_0p5_0p02_0042_0011.uasset" 5267
"../../../Engine/Content/EngineMaterials/Substrate/GLints/dict_16_192_64_0p5_0p02_0042_0006.uasset" 5268
"../../../Engine/Content/EngineMaterials/Substrate/GLints/dict_16_192_64_0p5_0p02_0042_0004.uasset" 5269
"../../../Engine/Content/EngineMaterials/Substrate/GLints/dict_16_192_64_0p5_0p02_0042_0001.uasset" 5270
"/Engine/EngineMaterials/Substrate/GLints/dict_16_192_64_0p5_0p02_0043_0006" 5271
"/Engine/EngineMaterials/Substrate/GLints/dict_16_192_64_0p5_0p02_0043_0007" 5272
"/Engine/EngineMaterials/Substrate/GLints/dict_16_192_64_0p5_0p02_0043_0008" 5273
"/Engine/EngineMaterials/Substrate/GLints/dict_16_192_64_0p5_0p02_0043_0009" 5274
"/Engine/EngineMaterials/Substrate/GLints/dict_16_192_64_0p5_0p02_0043_0010" 5275
"/Engine/EngineMaterials/Substrate/GLints/dict_16_192_64_0p5_0p02_0043_0011" 5276
"/Engine/EngineMaterials/Substrate/GLints/dict_16_192_64_0p5_0p02_0043_0012" 5277
"/Engine/EngineMaterials/Substrate/GLints/dict_16_192_64_0p5_0p02_0043_0013" 5278
"/Engine/EngineMaterials/Substrate/GLints/dict_16_192_64_0p5_0p02_0043_0014" 5279
"/Engine/EngineMaterials/Substrate/GLints/dict_16_192_64_0p5_0p02_0043_0015" 5280
"/Engine/EngineMaterials/Substrate/GLints/dict_16_192_64_0p5_0p02_0043_0004" 5281
"../../../Engine/Content/EngineMaterials/Substrate/GLints/dict_16_192_64_0p5_0p02_0041_0014.uasset" 5282
"../../../Engine/Content/EngineMaterials/Substrate/GLints/dict_16_192_64_0p5_0p02_0041_0011.uasset" 5283
"../../../Engine/Content/EngineMaterials/Substrate/GLints/dict_16_192_64_0p5_0p02_0041_0010.uasset" 5284
"../../../Engine/Content/EngineMaterials/Substrate/GLints/dict_16_192_64_0p5_0p02_0041_0009.uasset" 5285
"../../../Engine/Content/EngineMaterials/Substrate/GLints/dict_16_192_64_0p5_0p02_0041_0007.uasset" 5286
"/Engine/EngineMaterials/Substrate/GLints/dict_16_192_64_0p5_0p02_0042_0000" 5287
"../../../Engine/Content/EngineMaterials/Substrate/GLints/dict_16_192_64_0p5_0p02_0041_0008.uasset" 5288
"../../../Engine/Content/EngineMaterials/Substrate/GLints/dict_16_192_64_0p5_0p02_0041_0012.uasset" 5289
"../../../Engine/Content/EngineMaterials/Substrate/GLints/dict_16_192_64_0p5_0p02_0041_0004.uasset" 5290
"../../../Engine/Content/EngineMaterials/Substrate/GLints/dict_16_192_64_0p5_0p02_0041_0015.uasset" 5291
"../../../Engine/Content/EngineMaterials/Substrate/GLints/dict_16_192_64_0p5_0p02_0041_0013.uasset" 5292
"/Engine/EngineMaterials/Substrate/GLints/dict_16_192_64_0p5_0p02_0042_0001" 5293
"../../../Engine/Content/EngineMaterials/Substrate/GLints/dict_16_192_64_0p5_0p02_0041_0006.uasset" 5294
"../../../Engine/Content/EngineMaterials/Substrate/GLints/dict_16_192_64_0p5_0p02_0041_0005.uasset" 5295
"/Engine/EngineMaterials/Substrate/GLints/dict_16_192_64_0p5_0p02_0042_0002" 5296
"/Engine/EngineMaterials/Substrate/GLints/dict_16_192_64_0p5_0p02_0042_0003" 5297
"/Engine/EngineMaterials/Substrate/GLints/dict_16_192_64_0p5_0p02_0042_0004" 5298
"/Engine/EngineMaterials/Substrate/GLints/dict_16_192_64_0p5_0p02_0042_0005" 5299
"/Engine/EngineMaterials/Substrate/GLints/dict_16_192_64_0p5_0p02_0042_0006" 5300
"/Engine/EngineMaterials/Substrate/GLints/dict_16_192_64_0p5_0p02_0042_0007" 5301
"/Engine/EngineMaterials/Substrate/GLints/dict_16_192_64_0p5_0p02_0042_0008" 5302
"/Engine/EngineMaterials/Substrate/GLints/dict_16_192_64_0p5_0p02_0042_0009" 5303
"/Engine/EngineMaterials/Substrate/GLints/dict_16_192_64_0p5_0p02_0042_0010" 5304
"/Engine/EngineMaterials/Substrate/GLints/dict_16_192_64_0p5_0p02_0042_0011" 5305
"/Engine/EngineMaterials/Substrate/GLints/dict_16_192_64_0p5_0p02_0042_0012" 5306
"/Engine/EngineMaterials/Substrate/GLints/dict_16_192_64_0p5_0p02_0042_0013" 5307
"/Engine/EngineMaterials/Substrate/GLints/dict_16_192_64_0p5_0p02_0042_0014" 5308
"/Engine/EngineMaterials/Substrate/GLints/dict_16_192_64_0p5_0p02_0042_0015" 5309
"/Engine/EngineMaterials/Substrate/GLints/dict_16_192_64_0p5_0p02_0043_0000" 5310
"/Engine/EngineMaterials/Substrate/GLints/dict_16_192_64_0p5_0p02_0043_0001" 5311
"/Engine/EngineMaterials/Substrate/GLints/dict_16_192_64_0p5_0p02_0043_0002" 5312
"/Engine/EngineMaterials/Substrate/GLints/dict_16_192_64_0p5_0p02_0043_0003" 5313
"/Engine/EngineMaterials/Substrate/GLints/dict_16_192_64_0p5_0p02_0041_0011" 5314
"../../../Engine/Content/EngineMaterials/Substrate/GLints/dict_16_192_64_0p5_0p02_0041_0000.uasset" 5315
"../../../Engine/Content/EngineMaterials/Substrate/GLints/dict_16_192_64_0p5_0p02_0040_0014.uasset" 5316
"../../../Engine/Content/EngineMaterials/Substrate/GLints/dict_16_192_64_0p5_0p02_0040_0012.uasset" 5317
"../../../Engine/Content/EngineMaterials/Substrate/GLints/dict_16_192_64_0p5_0p02_0040_0011.uasset" 5318
"/Engine/EngineMaterials/Substrate/GLints/dict_16_192_64_0p5_0p02_0041_0004" 5319
"../../../Engine/Content/EngineMaterials/Substrate/GLints/dict_16_192_64_0p5_0p02_0040_0015.uasset" 5320
"../../../Engine/Content/EngineMaterials/Substrate/GLints/dict_16_192_64_0p5_0p02_0040_0013.uasset" 5321
"../../../Engine/Content/EngineMaterials/Substrate/GLints/dict_16_192_64_0p5_0p02_0040_0006.uasset" 5322
"../../../Engine/Content/EngineMaterials/Substrate/GLints/dict_16_192_64_0p5_0p02_0040_0007.uasset" 5323
"../../../Engine/Content/EngineMaterials/Substrate/GLints/dict_16_192_64_0p5_0p02_0040_0001.uasset" 5324
"../../../Engine/Content/EngineMaterials/Substrate/GLints/dict_16_192_64_0p5_0p02_0040_0003.uasset" 5325
"../../../Engine/Content/EngineMaterials/Substrate/GLints/dict_16_192_64_0p5_0p02_0040_0005.uasset" 5326
"../../../Engine/Content/EngineMaterials/Substrate/GLints/dict_16_192_64_0p5_0p02_0041_0001.uasset" 5327
"../../../Engine/Content/EngineMaterials/Substrate/GLints/dict_16_192_64_0p5_0p02_0039_0015.uasset" 5328
"../../../Engine/Content/EngineMaterials/Substrate/GLints/dict_16_192_64_0p5_0p02_0040_0010.uasset" 5329
"../../../Engine/Content/EngineMaterials/Substrate/GLints/dict_16_192_64_0p5_0p02_0040_0000.uasset" 5330
"../../../Engine/Content/EngineMaterials/Substrate/GLints/dict_16_192_64_0p5_0p02_0040_0008.uasset" 5331
"../../../Engine/Content/EngineMaterials/Substrate/GLints/dict_16_192_64_0p5_0p02_0041_0003.uasset" 5332
"../../../Engine/Content/EngineMaterials/Substrate/GLints/dict_16_192_64_0p5_0p02_0040_0002.uasset" 5333
"../../../Engine/Content/EngineMaterials/Substrate/GLints/dict_16_192_64_0p5_0p02_0041_0002.uasset" 5334
"../../../Engine/Content/EngineMaterials/Substrate/GLints/dict_16_192_64_0p5_0p02_0040_0009.uasset" 5335
"../../../Engine/Content/EngineMaterials/Substrate/GLints/dict_16_192_64_0p5_0p02_0040_0004.uasset" 5336
"/Engine/EngineMaterials/Substrate/GLints/dict_16_192_64_0p5_0p02_0041_0005" 5337
"/Engine/EngineMaterials/Substrate/GLints/dict_16_192_64_0p5_0p02_0041_0006" 5338
"/Engine/EngineMaterials/Substrate/GLints/dict_16_192_64_0p5_0p02_0041_0007" 5339
"/Engine/EngineMaterials/Substrate/GLints/dict_16_192_64_0p5_0p02_0041_0008" 5340
"/Engine/EngineMaterials/Substrate/GLints/dict_16_192_64_0p5_0p02_0041_0009" 5341
"/Engine/EngineMaterials/Substrate/GLints/dict_16_192_64_0p5_0p02_0041_0010" 5342
"/Engine/EngineMaterials/Substrate/GLints/dict_16_192_64_0p5_0p02_0041_0012" 5343
"/Engine/EngineMaterials/Substrate/GLints/dict_16_192_64_0p5_0p02_0041_0013" 5344
"/Engine/EngineMaterials/Substrate/GLints/dict_16_192_64_0p5_0p02_0041_0014" 5345
"/Engine/EngineMaterials/Substrate/GLints/dict_16_192_64_0p5_0p02_0041_0015" 5346
"../../../Engine/Content/EngineMaterials/Substrate/GLints/dict_16_192_64_0p5_0p02_0039_0014.uasset" 5347
"../../../Engine/Content/EngineMaterials/Substrate/GLints/dict_16_192_64_0p5_0p02_0039_0012.uasset" 5348
"../../../Engine/Content/EngineMaterials/Substrate/GLints/dict_16_192_64_0p5_0p02_0039_0011.uasset" 5349
"../../../Engine/Content/EngineMaterials/Substrate/GLints/dict_16_192_64_0p5_0p02_0039_0013.uasset" 5350
"../../../Engine/Content/EngineMaterials/Substrate/GLints/dict_16_192_64_0p5_0p02_0039_0008.uasset" 5351
"../../../Engine/Content/EngineMaterials/Substrate/GLints/dict_16_192_64_0p5_0p02_0039_0010.uasset" 5352
"../../../Engine/Content/EngineMaterials/Substrate/GLints/dict_16_192_64_0p5_0p02_0039_0007.uasset" 5353
"../../../Engine/Content/EngineMaterials/Substrate/GLints/dict_16_192_64_0p5_0p02_0039_0009.uasset" 5354
"../../../Engine/Content/EngineMaterials/Substrate/GLints/dict_16_192_64_0p5_0p02_0039_0006.uasset" 5355
"../../../Engine/Content/EngineMaterials/Substrate/GLints/dict_16_192_64_0p5_0p02_0039_0004.uasset" 5356
"../../../Engine/Content/EngineMaterials/Substrate/GLints/dict_16_192_64_0p5_0p02_0039_0005.uasset" 5357
"/Engine/EngineMaterials/Substrate/GLints/dict_16_192_64_0p5_0p02_0039_0015" 5358
"/Engine/EngineMaterials/Substrate/GLints/dict_16_192_64_0p5_0p02_0040_0000" 5359
"/Engine/EngineMaterials/Substrate/GLints/dict_16_192_64_0p5_0p02_0040_0001" 5360
"/Engine/EngineMaterials/Substrate/GLints/dict_16_192_64_0p5_0p02_0040_0002" 5361
"/Engine/EngineMaterials/Substrate/GLints/dict_16_192_64_0p5_0p02_0040_0003" 5362
"/Engine/EngineMaterials/Substrate/GLints/dict_16_192_64_0p5_0p02_0040_0004" 5363
"/Engine/EngineMaterials/Substrate/GLints/dict_16_192_64_0p5_0p02_0040_0005" 5364
"/Engine/EngineMaterials/Substrate/GLints/dict_16_192_64_0p5_0p02_0040_0006" 5365
"/Engine/EngineMaterials/Substrate/GLints/dict_16_192_64_0p5_0p02_0040_0007" 5366
"/Engine/EngineMaterials/Substrate/GLints/dict_16_192_64_0p5_0p02_0040_0008" 5367
"/Engine/EngineMaterials/Substrate/GLints/dict_16_192_64_0p5_0p02_0040_0009" 5368
"/Engine/EngineMaterials/Substrate/GLints/dict_16_192_64_0p5_0p02_0040_0010" 5369
"/Engine/EngineMaterials/Substrate/GLints/dict_16_192_64_0p5_0p02_0040_0011" 5370
"/Engine/EngineMaterials/Substrate/GLints/dict_16_192_64_0p5_0p02_0040_0012" 5371
"/Engine/EngineMaterials/Substrate/GLints/dict_16_192_64_0p5_0p02_0040_0013" 5372
"/Engine/EngineMaterials/Substrate/GLints/dict_16_192_64_0p5_0p02_0040_0014" 5373
"/Engine/EngineMaterials/Substrate/GLints/dict_16_192_64_0p5_0p02_0040_0015" 5374
"/Engine/EngineMaterials/Substrate/GLints/dict_16_192_64_0p5_0p02_0041_0000" 5375
"/Engine/EngineMaterials/Substrate/GLints/dict_16_192_64_0p5_0p02_0041_0001" 5376
"/Engine/EngineMaterials/Substrate/GLints/dict_16_192_64_0p5_0p02_0041_0002" 5377
"/Engine/EngineMaterials/Substrate/GLints/dict_16_192_64_0p5_0p02_0041_0003" 5378
"../../../Engine/Content/EngineMaterials/Substrate/GLints/dict_16_192_64_0p5_0p02_0039_0002.uasset" 5379
"../../../Engine/Content/EngineMaterials/Substrate/GLints/dict_16_192_64_0p5_0p02_0038_0013.uasset" 5380
"../../../Engine/Content/EngineMaterials/Substrate/GLints/dict_16_192_64_0p5_0p02_0038_0011.uasset" 5381
"../../../Engine/Content/EngineMaterials/Substrate/GLints/dict_16_192_64_0p5_0p02_0038_0015.uasset" 5382
"../../../Engine/Content/EngineMaterials/Substrate/GLints/dict_16_192_64_0p5_0p02_0038_0012.uasset" 5383
"../../../Engine/Content/EngineMaterials/Substrate/GLints/dict_16_192_64_0p5_0p02_0038_0010.uasset" 5384
"../../../Engine/Content/EngineMaterials/Substrate/GLints/dict_16_192_64_0p5_0p02_0038_0009.uasset" 5385
"../../../Engine/Content/EngineMaterials/Substrate/GLints/dict_16_192_64_0p5_0p02_0039_0003.uasset" 5386
"../../../Engine/Content/EngineMaterials/Substrate/GLints/dict_16_192_64_0p5_0p02_0038_0004.uasset" 5387
"/Engine/EngineMaterials/Substrate/GLints/dict_16_192_64_0p5_0p02_0039_0004" 5388
"../../../Engine/Content/EngineMaterials/Substrate/GLints/dict_16_192_64_0p5_0p02_0038_0007.uasset" 5389
"../../../Engine/Content/EngineMaterials/Substrate/GLints/dict_16_192_64_0p5_0p02_0037_0015.uasset" 5390
"../../../Engine/Content/EngineMaterials/Substrate/GLints/dict_16_192_64_0p5_0p02_0038_0000.uasset" 5391
"../../../Engine/Content/EngineMaterials/Substrate/GLints/dict_16_192_64_0p5_0p02_0038_0005.uasset" 5392
"../../../Engine/Content/EngineMaterials/Substrate/GLints/dict_16_192_64_0p5_0p02_0038_0014.uasset" 5393
"../../../Engine/Content/EngineMaterials/Substrate/GLints/dict_16_192_64_0p5_0p02_0039_0001.uasset" 5394
"../../../Engine/Content/EngineMaterials/Substrate/GLints/dict_16_192_64_0p5_0p02_0038_0002.uasset" 5395
"../../../Engine/Content/EngineMaterials/Substrate/GLints/dict_16_192_64_0p5_0p02_0039_0000.uasset" 5396
"../../../Engine/Content/EngineMaterials/Substrate/GLints/dict_16_192_64_0p5_0p02_0038_0006.uasset" 5397
"../../../Engine/Content/EngineMaterials/Substrate/GLints/dict_16_192_64_0p5_0p02_0038_0008.uasset" 5398
"../../../Engine/Content/EngineMaterials/Substrate/GLints/dict_16_192_64_0p5_0p02_0038_0001.uasset" 5399
"../../../Engine/Content/EngineMaterials/Substrate/GLints/dict_16_192_64_0p5_0p02_0038_0003.uasset" 5400
"/Engine/EngineMaterials/Substrate/GLints/dict_16_192_64_0p5_0p02_0039_0005" 5401
"/Engine/EngineMaterials/Substrate/GLints/dict_16_192_64_0p5_0p02_0039_0006" 5402
"/Engine/EngineMaterials/Substrate/GLints/dict_16_192_64_0p5_0p02_0039_0007" 5403
"/Engine/EngineMaterials/Substrate/GLints/dict_16_192_64_0p5_0p02_0039_0008" 5404
"/Engine/EngineMaterials/Substrate/GLints/dict_16_192_64_0p5_0p02_0039_0009" 5405
"/Engine/EngineMaterials/Substrate/GLints/dict_16_192_64_0p5_0p02_0039_0010" 5406
"/Engine/EngineMaterials/Substrate/GLints/dict_16_192_64_0p5_0p02_0039_0011" 5407
"/Engine/EngineMaterials/Substrate/GLints/dict_16_192_64_0p5_0p02_0039_0012" 5408
"/Engine/EngineMaterials/Substrate/GLints/dict_16_192_64_0p5_0p02_0039_0013" 5409
"/Engine/EngineMaterials/Substrate/GLints/dict_16_192_64_0p5_0p02_0039_0014" 5410
"../../../Engine/Content/EngineMaterials/Substrate/GLints/dict_16_192_64_0p5_0p02_0037_0014.uasset" 5411
"../../../Engine/Content/EngineMaterials/Substrate/GLints/dict_16_192_64_0p5_0p02_0037_0010.uasset" 5412
"../../../Engine/Content/EngineMaterials/Substrate/GLints/dict_16_192_64_0p5_0p02_0037_0008.uasset" 5413
"../../../Engine/Content/EngineMaterials/Substrate/GLints/dict_16_192_64_0p5_0p02_0037_0007.uasset" 5414
"/Engine/EngineMaterials/Substrate/GLints/dict_16_192_64_0p5_0p02_0037_0015" 5415
"../../../Engine/Content/EngineMaterials/Substrate/GLints/dict_16_192_64_0p5_0p02_0037_0009.uasset" 5416
"../../../Engine/Content/EngineMaterials/Substrate/GLints/dict_16_192_64_0p5_0p02_0037_0011.uasset" 5417
"../../../Engine/Content/EngineMaterials/Substrate/GLints/dict_16_192_64_0p5_0p02_0037_0006.uasset" 5418
"../../../Engine/Content/EngineMaterials/Substrate/GLints/dict_16_192_64_0p5_0p02_0037_0004.uasset" 5419
"../../../Engine/Content/EngineMaterials/Substrate/GLints/dict_16_192_64_0p5_0p02_0037_0012.uasset" 5420
"../../../Engine/Content/EngineMaterials/Substrate/GLints/dict_16_192_64_0p5_0p02_0037_0013.uasset" 5421
"../../../Engine/Content/EngineMaterials/Substrate/GLints/dict_16_192_64_0p5_0p02_0037_0005.uasset" 5422
"/Engine/EngineMaterials/Substrate/GLints/dict_16_192_64_0p5_0p02_0038_0000" 5423
"/Engine/EngineMaterials/Substrate/GLints/dict_16_192_64_0p5_0p02_0038_0001" 5424
"/Engine/EngineMaterials/Substrate/GLints/dict_16_192_64_0p5_0p02_0038_0002" 5425
"/Engine/EngineMaterials/Substrate/GLints/dict_16_192_64_0p5_0p02_0038_0003" 5426
"/Engine/EngineMaterials/Substrate/GLints/dict_16_192_64_0p5_0p02_0038_0004" 5427
"/Engine/EngineMaterials/Substrate/GLints/dict_16_192_64_0p5_0p02_0038_0005" 5428
"/Engine/EngineMaterials/Substrate/GLints/dict_16_192_64_0p5_0p02_0038_0006" 5429
"/Engine/EngineMaterials/Substrate/GLints/dict_16_192_64_0p5_0p02_0038_0007" 5430
"/Engine/EngineMaterials/Substrate/GLints/dict_16_192_64_0p5_0p02_0038_0008" 5431
"/Engine/EngineMaterials/Substrate/GLints/dict_16_192_64_0p5_0p02_0038_0009" 5432
"/Engine/EngineMaterials/Substrate/GLints/dict_16_192_64_0p5_0p02_0038_0010" 5433
"/Engine/EngineMaterials/Substrate/GLints/dict_16_192_64_0p5_0p02_0038_0011" 5434
"/Engine/EngineMaterials/Substrate/GLints/dict_16_192_64_0p5_0p02_0038_0012" 5435
"/Engine/EngineMaterials/Substrate/GLints/dict_16_192_64_0p5_0p02_0038_0013" 5436
"/Engine/EngineMaterials/Substrate/GLints/dict_16_192_64_0p5_0p02_0038_0014" 5437
"/Engine/EngineMaterials/Substrate/GLints/dict_16_192_64_0p5_0p02_0038_0015" 5438
"/Engine/EngineMaterials/Substrate/GLints/dict_16_192_64_0p5_0p02_0039_0000" 5439
"/Engine/EngineMaterials/Substrate/GLints/dict_16_192_64_0p5_0p02_0039_0001" 5440
"/Engine/EngineMaterials/Substrate/GLints/dict_16_192_64_0p5_0p02_0039_0002" 5441
"/Engine/EngineMaterials/Substrate/GLints/dict_16_192_64_0p5_0p02_0039_0003" 5442
"../../../Engine/Content/EngineMaterials/Substrate/GLints/dict_16_192_64_0p5_0p02_0037_0003.uasset" 5443
"../../../Engine/Content/EngineMaterials/Substrate/GLints/dict_16_192_64_0p5_0p02_0036_0015.uasset" 5444
"../../../Engine/Content/EngineMaterials/Substrate/GLints/dict_16_192_64_0p5_0p02_0036_0014.uasset" 5445
"../../../Engine/Content/EngineMaterials/Substrate/GLints/dict_16_192_64_0p5_0p02_0036_0013.uasset" 5446
"../../../Engine/Content/EngineMaterials/Substrate/GLints/dict_16_192_64_0p5_0p02_0036_0011.uasset" 5447
"../../../Engine/Content/EngineMaterials/Substrate/GLints/dict_16_192_64_0p5_0p02_0036_0012.uasset" 5448
"../../../Engine/Content/EngineMaterials/Substrate/GLints/dict_16_192_64_0p5_0p02_0036_0009.uasset" 5449
"/Engine/EngineMaterials/Substrate/GLints/dict_16_192_64_0p5_0p02_0037_0004" 5450
"../../../Engine/Content/EngineMaterials/Substrate/GLints/dict_16_192_64_0p5_0p02_0036_0003.uasset" 5451
"../../../Engine/Content/EngineMaterials/Substrate/GLints/dict_16_192_64_0p5_0p02_0037_0002.uasset" 5452
"../../../Engine/Content/EngineMaterials/Substrate/GLints/dict_16_192_64_0p5_0p02_0036_0000.uasset" 5453
"../../../Engine/Content/EngineMaterials/Substrate/GLints/dict_16_192_64_0p5_0p02_0036_0006.uasset" 5454
"../../../Engine/Content/EngineMaterials/Substrate/GLints/dict_16_192_64_0p5_0p02_0036_0007.uasset" 5455
"../../../Engine/Content/EngineMaterials/Substrate/GLints/dict_16_192_64_0p5_0p02_0036_0004.uasset" 5456
"../../../Engine/Content/EngineMaterials/Substrate/GLints/dict_16_192_64_0p5_0p02_0037_0001.uasset" 5457
"../../../Engine/Content/EngineMaterials/Substrate/GLints/dict_16_192_64_0p5_0p02_0036_0001.uasset" 5458
"../../../Engine/Content/EngineMaterials/Substrate/GLints/dict_16_192_64_0p5_0p02_0036_0008.uasset" 5459
"../../../Engine/Content/EngineMaterials/Substrate/GLints/dict_16_192_64_0p5_0p02_0035_0015.uasset" 5460
"../../../Engine/Content/EngineMaterials/Substrate/GLints/dict_16_192_64_0p5_0p02_0036_0010.uasset" 5461
"../../../Engine/Content/EngineMaterials/Substrate/GLints/dict_16_192_64_0p5_0p02_0036_0002.uasset" 5462
"../../../Engine/Content/EngineMaterials/Substrate/GLints/dict_16_192_64_0p5_0p02_0036_0005.uasset" 5463
"../../../Engine/Content/EngineMaterials/Substrate/GLints/dict_16_192_64_0p5_0p02_0037_0000.uasset" 5464
"/Engine/EngineMaterials/Substrate/GLints/dict_16_192_64_0p5_0p02_0037_0005" 5465
"/Engine/EngineMaterials/Substrate/GLints/dict_16_192_64_0p5_0p02_0037_0006" 5466
"/Engine/EngineMaterials/Substrate/GLints/dict_16_192_64_0p5_0p02_0037_0007" 5467
"/Engine/EngineMaterials/Substrate/GLints/dict_16_192_64_0p5_0p02_0037_0008" 5468
"/Engine/EngineMaterials/Substrate/GLints/dict_16_192_64_0p5_0p02_0037_0009" 5469
"/Engine/EngineMaterials/Substrate/GLints/dict_16_192_64_0p5_0p02_0037_0010" 5470
"/Engine/EngineMaterials/Substrate/GLints/dict_16_192_64_0p5_0p02_0037_0011" 5471
"/Engine/EngineMaterials/Substrate/GLints/dict_16_192_64_0p5_0p02_0037_0012" 5472
"/Engine/EngineMaterials/Substrate/GLints/dict_16_192_64_0p5_0p02_0037_0013" 5473
"/Engine/EngineMaterials/Substrate/GLints/dict_16_192_64_0p5_0p02_0037_0014" 5474
"../../../Engine/Content/EngineMaterials/Substrate/GLints/dict_16_192_64_0p5_0p02_0035_0013.uasset" 5475
"../../../Engine/Content/EngineMaterials/Substrate/GLints/dict_16_192_64_0p5_0p02_0035_0011.uasset" 5476
"../../../Engine/Content/EngineMaterials/Substrate/GLints/dict_16_192_64_0p5_0p02_0035_0010.uasset" 5477
"/Engine/EngineMaterials/Substrate/GLints/dict_16_192_64_0p5_0p02_0035_0015" 5478
"../../../Engine/Content/EngineMaterials/Substrate/GLints/dict_16_192_64_0p5_0p02_0035_0008.uasset" 5479
"../../../Engine/Content/EngineMaterials/Substrate/GLints/dict_16_192_64_0p5_0p02_0035_0014.uasset" 5480
"../../../Engine/Content/EngineMaterials/Substrate/GLints/dict_16_192_64_0p5_0p02_0035_0007.uasset" 5481
"../../../Engine/Content/EngineMaterials/Substrate/GLints/dict_16_192_64_0p5_0p02_0035_0012.uasset" 5482
"../../../Engine/Content/EngineMaterials/Substrate/GLints/dict_16_192_64_0p5_0p02_0035_0009.uasset" 5483
"../../../Engine/Content/EngineMaterials/Substrate/GLints/dict_16_192_64_0p5_0p02_0035_0006.uasset" 5484
"../../../Engine/Content/EngineMaterials/Substrate/GLints/dict_16_192_64_0p5_0p02_0035_0005.uasset" 5485
"../../../Engine/Content/EngineMaterials/Substrate/GLints/dict_16_192_64_0p5_0p02_0035_0004.uasset" 5486
"/Engine/EngineMaterials/Substrate/GLints/dict_16_192_64_0p5_0p02_0036_0000" 5487
"/Engine/EngineMaterials/Substrate/GLints/dict_16_192_64_0p5_0p02_0036_0001" 5488
"/Engine/EngineMaterials/Substrate/GLints/dict_16_192_64_0p5_0p02_0036_0002" 5489
"/Engine/EngineMaterials/Substrate/GLints/dict_16_192_64_0p5_0p02_0036_0003" 5490
"/Engine/EngineMaterials/Substrate/GLints/dict_16_192_64_0p5_0p02_0036_0004" 5491
"/Engine/EngineMaterials/Substrate/GLints/dict_16_192_64_0p5_0p02_0036_0005" 5492
"/Engine/EngineMaterials/Substrate/GLints/dict_16_192_64_0p5_0p02_0036_0006" 5493
"/Engine/EngineMaterials/Substrate/GLints/dict_16_192_64_0p5_0p02_0036_0007" 5494
"/Engine/EngineMaterials/Substrate/GLints/dict_16_192_64_0p5_0p02_0036_0008" 5495
"/Engine/EngineMaterials/Substrate/GLints/dict_16_192_64_0p5_0p02_0036_0009" 5496
"/Engine/EngineMaterials/Substrate/GLints/dict_16_192_64_0p5_0p02_0036_0010" 5497
"/Engine/EngineMaterials/Substrate/GLints/dict_16_192_64_0p5_0p02_0036_0011" 5498
"/Engine/EngineMaterials/Substrate/GLints/dict_16_192_64_0p5_0p02_0036_0012" 5499
"/Engine/EngineMaterials/Substrate/GLints/dict_16_192_64_0p5_0p02_0036_0013" 5500
"/Engine/EngineMaterials/Substrate/GLints/dict_16_192_64_0p5_0p02_0036_0014" 5501
"/Engine/EngineMaterials/Substrate/GLints/dict_16_192_64_0p5_0p02_0036_0015" 5502
"/Engine/EngineMaterials/Substrate/GLints/dict_16_192_64_0p5_0p02_0037_0000" 5503
"/Engine/EngineMaterials/Substrate/GLints/dict_16_192_64_0p5_0p02_0037_0001" 5504
"/Engine/EngineMaterials/Substrate/GLints/dict_16_192_64_0p5_0p02_0037_0002" 5505
"/Engine/EngineMaterials/Substrate/GLints/dict_16_192_64_0p5_0p02_0037_0003" 5506
"../../../Engine/Content/EngineMaterials/Substrate/GLints/dict_16_192_64_0p5_0p02_0035_0002.uasset" 5507
"../../../Engine/Content/EngineMaterials/Substrate/GLints/dict_16_192_64_0p5_0p02_0034_0014.uasset" 5508
"../../../Engine/Content/EngineMaterials/Substrate/GLints/dict_16_192_64_0p5_0p02_0035_0000.uasset" 5509
"../../../Engine/Content/EngineMaterials/Substrate/GLints/dict_16_192_64_0p5_0p02_0034_0012.uasset" 5510
"../../../Engine/Content/EngineMaterials/Substrate/GLints/dict_16_192_64_0p5_0p02_0034_0010.uasset" 5511
"/Engine/EngineMaterials/Substrate/GLints/dict_16_192_64_0p5_0p02_0035_0004" 5512
"../../../Engine/Content/EngineMaterials/Substrate/GLints/dict_16_192_64_0p5_0p02_0034_0011.uasset" 5513
"../../../Engine/Content/EngineMaterials/Substrate/GLints/dict_16_192_64_0p5_0p02_0034_0007.uasset" 5514
"../../../Engine/Content/EngineMaterials/Substrate/GLints/dict_16_192_64_0p5_0p02_0034_0005.uasset" 5515
"../../../Engine/Content/EngineMaterials/Substrate/GLints/dict_16_192_64_0p5_0p02_0034_0006.uasset" 5516
"../../../Engine/Content/EngineMaterials/Substrate/GLints/dict_16_192_64_0p5_0p02_0034_0013.uasset" 5517
"../../../Engine/Content/EngineMaterials/Substrate/GLints/dict_16_192_64_0p5_0p02_0035_0001.uasset" 5518
"../../../Engine/Content/EngineMaterials/Substrate/GLints/dict_16_192_64_0p5_0p02_0034_0002.uasset" 5519
"../../../Engine/Content/EngineMaterials/Substrate/GLints/dict_16_192_64_0p5_0p02_0034_0008.uasset" 5520
"../../../Engine/Content/EngineMaterials/Substrate/GLints/dict_16_192_64_0p5_0p02_0034_0000.uasset" 5521
"../../../Engine/Content/EngineMaterials/Substrate/GLints/dict_16_192_64_0p5_0p02_0035_0003.uasset" 5522
"../../../Engine/Content/EngineMaterials/Substrate/GLints/dict_16_192_64_0p5_0p02_0034_0015.uasset" 5523
"../../../Engine/Content/EngineMaterials/Substrate/GLints/dict_16_192_64_0p5_0p02_0034_0004.uasset" 5524
"../../../Engine/Content/EngineMaterials/Substrate/GLints/dict_16_192_64_0p5_0p02_0034_0003.uasset" 5525
"../../../Engine/Content/EngineMaterials/Substrate/GLints/dict_16_192_64_0p5_0p02_0033_0015.uasset" 5526
"/Engine/EngineMaterials/Substrate/GLints/dict_16_192_64_0p5_0p02_0035_0005" 5527
"../../../Engine/Content/EngineMaterials/Substrate/GLints/dict_16_192_64_0p5_0p02_0034_0001.uasset" 5528
"../../../Engine/Content/EngineMaterials/Substrate/GLints/dict_16_192_64_0p5_0p02_0034_0009.uasset" 5529
"/Engine/EngineMaterials/Substrate/GLints/dict_16_192_64_0p5_0p02_0035_0006" 5530
"/Engine/EngineMaterials/Substrate/GLints/dict_16_192_64_0p5_0p02_0035_0007" 5531
"/Engine/EngineMaterials/Substrate/GLints/dict_16_192_64_0p5_0p02_0035_0008" 5532
"/Engine/EngineMaterials/Substrate/GLints/dict_16_192_64_0p5_0p02_0035_0009" 5533
"/Engine/EngineMaterials/Substrate/GLints/dict_16_192_64_0p5_0p02_0035_0010" 5534
"/Engine/EngineMaterials/Substrate/GLints/dict_16_192_64_0p5_0p02_0035_0011" 5535
"/Engine/EngineMaterials/Substrate/GLints/dict_16_192_64_0p5_0p02_0035_0012" 5536
"/Engine/EngineMaterials/Substrate/GLints/dict_16_192_64_0p5_0p02_0035_0013" 5537
"/Engine/EngineMaterials/Substrate/GLints/dict_16_192_64_0p5_0p02_0035_0014" 5538
"../../../Engine/Content/EngineMaterials/Substrate/GLints/dict_16_192_64_0p5_0p02_0033_0013.uasset" 5539
"../../../Engine/Content/EngineMaterials/Substrate/GLints/dict_16_192_64_0p5_0p02_0033_0011.uasset" 5540
"/Engine/EngineMaterials/Substrate/GLints/dict_16_192_64_0p5_0p02_0033_0015" 5541
"../../../Engine/Content/EngineMaterials/Substrate/GLints/dict_16_192_64_0p5_0p02_0033_0010.uasset" 5542
"../../../Engine/Content/EngineMaterials/Substrate/GLints/dict_16_192_64_0p5_0p02_0033_0006.uasset" 5543
"../../../Engine/Content/EngineMaterials/Substrate/GLints/dict_16_192_64_0p5_0p02_0033_0005.uasset" 5544
"../../../Engine/Content/EngineMaterials/Substrate/GLints/dict_16_192_64_0p5_0p02_0033_0004.uasset" 5545
"../../../Engine/Content/EngineMaterials/Substrate/GLints/dict_16_192_64_0p5_0p02_0033_0012.uasset" 5546
"../../../Engine/Content/EngineMaterials/Substrate/GLints/dict_16_192_64_0p5_0p02_0033_0009.uasset" 5547
"../../../Engine/Content/EngineMaterials/Substrate/GLints/dict_16_192_64_0p5_0p02_0033_0007.uasset" 5548
"../../../Engine/Content/EngineMaterials/Substrate/GLints/dict_16_192_64_0p5_0p02_0033_0014.uasset" 5549
"../../../Engine/Content/EngineMaterials/Substrate/GLints/dict_16_192_64_0p5_0p02_0033_0008.uasset" 5550
"/Engine/EngineMaterials/Substrate/GLints/dict_16_192_64_0p5_0p02_0034_0000" 5551
"/Engine/EngineMaterials/Substrate/GLints/dict_16_192_64_0p5_0p02_0034_0001" 5552
"/Engine/EngineMaterials/Substrate/GLints/dict_16_192_64_0p5_0p02_0034_0002" 5553
"/Engine/EngineMaterials/Substrate/GLints/dict_16_192_64_0p5_0p02_0034_0003" 5554
"/Engine/EngineMaterials/Substrate/GLints/dict_16_192_64_0p5_0p02_0034_0004" 5555
"/Engine/EngineMaterials/Substrate/GLints/dict_16_192_64_0p5_0p02_0034_0005" 5556
"/Engine/EngineMaterials/Substrate/GLints/dict_16_192_64_0p5_0p02_0034_0006" 5557
"/Engine/EngineMaterials/Substrate/GLints/dict_16_192_64_0p5_0p02_0034_0007" 5558
"/Engine/EngineMaterials/Substrate/GLints/dict_16_192_64_0p5_0p02_0034_0008" 5559
"/Engine/EngineMaterials/Substrate/GLints/dict_16_192_64_0p5_0p02_0034_0009" 5560
"/Engine/EngineMaterials/Substrate/GLints/dict_16_192_64_0p5_0p02_0034_0010" 5561
"/Engine/EngineMaterials/Substrate/GLints/dict_16_192_64_0p5_0p02_0034_0011" 5562
"/Engine/EngineMaterials/Substrate/GLints/dict_16_192_64_0p5_0p02_0034_0012" 5563
"/Engine/EngineMaterials/Substrate/GLints/dict_16_192_64_0p5_0p02_0034_0013" 5564
"/Engine/EngineMaterials/Substrate/GLints/dict_16_192_64_0p5_0p02_0034_0014" 5565
"/Engine/EngineMaterials/Substrate/GLints/dict_16_192_64_0p5_0p02_0034_0015" 5566
"/Engine/EngineMaterials/Substrate/GLints/dict_16_192_64_0p5_0p02_0035_0000" 5567
"/Engine/EngineMaterials/Substrate/GLints/dict_16_192_64_0p5_0p02_0035_0001" 5568
"/Engine/EngineMaterials/Substrate/GLints/dict_16_192_64_0p5_0p02_0035_0002" 5569
"/Engine/EngineMaterials/Substrate/GLints/dict_16_192_64_0p5_0p02_0035_0003" 5570
"../../../Engine/Content/EngineMaterials/Substrate/GLints/dict_16_192_64_0p5_0p02_0032_0014.uasset" 5571
"../../../Engine/Content/EngineMaterials/Substrate/GLints/dict_16_192_64_0p5_0p02_0032_0015.uasset" 5572
"../../../Engine/Content/EngineMaterials/Substrate/GLints/dict_16_192_64_0p5_0p02_0033_0001.uasset" 5573
"../../../Engine/Content/EngineMaterials/Substrate/GLints/dict_16_192_64_0p5_0p02_0032_0007.uasset" 5574
"../../../Engine/Content/EngineMaterials/Substrate/GLints/dict_16_192_64_0p5_0p02_0033_0000.uasset" 5575
"/Engine/EngineMaterials/Substrate/GLints/dict_16_192_64_0p5_0p02_0033_0004" 5576
"../../../Engine/Content/EngineMaterials/Substrate/GLints/dict_16_192_64_0p5_0p02_0032_0010.uasset" 5577
"../../../Engine/Content/EngineMaterials/Substrate/GLints/dict_16_192_64_0p5_0p02_0032_0012.uasset" 5578
"../../../Engine/Content/EngineMaterials/Substrate/GLints/dict_16_192_64_0p5_0p02_0032_0006.uasset" 5579
"../../../Engine/Content/EngineMaterials/Substrate/GLints/dict_16_192_64_0p5_0p02_0033_0003.uasset" 5580
"../../../Engine/Content/EngineMaterials/Substrate/GLints/dict_16_192_64_0p5_0p02_0032_0011.uasset" 5581
"../../../Engine/Content/EngineMaterials/Substrate/GLints/dict_16_192_64_0p5_0p02_0032_0004.uasset" 5582
"../../../Engine/Content/EngineMaterials/Substrate/GLints/dict_16_192_64_0p5_0p02_0032_0008.uasset" 5583
"../../../Engine/Content/EngineMaterials/Substrate/GLints/dict_16_192_64_0p5_0p02_0032_0005.uasset" 5584
"../../../Engine/Content/EngineMaterials/Substrate/GLints/dict_16_192_64_0p5_0p02_0032_0003.uasset" 5585
"../../../Engine/Content/EngineMaterials/Substrate/GLints/dict_16_192_64_0p5_0p02_0032_0001.uasset" 5586
"../../../Engine/Content/EngineMaterials/Substrate/GLints/dict_16_192_64_0p5_0p02_0032_0013.uasset" 5587
"/Engine/EngineMaterials/Substrate/GLints/dict_16_192_64_0p5_0p02_0033_0005" 5588
"../../../Engine/Content/EngineMaterials/Substrate/GLints/dict_16_192_64_0p5_0p02_0032_0000.uasset" 5589
"../../../Engine/Content/EngineMaterials/Substrate/GLints/dict_16_192_64_0p5_0p02_0032_0009.uasset" 5590
"../../../Engine/Content/EngineMaterials/Substrate/GLints/dict_16_192_64_0p5_0p02_0031_0015.uasset" 5591
"../../../Engine/Content/EngineMaterials/Substrate/GLints/dict_16_192_64_0p5_0p02_0033_0002.uasset" 5592
"../../../Engine/Content/EngineMaterials/Substrate/GLints/dict_16_192_64_0p5_0p02_0032_0002.uasset" 5593
"/Engine/EngineMaterials/Substrate/GLints/dict_16_192_64_0p5_0p02_0033_0006" 5594
"/Engine/EngineMaterials/Substrate/GLints/dict_16_192_64_0p5_0p02_0033_0007" 5595
"/Engine/EngineMaterials/Substrate/GLints/dict_16_192_64_0p5_0p02_0033_0008" 5596
"/Engine/EngineMaterials/Substrate/GLints/dict_16_192_64_0p5_0p02_0033_0009" 5597
"/Engine/EngineMaterials/Substrate/GLints/dict_16_192_64_0p5_0p02_0033_0010" 5598
"/Engine/EngineMaterials/Substrate/GLints/dict_16_192_64_0p5_0p02_0033_0011" 5599
"/Engine/EngineMaterials/Substrate/GLints/dict_16_192_64_0p5_0p02_0033_0012" 5600
"/Engine/EngineMaterials/Substrate/GLints/dict_16_192_64_0p5_0p02_0033_0013" 5601
"/Engine/EngineMaterials/Substrate/GLints/dict_16_192_64_0p5_0p02_0033_0014" 5602
"../../../Engine/Content/EngineMaterials/Substrate/GLints/dict_16_192_64_0p5_0p02_0031_0014.uasset" 5603
"../../../Engine/Content/EngineMaterials/Substrate/GLints/dict_16_192_64_0p5_0p02_0031_0010.uasset" 5604
"/Engine/EngineMaterials/Substrate/GLints/dict_16_192_64_0p5_0p02_0031_0015" 5605
"../../../Engine/Content/EngineMaterials/Substrate/GLints/dict_16_192_64_0p5_0p02_0031_0013.uasset" 5606
"../../../Engine/Content/EngineMaterials/Substrate/GLints/dict_16_192_64_0p5_0p02_0031_0011.uasset" 5607
"../../../Engine/Content/EngineMaterials/Substrate/GLints/dict_16_192_64_0p5_0p02_0031_0009.uasset" 5608
"../../../Engine/Content/EngineMaterials/Substrate/GLints/dict_16_192_64_0p5_0p02_0031_0012.uasset" 5609
"../../../Engine/Content/EngineMaterials/Substrate/GLints/dict_16_192_64_0p5_0p02_0031_0008.uasset" 5610
"../../../Engine/Content/EngineMaterials/Substrate/GLints/dict_16_192_64_0p5_0p02_0031_0004.uasset" 5611
"../../../Engine/Content/EngineMaterials/Substrate/GLints/dict_16_192_64_0p5_0p02_0031_0005.uasset" 5612
"../../../Engine/Content/EngineMaterials/Substrate/GLints/dict_16_192_64_0p5_0p02_0031_0006.uasset" 5613
"/Engine/EngineMaterials/Substrate/GLints/dict_16_192_64_0p5_0p02_0032_0000" 5614
"../../../Engine/Content/EngineMaterials/Substrate/GLints/dict_16_192_64_0p5_0p02_0031_0007.uasset" 5615
"/Engine/EngineMaterials/Substrate/GLints/dict_16_192_64_0p5_0p02_0032_0001" 5616
"/Engine/EngineMaterials/Substrate/GLints/dict_16_192_64_0p5_0p02_0032_0002" 5617
"/Engine/EngineMaterials/Substrate/GLints/dict_16_192_64_0p5_0p02_0032_0003" 5618
"/Engine/EngineMaterials/Substrate/GLints/dict_16_192_64_0p5_0p02_0032_0004" 5619
"/Engine/EngineMaterials/Substrate/GLints/dict_16_192_64_0p5_0p02_0032_0005" 5620
"/Engine/EngineMaterials/Substrate/GLints/dict_16_192_64_0p5_0p02_0032_0006" 5621
"/Engine/EngineMaterials/Substrate/GLints/dict_16_192_64_0p5_0p02_0032_0007" 5622
"/Engine/EngineMaterials/Substrate/GLints/dict_16_192_64_0p5_0p02_0032_0008" 5623
"/Engine/EngineMaterials/Substrate/GLints/dict_16_192_64_0p5_0p02_0032_0009" 5624
"/Engine/EngineMaterials/Substrate/GLints/dict_16_192_64_0p5_0p02_0032_0010" 5625
"/Engine/EngineMaterials/Substrate/GLints/dict_16_192_64_0p5_0p02_0032_0011" 5626
"/Engine/EngineMaterials/Substrate/GLints/dict_16_192_64_0p5_0p02_0032_0012" 5627
"/Engine/EngineMaterials/Substrate/GLints/dict_16_192_64_0p5_0p02_0032_0013" 5628
"/Engine/EngineMaterials/Substrate/GLints/dict_16_192_64_0p5_0p02_0032_0014" 5629
"/Engine/EngineMaterials/Substrate/GLints/dict_16_192_64_0p5_0p02_0032_0015" 5630
"/Engine/EngineMaterials/Substrate/GLints/dict_16_192_64_0p5_0p02_0033_0000" 5631
"/Engine/EngineMaterials/Substrate/GLints/dict_16_192_64_0p5_0p02_0033_0001" 5632
"/Engine/EngineMaterials/Substrate/GLints/dict_16_192_64_0p5_0p02_0033_0002" 5633
"/Engine/EngineMaterials/Substrate/GLints/dict_16_192_64_0p5_0p02_0033_0003" 5634
"../../../Engine/Content/EngineMaterials/Substrate/GLints/dict_16_192_64_0p5_0p02_0030_0015.uasset" 5635
"../../../Engine/Content/EngineMaterials/Substrate/GLints/dict_16_192_64_0p5_0p02_0030_0014.uasset" 5636
"../../../Engine/Content/EngineMaterials/Substrate/GLints/dict_16_192_64_0p5_0p02_0031_0000.uasset" 5637
"../../../Engine/Content/EngineMaterials/Substrate/GLints/dict_16_192_64_0p5_0p02_0030_0013.uasset" 5638
"/Engine/EngineMaterials/Substrate/GLints/dict_16_192_64_0p5_0p02_0031_0004" 5639
"../../../Engine/Content/EngineMaterials/Substrate/GLints/dict_16_192_64_0p5_0p02_0030_0011.uasset" 5640
"../../../Engine/Content/EngineMaterials/Substrate/GLints/dict_16_192_64_0p5_0p02_0031_0002.uasset" 5641
"../../../Engine/Content/EngineMaterials/Substrate/GLints/dict_16_192_64_0p5_0p02_0030_0007.uasset" 5642
"../../../Engine/Content/EngineMaterials/Substrate/GLints/dict_16_192_64_0p5_0p02_0030_0000.uasset" 5643
"../../../Engine/Content/EngineMaterials/Substrate/GLints/dict_16_192_64_0p5_0p02_0030_0003.uasset" 5644
"../../../Engine/Content/EngineMaterials/Substrate/GLints/dict_16_192_64_0p5_0p02_0030_0002.uasset" 5645
"../../../Engine/Content/EngineMaterials/Substrate/GLints/dict_16_192_64_0p5_0p02_0030_0001.uasset" 5646
"../../../Engine/Content/EngineMaterials/Substrate/GLints/dict_16_192_64_0p5_0p02_0031_0003.uasset" 5647
"../../../Engine/Content/EngineMaterials/Substrate/GLints/dict_16_192_64_0p5_0p02_0030_0012.uasset" 5648
"../../../Engine/Content/EngineMaterials/Substrate/GLints/dict_16_192_64_0p5_0p02_0031_0001.uasset" 5649
"../../../Engine/Content/EngineMaterials/Substrate/GLints/dict_16_192_64_0p5_0p02_0030_0004.uasset" 5650
"../../../Engine/Content/EngineMaterials/Substrate/GLints/dict_16_192_64_0p5_0p02_0030_0010.uasset" 5651
"../../../Engine/Content/EngineMaterials/Substrate/GLints/dict_16_192_64_0p5_0p02_0029_0015.uasset" 5652
"../../../Engine/Content/EngineMaterials/Substrate/GLints/dict_16_192_64_0p5_0p02_0030_0006.uasset" 5653
"../../../Engine/Content/EngineMaterials/Substrate/GLints/dict_16_192_64_0p5_0p02_0030_0005.uasset" 5654
"/Engine/EngineMaterials/Substrate/GLints/dict_16_192_64_0p5_0p02_0031_0005" 5655
"../../../Engine/Content/EngineMaterials/Substrate/GLints/dict_16_192_64_0p5_0p02_0030_0008.uasset" 5656
"../../../Engine/Content/EngineMaterials/Substrate/GLints/dict_16_192_64_0p5_0p02_0030_0009.uasset" 5657
"/Engine/EngineMaterials/Substrate/GLints/dict_16_192_64_0p5_0p02_0031_0006" 5658
"/Engine/EngineMaterials/Substrate/GLints/dict_16_192_64_0p5_0p02_0031_0007" 5659
"/Engine/EngineMaterials/Substrate/GLints/dict_16_192_64_0p5_0p02_0031_0008" 5660
"/Engine/EngineMaterials/Substrate/GLints/dict_16_192_64_0p5_0p02_0031_0009" 5661
"/Engine/EngineMaterials/Substrate/GLints/dict_16_192_64_0p5_0p02_0031_0010" 5662
"/Engine/EngineMaterials/Substrate/GLints/dict_16_192_64_0p5_0p02_0031_0011" 5663
"/Engine/EngineMaterials/Substrate/GLints/dict_16_192_64_0p5_0p02_0031_0012" 5664
"/Engine/EngineMaterials/Substrate/GLints/dict_16_192_64_0p5_0p02_0031_0013" 5665
"/Engine/EngineMaterials/Substrate/GLints/dict_16_192_64_0p5_0p02_0031_0014" 5666
"../../../Engine/Content/EngineMaterials/Substrate/GLints/dict_16_192_64_0p5_0p02_0029_0014.uasset" 5667
"../../../Engine/Content/EngineMaterials/Substrate/GLints/dict_16_192_64_0p5_0p02_0029_0010.uasset" 5668
"/Engine/EngineMaterials/Substrate/GLints/dict_16_192_64_0p5_0p02_0029_0015" 5669
"../../../Engine/Content/EngineMaterials/Substrate/GLints/dict_16_192_64_0p5_0p02_0029_0007.uasset" 5670
"../../../Engine/Content/EngineMaterials/Substrate/GLints/dict_16_192_64_0p5_0p02_0029_0006.uasset" 5671
"../../../Engine/Content/EngineMaterials/Substrate/GLints/dict_16_192_64_0p5_0p02_0029_0004.uasset" 5672
"../../../Engine/Content/EngineMaterials/Substrate/GLints/dict_16_192_64_0p5_0p02_0029_0005.uasset" 5673
"../../../Engine/Content/EngineMaterials/Substrate/GLints/dict_16_192_64_0p5_0p02_0029_0012.uasset" 5674
"/Engine/EngineMaterials/Substrate/GLints/dict_16_192_64_0p5_0p02_0030_0000" 5675
"../../../Engine/Content/EngineMaterials/Substrate/GLints/dict_16_192_64_0p5_0p02_0029_0009.uasset" 5676
"../../../Engine/Content/EngineMaterials/Substrate/GLints/dict_16_192_64_0p5_0p02_0029_0013.uasset" 5677
"../../../Engine/Content/EngineMaterials/Substrate/GLints/dict_16_192_64_0p5_0p02_0029_0008.uasset" 5678
"../../../Engine/Content/EngineMaterials/Substrate/GLints/dict_16_192_64_0p5_0p02_0029_0011.uasset" 5679
"/Engine/EngineMaterials/Substrate/GLints/dict_16_192_64_0p5_0p02_0030_0001" 5680
"/Engine/EngineMaterials/Substrate/GLints/dict_16_192_64_0p5_0p02_0030_0002" 5681
"/Engine/EngineMaterials/Substrate/GLints/dict_16_192_64_0p5_0p02_0030_0003" 5682
"/Engine/EngineMaterials/Substrate/GLints/dict_16_192_64_0p5_0p02_0030_0004" 5683
"/Engine/EngineMaterials/Substrate/GLints/dict_16_192_64_0p5_0p02_0030_0005" 5684
"/Engine/EngineMaterials/Substrate/GLints/dict_16_192_64_0p5_0p02_0030_0006" 5685
"/Engine/EngineMaterials/Substrate/GLints/dict_16_192_64_0p5_0p02_0030_0007" 5686
"/Engine/EngineMaterials/Substrate/GLints/dict_16_192_64_0p5_0p02_0030_0008" 5687
"/Engine/EngineMaterials/Substrate/GLints/dict_16_192_64_0p5_0p02_0030_0009" 5688
"/Engine/EngineMaterials/Substrate/GLints/dict_16_192_64_0p5_0p02_0030_0010" 5689
"/Engine/EngineMaterials/Substrate/GLints/dict_16_192_64_0p5_0p02_0030_0011" 5690
"/Engine/EngineMaterials/Substrate/GLints/dict_16_192_64_0p5_0p02_0030_0012" 5691
"/Engine/EngineMaterials/Substrate/GLints/dict_16_192_64_0p5_0p02_0030_0013" 5692
"/Engine/EngineMaterials/Substrate/GLints/dict_16_192_64_0p5_0p02_0030_0014" 5693
"/Engine/EngineMaterials/Substrate/GLints/dict_16_192_64_0p5_0p02_0030_0015" 5694
"/Engine/EngineMaterials/Substrate/GLints/dict_16_192_64_0p5_0p02_0031_0000" 5695
"/Engine/EngineMaterials/Substrate/GLints/dict_16_192_64_0p5_0p02_0031_0001" 5696
"/Engine/EngineMaterials/Substrate/GLints/dict_16_192_64_0p5_0p02_0031_0002" 5697
"/Engine/EngineMaterials/Substrate/GLints/dict_16_192_64_0p5_0p02_0031_0003" 5698
"../../../Engine/Content/EngineMaterials/Substrate/GLints/dict_16_192_64_0p5_0p02_0029_0002.uasset" 5699
"../../../Engine/Content/EngineMaterials/Substrate/GLints/dict_16_192_64_0p5_0p02_0029_0000.uasset" 5700
"/Engine/EngineMaterials/Substrate/GLints/dict_16_192_64_0p5_0p02_0029_0004" 5701
"../../../Engine/Content/EngineMaterials/Substrate/GLints/dict_16_192_64_0p5_0p02_0028_0014.uasset" 5702
"../../../Engine/Content/EngineMaterials/Substrate/GLints/dict_16_192_64_0p5_0p02_0028_0012.uasset" 5703
"../../../Engine/Content/EngineMaterials/Substrate/GLints/dict_16_192_64_0p5_0p02_0028_0011.uasset" 5704
"../../../Engine/Content/EngineMaterials/Substrate/GLints/dict_16_192_64_0p5_0p02_0029_0003.uasset" 5705
"../../../Engine/Content/EngineMaterials/Substrate/GLints/dict_16_192_64_0p5_0p02_0028_0007.uasset" 5706
"../../../Engine/Content/EngineMaterials/Substrate/GLints/dict_16_192_64_0p5_0p02_0028_0009.uasset" 5707
"../../../Engine/Content/EngineMaterials/Substrate/GLints/dict_16_192_64_0p5_0p02_0028_0000.uasset" 5708
"../../../Engine/Content/EngineMaterials/Substrate/GLints/dict_16_192_64_0p5_0p02_0028_0006.uasset" 5709
"../../../Engine/Content/EngineMaterials/Substrate/GLints/dict_16_192_64_0p5_0p02_0028_0005.uasset" 5710
"../../../Engine/Content/EngineMaterials/Substrate/GLints/dict_16_192_64_0p5_0p02_0028_0013.uasset" 5711
"../../../Engine/Content/EngineMaterials/Substrate/GLints/dict_16_192_64_0p5_0p02_0028_0001.uasset" 5712
"../../../Engine/Content/EngineMaterials/Substrate/GLints/dict_16_192_64_0p5_0p02_0028_0010.uasset" 5713
"../../../Engine/Content/EngineMaterials/Substrate/GLints/dict_16_192_64_0p5_0p02_0028_0002.uasset" 5714
"../../../Engine/Content/EngineMaterials/Substrate/GLints/dict_16_192_64_0p5_0p02_0028_0004.uasset" 5715
"../../../Engine/Content/EngineMaterials/Substrate/GLints/dict_16_192_64_0p5_0p02_0029_0001.uasset" 5716
"../../../Engine/Content/EngineMaterials/Substrate/GLints/dict_16_192_64_0p5_0p02_0028_0003.uasset" 5717
"../../../Engine/Content/EngineMaterials/Substrate/GLints/dict_16_192_64_0p5_0p02_0027_0015.uasset" 5718
"../../../Engine/Content/EngineMaterials/Substrate/GLints/dict_16_192_64_0p5_0p02_0028_0015.uasset" 5719
"../../../Engine/Content/EngineMaterials/Substrate/GLints/dict_16_192_64_0p5_0p02_0028_0008.uasset" 5720
"/Engine/EngineMaterials/Substrate/GLints/dict_16_192_64_0p5_0p02_0029_0005" 5721
"/Engine/EngineMaterials/Substrate/GLints/dict_16_192_64_0p5_0p02_0029_0006" 5722
"/Engine/EngineMaterials/Substrate/GLints/dict_16_192_64_0p5_0p02_0029_0007" 5723
"/Engine/EngineMaterials/Substrate/GLints/dict_16_192_64_0p5_0p02_0029_0008" 5724
"/Engine/EngineMaterials/Substrate/GLints/dict_16_192_64_0p5_0p02_0029_0009" 5725
"/Engine/EngineMaterials/Substrate/GLints/dict_16_192_64_0p5_0p02_0029_0010" 5726
"/Engine/EngineMaterials/Substrate/GLints/dict_16_192_64_0p5_0p02_0029_0011" 5727
"/Engine/EngineMaterials/Substrate/GLints/dict_16_192_64_0p5_0p02_0029_0012" 5728
"/Engine/EngineMaterials/Substrate/GLints/dict_16_192_64_0p5_0p02_0029_0013" 5729
"/Engine/EngineMaterials/Substrate/GLints/dict_16_192_64_0p5_0p02_0029_0014" 5730
"../../../Engine/Content/EngineMaterials/Substrate/GLints/dict_16_192_64_0p5_0p02_0027_0013.uasset" 5731
"../../../Engine/Content/EngineMaterials/Substrate/GLints/dict_16_192_64_0p5_0p02_0027_0011.uasset" 5732
"../../../Engine/Content/EngineMaterials/Substrate/GLints/dict_16_192_64_0p5_0p02_0027_0012.uasset" 5733
"../../../Engine/Content/EngineMaterials/Substrate/GLints/dict_16_192_64_0p5_0p02_0027_0010.uasset" 5734
"../../../Engine/Content/EngineMaterials/Substrate/GLints/dict_16_192_64_0p5_0p02_0027_0008.uasset" 5735
"../../../Engine/Content/EngineMaterials/Substrate/GLints/dict_16_192_64_0p5_0p02_0027_0009.uasset" 5736
"../../../Engine/Content/EngineMaterials/Substrate/GLints/dict_16_192_64_0p5_0p02_0027_0006.uasset" 5737
"../../../Engine/Content/EngineMaterials/Substrate/GLints/dict_16_192_64_0p5_0p02_0027_0007.uasset" 5738
"../../../Engine/Content/EngineMaterials/Substrate/GLints/dict_16_192_64_0p5_0p02_0027_0014.uasset" 5739
"../../../Engine/Content/EngineMaterials/Substrate/GLints/dict_16_192_64_0p5_0p02_0027_0005.uasset" 5740
"/Engine/EngineMaterials/Substrate/GLints/dict_16_192_64_0p5_0p02_0027_0015" 5741
"../../../Engine/Content/EngineMaterials/Substrate/GLints/dict_16_192_64_0p5_0p02_0027_0004.uasset" 5742
"/Engine/EngineMaterials/Substrate/GLints/dict_16_192_64_0p5_0p02_0028_0000" 5743
"/Engine/EngineMaterials/Substrate/GLints/dict_16_192_64_0p5_0p02_0028_0001" 5744
"/Engine/EngineMaterials/Substrate/GLints/dict_16_192_64_0p5_0p02_0028_0002" 5745
"/Engine/EngineMaterials/Substrate/GLints/dict_16_192_64_0p5_0p02_0028_0003" 5746
"/Engine/EngineMaterials/Substrate/GLints/dict_16_192_64_0p5_0p02_0028_0004" 5747
"/Engine/EngineMaterials/Substrate/GLints/dict_16_192_64_0p5_0p02_0028_0005" 5748
"/Engine/EngineMaterials/Substrate/GLints/dict_16_192_64_0p5_0p02_0028_0006" 5749
"/Engine/EngineMaterials/Substrate/GLints/dict_16_192_64_0p5_0p02_0028_0007" 5750
"/Engine/EngineMaterials/Substrate/GLints/dict_16_192_64_0p5_0p02_0028_0008" 5751
"/Engine/EngineMaterials/Substrate/GLints/dict_16_192_64_0p5_0p02_0028_0009" 5752
"/Engine/EngineMaterials/Substrate/GLints/dict_16_192_64_0p5_0p02_0028_0010" 5753
"/Engine/EngineMaterials/Substrate/GLints/dict_16_192_64_0p5_0p02_0028_0011" 5754
"/Engine/EngineMaterials/Substrate/GLints/dict_16_192_64_0p5_0p02_0028_0012" 5755
"/Engine/EngineMaterials/Substrate/GLints/dict_16_192_64_0p5_0p02_0028_0013" 5756
"/Engine/EngineMaterials/Substrate/GLints/dict_16_192_64_0p5_0p02_0028_0014" 5757
"/Engine/EngineMaterials/Substrate/GLints/dict_16_192_64_0p5_0p02_0028_0015" 5758
"/Engine/EngineMaterials/Substrate/GLints/dict_16_192_64_0p5_0p02_0029_0000" 5759
"/Engine/EngineMaterials/Substrate/GLints/dict_16_192_64_0p5_0p02_0029_0001" 5760
"/Engine/EngineMaterials/Substrate/GLints/dict_16_192_64_0p5_0p02_0029_0002" 5761
"/Engine/EngineMaterials/Substrate/GLints/dict_16_192_64_0p5_0p02_0029_0003" 5762
"/Engine/EngineMaterials/Substrate/GLints/dict_16_192_64_0p5_0p02_0027_0011" 5763
"/Engine/EngineMaterials/Substrate/GLints/dict_16_192_64_0p5_0p02_0027_0012" 5764
"/Engine/EngineMaterials/Substrate/GLints/dict_16_192_64_0p5_0p02_0027_0013" 5765
"../../../Engine/Content/EngineMaterials/Substrate/GLints/dict_16_192_64_0p5_0p02_0027_0003.uasset" 5766
"../../../Engine/Content/EngineMaterials/Substrate/GLints/dict_16_192_64_0p5_0p02_0026_0015.uasset" 5767
"../../../Engine/Content/EngineMaterials/Substrate/GLints/dict_16_192_64_0p5_0p02_0026_0014.uasset" 5768
"../../../Engine/Content/EngineMaterials/Substrate/GLints/dict_16_192_64_0p5_0p02_0026_0013.uasset" 5769
"/Engine/EngineMaterials/Substrate/GLints/dict_16_192_64_0p5_0p02_0027_0004" 5770
"../../../Engine/Content/EngineMaterials/Substrate/GLints/dict_16_192_64_0p5_0p02_0026_0012.uasset" 5771
"../../../Engine/Content/EngineMaterials/Substrate/GLints/dict_16_192_64_0p5_0p02_0027_0000.uasset" 5772
"../../../Engine/Content/EngineMaterials/Substrate/GLints/dict_16_192_64_0p5_0p02_0026_0010.uasset" 5773
"../../../Engine/Content/EngineMaterials/Substrate/GLints/dict_16_192_64_0p5_0p02_0027_0001.uasset" 5774
"../../../Engine/Content/EngineMaterials/Substrate/GLints/dict_16_192_64_0p5_0p02_0027_0002.uasset" 5775
"../../../Engine/Content/EngineMaterials/Substrate/GLints/dict_16_192_64_0p5_0p02_0026_0006.uasset" 5776
"../../../Engine/Content/EngineMaterials/Substrate/GLints/dict_16_192_64_0p5_0p02_0026_0001.uasset" 5777
"../../../Engine/Content/EngineMaterials/Substrate/GLints/dict_16_192_64_0p5_0p02_0026_0004.uasset" 5778
"../../../Engine/Content/EngineMaterials/Substrate/GLints/dict_16_192_64_0p5_0p02_0026_0003.uasset" 5779
"../../../Engine/Content/EngineMaterials/Substrate/GLints/dict_16_192_64_0p5_0p02_0025_0013.uasset" 5780
"../../../Engine/Content/EngineMaterials/Substrate/GLints/dict_16_192_64_0p5_0p02_0026_0009.uasset" 5781
"../../../Engine/Content/EngineMaterials/Substrate/GLints/dict_16_192_64_0p5_0p02_0025_0015.uasset" 5782
"../../../Engine/Content/EngineMaterials/Substrate/GLints/dict_16_192_64_0p5_0p02_0026_0000.uasset" 5783
"../../../Engine/Content/EngineMaterials/Substrate/GLints/dict_16_192_64_0p5_0p02_0026_0008.uasset" 5784
"../../../Engine/Content/EngineMaterials/Substrate/GLints/dict_16_192_64_0p5_0p02_0025_0012.uasset" 5785
"../../../Engine/Content/EngineMaterials/Substrate/GLints/dict_16_192_64_0p5_0p02_0025_0014.uasset" 5786
"/Engine/EngineMaterials/Substrate/GLints/dict_16_192_64_0p5_0p02_0027_0005" 5787
"../../../Engine/Content/EngineMaterials/Substrate/GLints/dict_16_192_64_0p5_0p02_0026_0005.uasset" 5788
"../../../Engine/Content/EngineMaterials/Substrate/GLints/dict_16_192_64_0p5_0p02_0026_0007.uasset" 5789
"../../../Engine/Content/EngineMaterials/Substrate/GLints/dict_16_192_64_0p5_0p02_0026_0002.uasset" 5790
"../../../Engine/Content/EngineMaterials/Substrate/GLints/dict_16_192_64_0p5_0p02_0026_0011.uasset" 5791
"/Engine/EngineMaterials/Substrate/GLints/dict_16_192_64_0p5_0p02_0027_0006" 5792
"/Engine/EngineMaterials/Substrate/GLints/dict_16_192_64_0p5_0p02_0027_0007" 5793
"/Engine/EngineMaterials/Substrate/GLints/dict_16_192_64_0p5_0p02_0027_0008" 5794
"/Engine/EngineMaterials/Substrate/GLints/dict_16_192_64_0p5_0p02_0027_0009" 5795
"/Engine/EngineMaterials/Substrate/GLints/dict_16_192_64_0p5_0p02_0027_0010" 5796
"/Engine/EngineMaterials/Substrate/GLints/dict_16_192_64_0p5_0p02_0027_0014" 5797
"../../../Engine/Content/EngineMaterials/Substrate/GLints/dict_16_192_64_0p5_0p02_0025_0009.uasset" 5798
"../../../Engine/Content/EngineMaterials/Substrate/GLints/dict_16_192_64_0p5_0p02_0025_0011.uasset" 5799
"/Engine/EngineMaterials/Substrate/GLints/dict_16_192_64_0p5_0p02_0025_0012" 5800
"../../../Engine/Content/EngineMaterials/Substrate/GLints/dict_16_192_64_0p5_0p02_0025_0008.uasset" 5801
"../../../Engine/Content/EngineMaterials/Substrate/GLints/dict_16_192_64_0p5_0p02_0025_0005.uasset" 5802
"../../../Engine/Content/EngineMaterials/Substrate/GLints/dict_16_192_64_0p5_0p02_0025_0006.uasset" 5803
"../../../Engine/Content/EngineMaterials/Substrate/GLints/dict_16_192_64_0p5_0p02_0025_0010.uasset" 5804
"../../../Engine/Content/EngineMaterials/Substrate/GLints/dict_16_192_64_0p5_0p02_0025_0007.uasset" 5805
"../../../Engine/Content/EngineMaterials/Substrate/GLints/dict_16_192_64_0p5_0p02_0025_0004.uasset" 5806
"/Engine/EngineMaterials/Substrate/GLints/dict_16_192_64_0p5_0p02_0025_0013" 5807
"/Engine/EngineMaterials/Substrate/GLints/dict_16_192_64_0p5_0p02_0025_0014" 5808
"/Engine/EngineMaterials/Substrate/GLints/dict_16_192_64_0p5_0p02_0025_0015" 5809
"/Engine/EngineMaterials/Substrate/GLints/dict_16_192_64_0p5_0p02_0026_0000" 5810
"/Engine/EngineMaterials/Substrate/GLints/dict_16_192_64_0p5_0p02_0026_0001" 5811
"/Engine/EngineMaterials/Substrate/GLints/dict_16_192_64_0p5_0p02_0026_0002" 5812
"/Engine/EngineMaterials/Substrate/GLints/dict_16_192_64_0p5_0p02_0026_0003" 5813
"/Engine/EngineMaterials/Substrate/GLints/dict_16_192_64_0p5_0p02_0026_0004" 5814
"/Engine/EngineMaterials/Substrate/GLints/dict_16_192_64_0p5_0p02_0026_0005" 5815
"/Engine/EngineMaterials/Substrate/GLints/dict_16_192_64_0p5_0p02_0026_0006" 5816
"/Engine/EngineMaterials/Substrate/GLints/dict_16_192_64_0p5_0p02_0026_0007" 5817
"/Engine/EngineMaterials/Substrate/GLints/dict_16_192_64_0p5_0p02_0026_0008" 5818
"/Engine/EngineMaterials/Substrate/GLints/dict_16_192_64_0p5_0p02_0026_0009" 5819
"/Engine/EngineMaterials/Substrate/GLints/dict_16_192_64_0p5_0p02_0026_0010" 5820
"/Engine/EngineMaterials/Substrate/GLints/dict_16_192_64_0p5_0p02_0026_0011" 5821
"/Engine/EngineMaterials/Substrate/GLints/dict_16_192_64_0p5_0p02_0026_0012" 5822
"/Engine/EngineMaterials/Substrate/GLints/dict_16_192_64_0p5_0p02_0026_0013" 5823
"/Engine/EngineMaterials/Substrate/GLints/dict_16_192_64_0p5_0p02_0026_0014" 5824
"/Engine/EngineMaterials/Substrate/GLints/dict_16_192_64_0p5_0p02_0026_0015" 5825
"/Engine/EngineMaterials/Substrate/GLints/dict_16_192_64_0p5_0p02_0027_0000" 5826
"/Engine/EngineMaterials/Substrate/GLints/dict_16_192_64_0p5_0p02_0027_0001" 5827
"/Engine/EngineMaterials/Substrate/GLints/dict_16_192_64_0p5_0p02_0027_0002" 5828
"/Engine/EngineMaterials/Substrate/GLints/dict_16_192_64_0p5_0p02_0027_0003" 5829
"../../../Engine/Content/EngineMaterials/Substrate/GLints/dict_16_192_64_0p5_0p02_0025_0001.uasset" 5830
"../../../Engine/Content/EngineMaterials/Substrate/GLints/dict_16_192_64_0p5_0p02_0025_0003.uasset" 5831
"../../../Engine/Content/EngineMaterials/Substrate/GLints/dict_16_192_64_0p5_0p02_0024_0015.uasset" 5832
"../../../Engine/Content/EngineMaterials/Substrate/GLints/dict_16_192_64_0p5_0p02_0024_0014.uasset" 5833
"../../../Engine/Content/EngineMaterials/Substrate/GLints/dict_16_192_64_0p5_0p02_0024_0013.uasset" 5834
"../../../Engine/Content/EngineMaterials/Substrate/GLints/dict_16_192_64_0p5_0p02_0024_0011.uasset" 5835
"/Engine/EngineMaterials/Substrate/GLints/dict_16_192_64_0p5_0p02_0025_0004" 5836
"../../../Engine/Content/EngineMaterials/Substrate/GLints/dict_16_192_64_0p5_0p02_0024_0007.uasset" 5837
"../../../Engine/Content/EngineMaterials/Substrate/GLints/dict_16_192_64_0p5_0p02_0025_0002.uasset" 5838
"../../../Engine/Content/EngineMaterials/Substrate/GLints/dict_16_192_64_0p5_0p02_0024_0005.uasset" 5839
"../../../Engine/Content/EngineMaterials/Substrate/GLints/dict_16_192_64_0p5_0p02_0024_0001.uasset" 5840
"../../../Engine/Content/EngineMaterials/Substrate/GLints/dict_16_192_64_0p5_0p02_0024_0012.uasset" 5841
"../../../Engine/Content/EngineMaterials/Substrate/GLints/dict_16_192_64_0p5_0p02_0023_0015.uasset" 5842
"../../../Engine/Content/EngineMaterials/Substrate/GLints/dict_16_192_64_0p5_0p02_0024_0008.uasset" 5843
"../../../Engine/Content/EngineMaterials/Substrate/GLints/dict_16_192_64_0p5_0p02_0025_0000.uasset" 5844
"../../../Engine/Content/EngineMaterials/Substrate/GLints/dict_16_192_64_0p5_0p02_0023_0012.uasset" 5845
"../../../Engine/Content/EngineMaterials/Substrate/GLints/dict_16_192_64_0p5_0p02_0023_0013.uasset" 5846
"../../../Engine/Content/EngineMaterials/Substrate/GLints/dict_16_192_64_0p5_0p02_0024_0000.uasset" 5847
"../../../Engine/Content/EngineMaterials/Substrate/GLints/dict_16_192_64_0p5_0p02_0024_0003.uasset" 5848
"../../../Engine/Content/EngineMaterials/Substrate/GLints/dict_16_192_64_0p5_0p02_0024_0010.uasset" 5849
"../../../Engine/Content/EngineMaterials/Substrate/GLints/dict_16_192_64_0p5_0p02_0024_0002.uasset" 5850
"../../../Engine/Content/EngineMaterials/Substrate/GLints/dict_16_192_64_0p5_0p02_0023_0014.uasset" 5851
"../../../Engine/Content/EngineMaterials/Substrate/GLints/dict_16_192_64_0p5_0p02_0024_0006.uasset" 5852
"../../../Engine/Content/EngineMaterials/Substrate/GLints/dict_16_192_64_0p5_0p02_0024_0009.uasset" 5853
"/Engine/EngineMaterials/Substrate/GLints/dict_16_192_64_0p5_0p02_0025_0005" 5854
"../../../Engine/Content/EngineMaterials/Substrate/GLints/dict_16_192_64_0p5_0p02_0024_0004.uasset" 5855
"/Engine/EngineMaterials/Substrate/GLints/dict_16_192_64_0p5_0p02_0025_0006" 5856
"/Engine/EngineMaterials/Substrate/GLints/dict_16_192_64_0p5_0p02_0025_0007" 5857
"/Engine/EngineMaterials/Substrate/GLints/dict_16_192_64_0p5_0p02_0025_0008" 5858
"/Engine/EngineMaterials/Substrate/GLints/dict_16_192_64_0p5_0p02_0025_0009" 5859
"/Engine/EngineMaterials/Substrate/GLints/dict_16_192_64_0p5_0p02_0025_0010" 5860
"/Engine/EngineMaterials/Substrate/GLints/dict_16_192_64_0p5_0p02_0025_0011" 5861
"../../../Engine/Content/EngineMaterials/Substrate/GLints/dict_16_192_64_0p5_0p02_0023_0010.uasset" 5862
"../../../Engine/Content/EngineMaterials/Substrate/GLints/dict_16_192_64_0p5_0p02_0023_0008.uasset" 5863
"/Engine/EngineMaterials/Substrate/GLints/dict_16_192_64_0p5_0p02_0023_0012" 5864
"../../../Engine/Content/EngineMaterials/Substrate/GLints/dict_16_192_64_0p5_0p02_0023_0007.uasset" 5865
"../../../Engine/Content/EngineMaterials/Substrate/GLints/dict_16_192_64_0p5_0p02_0023_0009.uasset" 5866
"../../../Engine/Content/EngineMaterials/Substrate/GLints/dict_16_192_64_0p5_0p02_0023_0005.uasset" 5867
"../../../Engine/Content/EngineMaterials/Substrate/GLints/dict_16_192_64_0p5_0p02_0023_0006.uasset" 5868
"../../../Engine/Content/EngineMaterials/Substrate/GLints/dict_16_192_64_0p5_0p02_0023_0004.uasset" 5869
"../../../Engine/Content/EngineMaterials/Substrate/GLints/dict_16_192_64_0p5_0p02_0023_0011.uasset" 5870
"/Engine/EngineMaterials/Substrate/GLints/dict_16_192_64_0p5_0p02_0023_0013" 5871
"/Engine/EngineMaterials/Substrate/GLints/dict_16_192_64_0p5_0p02_0023_0014" 5872
"/Engine/EngineMaterials/Substrate/GLints/dict_16_192_64_0p5_0p02_0023_0015" 5873
"/Engine/EngineMaterials/Substrate/GLints/dict_16_192_64_0p5_0p02_0024_0000" 5874
"/Engine/EngineMaterials/Substrate/GLints/dict_16_192_64_0p5_0p02_0024_0001" 5875
"/Engine/EngineMaterials/Substrate/GLints/dict_16_192_64_0p5_0p02_0024_0002" 5876
"/Engine/EngineMaterials/Substrate/GLints/dict_16_192_64_0p5_0p02_0024_0003" 5877
"/Engine/EngineMaterials/Substrate/GLints/dict_16_192_64_0p5_0p02_0024_0004" 5878
"/Engine/EngineMaterials/Substrate/GLints/dict_16_192_64_0p5_0p02_0024_0005" 5879
"/Engine/EngineMaterials/Substrate/GLints/dict_16_192_64_0p5_0p02_0024_0006" 5880
"/Engine/EngineMaterials/Substrate/GLints/dict_16_192_64_0p5_0p02_0024_0007" 5881
"/Engine/EngineMaterials/Substrate/GLints/dict_16_192_64_0p5_0p02_0024_0008" 5882
"/Engine/EngineMaterials/Substrate/GLints/dict_16_192_64_0p5_0p02_0024_0009" 5883
"/Engine/EngineMaterials/Substrate/GLints/dict_16_192_64_0p5_0p02_0024_0010" 5884
"/Engine/EngineMaterials/Substrate/GLints/dict_16_192_64_0p5_0p02_0024_0011" 5885
"/Engine/EngineMaterials/Substrate/GLints/dict_16_192_64_0p5_0p02_0024_0012" 5886
"/Engine/EngineMaterials/Substrate/GLints/dict_16_192_64_0p5_0p02_0024_0013" 5887
"/Engine/EngineMaterials/Substrate/GLints/dict_16_192_64_0p5_0p02_0024_0014" 5888
"/Engine/EngineMaterials/Substrate/GLints/dict_16_192_64_0p5_0p02_0024_0015" 5889
"/Engine/EngineMaterials/Substrate/GLints/dict_16_192_64_0p5_0p02_0025_0000" 5890
"/Engine/EngineMaterials/Substrate/GLints/dict_16_192_64_0p5_0p02_0025_0001" 5891
"/Engine/EngineMaterials/Substrate/GLints/dict_16_192_64_0p5_0p02_0025_0002" 5892
"/Engine/EngineMaterials/Substrate/GLints/dict_16_192_64_0p5_0p02_0025_0003" 5893
"../../../Engine/Content/EngineMaterials/Substrate/GLints/dict_16_192_64_0p5_0p02_0023_0002.uasset" 5894
"../../../Engine/Content/EngineMaterials/Substrate/GLints/dict_16_192_64_0p5_0p02_0023_0001.uasset" 5895
"../../../Engine/Content/EngineMaterials/Substrate/GLints/dict_16_192_64_0p5_0p02_0023_0000.uasset" 5896
"../../../Engine/Content/EngineMaterials/Substrate/GLints/dict_16_192_64_0p5_0p02_0022_0015.uasset" 5897
"../../../Engine/Content/EngineMaterials/Substrate/GLints/dict_16_192_64_0p5_0p02_0022_0013.uasset" 5898
"../../../Engine/Content/EngineMaterials/Substrate/GLints/dict_16_192_64_0p5_0p02_0022_0008.uasset" 5899
"../../../Engine/Content/EngineMaterials/Substrate/GLints/dict_16_192_64_0p5_0p02_0022_0011.uasset" 5900
"/Engine/EngineMaterials/Substrate/GLints/dict_16_192_64_0p5_0p02_0023_0004" 5901
"../../../Engine/Content/EngineMaterials/Substrate/GLints/dict_16_192_64_0p5_0p02_0022_0014.uasset" 5902
"../../../Engine/Content/EngineMaterials/Substrate/GLints/dict_16_192_64_0p5_0p02_0022_0004.uasset" 5903
"../../../Engine/Content/EngineMaterials/Substrate/GLints/dict_16_192_64_0p5_0p02_0022_0003.uasset" 5904
"../../../Engine/Content/EngineMaterials/Substrate/GLints/dict_16_192_64_0p5_0p02_0022_0012.uasset" 5905
"../../../Engine/Content/EngineMaterials/Substrate/GLints/dict_16_192_64_0p5_0p02_0022_0009.uasset" 5906
"../../../Engine/Content/EngineMaterials/Substrate/GLints/dict_16_192_64_0p5_0p02_0021_0014.uasset" 5907
"../../../Engine/Content/EngineMaterials/Substrate/GLints/dict_16_192_64_0p5_0p02_0021_0015.uasset" 5908
"../../../Engine/Content/EngineMaterials/Substrate/GLints/dict_16_192_64_0p5_0p02_0022_0000.uasset" 5909
"../../../Engine/Content/EngineMaterials/Substrate/GLints/dict_16_192_64_0p5_0p02_0022_0007.uasset" 5910
"../../../Engine/Content/EngineMaterials/Substrate/GLints/dict_16_192_64_0p5_0p02_0022_0001.uasset" 5911
"../../../Engine/Content/EngineMaterials/Substrate/GLints/dict_16_192_64_0p5_0p02_0022_0006.uasset" 5912
"../../../Engine/Content/EngineMaterials/Substrate/GLints/dict_16_192_64_0p5_0p02_0021_0013.uasset" 5913
"../../../Engine/Content/EngineMaterials/Substrate/GLints/dict_16_192_64_0p5_0p02_0021_0012.uasset" 5914
"../../../Engine/Content/EngineMaterials/Substrate/GLints/dict_16_192_64_0p5_0p02_0022_0005.uasset" 5915
"/Engine/EngineMaterials/Substrate/GLints/dict_16_192_64_0p5_0p02_0023_0005" 5916
"../../../Engine/Content/EngineMaterials/Substrate/GLints/dict_16_192_64_0p5_0p02_0022_0002.uasset" 5917
"../../../Engine/Content/EngineMaterials/Substrate/GLints/dict_16_192_64_0p5_0p02_0023_0003.uasset" 5918
"../../../Engine/Content/EngineMaterials/Substrate/GLints/dict_16_192_64_0p5_0p02_0022_0010.uasset" 5919
"/Engine/EngineMaterials/Substrate/GLints/dict_16_192_64_0p5_0p02_0023_0006" 5920
"/Engine/EngineMaterials/Substrate/GLints/dict_16_192_64_0p5_0p02_0023_0007" 5921
"/Engine/EngineMaterials/Substrate/GLints/dict_16_192_64_0p5_0p02_0023_0008" 5922
"/Engine/EngineMaterials/Substrate/GLints/dict_16_192_64_0p5_0p02_0023_0009" 5923
"/Engine/EngineMaterials/Substrate/GLints/dict_16_192_64_0p5_0p02_0023_0010" 5924
"/Engine/EngineMaterials/Substrate/GLints/dict_16_192_64_0p5_0p02_0023_0002" 5925
"/Engine/EngineMaterials/Substrate/GLints/dict_16_192_64_0p5_0p02_0023_0011" 5926
"../../../Engine/Content/EngineMaterials/Substrate/GLints/dict_16_192_64_0p5_0p02_0021_0011.uasset" 5927
"../../../Engine/Content/EngineMaterials/Substrate/GLints/dict_16_192_64_0p5_0p02_0021_0010.uasset" 5928
"../../../Engine/Content/EngineMaterials/Substrate/GLints/dict_16_192_64_0p5_0p02_0021_0006.uasset" 5929
"/Engine/EngineMaterials/Substrate/GLints/dict_16_192_64_0p5_0p02_0021_0012" 5930
"../../../Engine/Content/EngineMaterials/Substrate/GLints/dict_16_192_64_0p5_0p02_0021_0008.uasset" 5931
"../../../Engine/Content/EngineMaterials/Substrate/GLints/dict_16_192_64_0p5_0p02_0021_0003.uasset" 5932
"../../../Engine/Content/EngineMaterials/Substrate/GLints/dict_16_192_64_0p5_0p02_0021_0009.uasset" 5933
"../../../Engine/Content/EngineMaterials/Substrate/GLints/dict_16_192_64_0p5_0p02_0021_0007.uasset" 5934
"../../../Engine/Content/EngineMaterials/Substrate/GLints/dict_16_192_64_0p5_0p02_0021_0005.uasset" 5935
"../../../Engine/Content/EngineMaterials/Substrate/GLints/dict_16_192_64_0p5_0p02_0021_0004.uasset" 5936
"/Engine/EngineMaterials/Substrate/GLints/dict_16_192_64_0p5_0p02_0021_0013" 5937
"/Engine/EngineMaterials/Substrate/GLints/dict_16_192_64_0p5_0p02_0021_0014" 5938
"/Engine/EngineMaterials/Substrate/GLints/dict_16_192_64_0p5_0p02_0021_0015" 5939
"/Engine/EngineMaterials/Substrate/GLints/dict_16_192_64_0p5_0p02_0022_0000" 5940
"/Engine/EngineMaterials/Substrate/GLints/dict_16_192_64_0p5_0p02_0022_0001" 5941
"/Engine/EngineMaterials/Substrate/GLints/dict_16_192_64_0p5_0p02_0022_0002" 5942
"/Engine/EngineMaterials/Substrate/GLints/dict_16_192_64_0p5_0p02_0022_0003" 5943
"/Engine/EngineMaterials/Substrate/GLints/dict_16_192_64_0p5_0p02_0022_0004" 5944
"/Engine/EngineMaterials/Substrate/GLints/dict_16_192_64_0p5_0p02_0022_0005" 5945
"/Engine/EngineMaterials/Substrate/GLints/dict_16_192_64_0p5_0p02_0022_0006" 5946
"/Engine/EngineMaterials/Substrate/GLints/dict_16_192_64_0p5_0p02_0022_0007" 5947
"/Engine/EngineMaterials/Substrate/GLints/dict_16_192_64_0p5_0p02_0022_0008" 5948
"/Engine/EngineMaterials/Substrate/GLints/dict_16_192_64_0p5_0p02_0022_0009" 5949
"/Engine/EngineMaterials/Substrate/GLints/dict_16_192_64_0p5_0p02_0022_0010" 5950
"/Engine/EngineMaterials/Substrate/GLints/dict_16_192_64_0p5_0p02_0022_0011" 5951
"/Engine/EngineMaterials/Substrate/GLints/dict_16_192_64_0p5_0p02_0022_0012" 5952
"/Engine/EngineMaterials/Substrate/GLints/dict_16_192_64_0p5_0p02_0022_0013" 5953
"/Engine/EngineMaterials/Substrate/GLints/dict_16_192_64_0p5_0p02_0022_0014" 5954
"/Engine/EngineMaterials/Substrate/GLints/dict_16_192_64_0p5_0p02_0022_0015" 5955
"/Engine/EngineMaterials/Substrate/GLints/dict_16_192_64_0p5_0p02_0023_0000" 5956
"/Engine/EngineMaterials/Substrate/GLints/dict_16_192_64_0p5_0p02_0023_0001" 5957
"/Engine/EngineMaterials/Substrate/GLints/dict_16_192_64_0p5_0p02_0023_0003" 5958
"../../../Engine/Content/EngineMaterials/Substrate/GLints/dict_16_192_64_0p5_0p02_0021_0001.uasset" 5959
"../../../Engine/Content/EngineMaterials/Substrate/GLints/dict_16_192_64_0p5_0p02_0021_0002.uasset" 5960
"../../../Engine/Content/EngineMaterials/Substrate/GLints/dict_16_192_64_0p5_0p02_0021_0000.uasset" 5961
"../../../Engine/Content/EngineMaterials/Substrate/GLints/dict_16_192_64_0p5_0p02_0020_0015.uasset" 5962
"../../../Engine/Content/EngineMaterials/Substrate/GLints/dict_16_192_64_0p5_0p02_0020_0011.uasset" 5963
"../../../Engine/Content/EngineMaterials/Substrate/GLints/dict_16_192_64_0p5_0p02_0020_0013.uasset" 5964
"../../../Engine/Content/EngineMaterials/Substrate/GLints/dict_16_192_64_0p5_0p02_0020_0010.uasset" 5965
"/Engine/EngineMaterials/Substrate/GLints/dict_16_192_64_0p5_0p02_0021_0003" 5966
"../../../Engine/Content/EngineMaterials/Substrate/GLints/dict_16_192_64_0p5_0p02_0020_0009.uasset" 5967
"../../../Engine/Content/EngineMaterials/Substrate/GLints/dict_16_192_64_0p5_0p02_0020_0014.uasset" 5968
"../../../Engine/Content/EngineMaterials/Substrate/GLints/dict_16_192_64_0p5_0p02_0020_0001.uasset" 5969
"../../../Engine/Content/EngineMaterials/Substrate/GLints/dict_16_192_64_0p5_0p02_0020_0008.uasset" 5970
"../../../Engine/Content/EngineMaterials/Substrate/GLints/dict_16_192_64_0p5_0p02_0020_0006.uasset" 5971
"../../../Engine/Content/EngineMaterials/Substrate/GLints/dict_16_192_64_0p5_0p02_0020_0007.uasset" 5972
"../../../Engine/Content/EngineMaterials/Substrate/GLints/dict_16_192_64_0p5_0p02_0020_0003.uasset" 5973
"../../../Engine/Content/EngineMaterials/Substrate/GLints/dict_16_192_64_0p5_0p02_0020_0012.uasset" 5974
"../../../Engine/Content/EngineMaterials/Substrate/GLints/dict_16_192_64_0p5_0p02_0020_0000.uasset" 5975
"../../../Engine/Content/EngineMaterials/Substrate/GLints/dict_16_192_64_0p5_0p02_0019_0013.uasset" 5976
"../../../Engine/Content/EngineMaterials/Substrate/GLints/dict_16_192_64_0p5_0p02_0019_0014.uasset" 5977
"../../../Engine/Content/EngineMaterials/Substrate/GLints/dict_16_192_64_0p5_0p02_0019_0015.uasset" 5978
"../../../Engine/Content/EngineMaterials/Substrate/GLints/dict_16_192_64_0p5_0p02_0020_0004.uasset" 5979
"../../../Engine/Content/EngineMaterials/Substrate/GLints/dict_16_192_64_0p5_0p02_0020_0002.uasset" 5980
"../../../Engine/Content/EngineMaterials/Substrate/GLints/dict_16_192_64_0p5_0p02_0020_0005.uasset" 5981
"../../../Engine/Content/EngineMaterials/Substrate/GLints/dict_16_192_64_0p5_0p02_0019_0012.uasset" 5982
"/Engine/EngineMaterials/Substrate/GLints/dict_16_192_64_0p5_0p02_0021_0004" 5983
"/Engine/EngineMaterials/Substrate/GLints/dict_16_192_64_0p5_0p02_0021_0005" 5984
"/Engine/EngineMaterials/Substrate/GLints/dict_16_192_64_0p5_0p02_0021_0006" 5985
"/Engine/EngineMaterials/Substrate/GLints/dict_16_192_64_0p5_0p02_0021_0007" 5986
"/Engine/EngineMaterials/Substrate/GLints/dict_16_192_64_0p5_0p02_0021_0008" 5987
"/Engine/EngineMaterials/Substrate/GLints/dict_16_192_64_0p5_0p02_0021_0009" 5988
"/Engine/EngineMaterials/Substrate/GLints/dict_16_192_64_0p5_0p02_0021_0000" 5989
"/Engine/EngineMaterials/Substrate/GLints/dict_16_192_64_0p5_0p02_0021_0001" 5990
"/Engine/EngineMaterials/Substrate/GLints/dict_16_192_64_0p5_0p02_0021_0010" 5991
"/Engine/EngineMaterials/Substrate/GLints/dict_16_192_64_0p5_0p02_0021_0002" 5992
"/Engine/EngineMaterials/Substrate/GLints/dict_16_192_64_0p5_0p02_0021_0011" 5993
"../../../Engine/Content/EngineMaterials/Substrate/GLints/dict_16_192_64_0p5_0p02_0019_0011.uasset" 5994
"../../../Engine/Content/EngineMaterials/Substrate/GLints/dict_16_192_64_0p5_0p02_0019_0008.uasset" 5995
"../../../Engine/Content/EngineMaterials/Substrate/GLints/dict_16_192_64_0p5_0p02_0019_0007.uasset" 5996
"../../../Engine/Content/EngineMaterials/Substrate/GLints/dict_16_192_64_0p5_0p02_0019_0009.uasset" 5997
"../../../Engine/Content/EngineMaterials/Substrate/GLints/dict_16_192_64_0p5_0p02_0019_0006.uasset" 5998
"/Engine/EngineMaterials/Substrate/GLints/dict_16_192_64_0p5_0p02_0019_0012" 5999
"../../../Engine/Content/EngineMaterials/Substrate/GLints/dict_16_192_64_0p5_0p02_0019_0004.uasset" 6000
"../../../Engine/Content/EngineMaterials/Substrate/GLints/dict_16_192_64_0p5_0p02_0019_0003.uasset" 6001
"../../../Engine/Content/EngineMaterials/Substrate/GLints/dict_16_192_64_0p5_0p02_0019_0002.uasset" 6002
"../../../Engine/Content/EngineMaterials/Substrate/GLints/dict_16_192_64_0p5_0p02_0019_0005.uasset" 6003
"../../../Engine/Content/EngineMaterials/Substrate/GLints/dict_16_192_64_0p5_0p02_0019_0010.uasset" 6004
"../../../Engine/Content/EngineMaterials/Substrate/GLints/dict_16_192_64_0p5_0p02_0019_0001.uasset" 6005
"../../../Engine/Content/EngineMaterials/Substrate/GLints/dict_16_192_64_0p5_0p02_0019_0000.uasset" 6006
"/Engine/EngineMaterials/Substrate/GLints/dict_16_192_64_0p5_0p02_0019_0013" 6007
"/Engine/EngineMaterials/Substrate/GLints/dict_16_192_64_0p5_0p02_0019_0014" 6008
"/Engine/EngineMaterials/Substrate/GLints/dict_16_192_64_0p5_0p02_0019_0015" 6009
"/Engine/EngineMaterials/Substrate/GLints/dict_16_192_64_0p5_0p02_0020_0000" 6010
"/Engine/EngineMaterials/Substrate/GLints/dict_16_192_64_0p5_0p02_0020_0001" 6011
"/Engine/EngineMaterials/Substrate/GLints/dict_16_192_64_0p5_0p02_0020_0002" 6012
"/Engine/EngineMaterials/Substrate/GLints/dict_16_192_64_0p5_0p02_0020_0003" 6013
"/Engine/EngineMaterials/Substrate/GLints/dict_16_192_64_0p5_0p02_0020_0004" 6014
"/Engine/EngineMaterials/Substrate/GLints/dict_16_192_64_0p5_0p02_0020_0005" 6015
"/Engine/EngineMaterials/Substrate/GLints/dict_16_192_64_0p5_0p02_0020_0006" 6016
"/Engine/EngineMaterials/Substrate/GLints/dict_16_192_64_0p5_0p02_0020_0007" 6017
"/Engine/EngineMaterials/Substrate/GLints/dict_16_192_64_0p5_0p02_0020_0008" 6018
"/Engine/EngineMaterials/Substrate/GLints/dict_16_192_64_0p5_0p02_0020_0009" 6019
"/Engine/EngineMaterials/Substrate/GLints/dict_16_192_64_0p5_0p02_0020_0010" 6020
"/Engine/EngineMaterials/Substrate/GLints/dict_16_192_64_0p5_0p02_0020_0011" 6021
"/Engine/EngineMaterials/Substrate/GLints/dict_16_192_64_0p5_0p02_0020_0012" 6022
"/Engine/EngineMaterials/Substrate/GLints/dict_16_192_64_0p5_0p02_0020_0013" 6023
"/Engine/EngineMaterials/Substrate/GLints/dict_16_192_64_0p5_0p02_0020_0014" 6024
"/Engine/EngineMaterials/Substrate/GLints/dict_16_192_64_0p5_0p02_0020_0015" 6025
"../../../Engine/Content/EngineMaterials/Substrate/GLints/dict_16_192_64_0p5_0p02_0018_0012.uasset" 6026
"../../../Engine/Content/EngineMaterials/Substrate/GLints/dict_16_192_64_0p5_0p02_0018_0011.uasset" 6027
"../../../Engine/Content/EngineMaterials/Substrate/GLints/dict_16_192_64_0p5_0p02_0018_0009.uasset" 6028
"../../../Engine/Content/EngineMaterials/Substrate/GLints/dict_16_192_64_0p5_0p02_0018_0005.uasset" 6029
"/Engine/EngineMaterials/Substrate/GLints/dict_16_192_64_0p5_0p02_0019_0000" 6030
"../../../Engine/Content/EngineMaterials/Substrate/GLints/dict_16_192_64_0p5_0p02_0018_0008.uasset" 6031
"../../../Engine/Content/EngineMaterials/Substrate/GLints/dict_16_192_64_0p5_0p02_0018_0006.uasset" 6032
"../../../Engine/Content/EngineMaterials/Substrate/GLints/dict_16_192_64_0p5_0p02_0018_0010.uasset" 6033
"../../../Engine/Content/EngineMaterials/Substrate/GLints/dict_16_192_64_0p5_0p02_0018_0007.uasset" 6034
"../../../Engine/Content/EngineMaterials/Substrate/GLints/dict_16_192_64_0p5_0p02_0018_0003.uasset" 6035
"../../../Engine/Content/EngineMaterials/Substrate/GLints/dict_16_192_64_0p5_0p02_0018_0000.uasset" 6036
"../../../Engine/Content/EngineMaterials/Substrate/GLints/dict_16_192_64_0p5_0p02_0018_0004.uasset" 6037
"../../../Engine/Content/EngineMaterials/Substrate/GLints/dict_16_192_64_0p5_0p02_0018_0001.uasset" 6038
"../../../Engine/Content/EngineMaterials/Substrate/GLints/dict_16_192_64_0p5_0p02_0018_0014.uasset" 6039
"../../../Engine/Content/EngineMaterials/Substrate/GLints/dict_16_192_64_0p5_0p02_0017_0013.uasset" 6040
"../../../Engine/Content/EngineMaterials/Substrate/GLints/dict_16_192_64_0p5_0p02_0018_0013.uasset" 6041
"../../../Engine/Content/EngineMaterials/Substrate/GLints/dict_16_192_64_0p5_0p02_0018_0002.uasset" 6042
"../../../Engine/Content/EngineMaterials/Substrate/GLints/dict_16_192_64_0p5_0p02_0017_0014.uasset" 6043
"../../../Engine/Content/EngineMaterials/Substrate/GLints/dict_16_192_64_0p5_0p02_0018_0015.uasset" 6044
"/Engine/EngineMaterials/Substrate/GLints/dict_16_192_64_0p5_0p02_0019_0001" 6045
"../../../Engine/Content/EngineMaterials/Substrate/GLints/dict_16_192_64_0p5_0p02_0017_0015.uasset" 6046
"../../../Engine/Content/EngineMaterials/Substrate/GLints/dict_16_192_64_0p5_0p02_0017_0012.uasset" 6047
"/Engine/EngineMaterials/Substrate/GLints/dict_16_192_64_0p5_0p02_0019_0002" 6048
"/Engine/EngineMaterials/Substrate/GLints/dict_16_192_64_0p5_0p02_0019_0003" 6049
"/Engine/EngineMaterials/Substrate/GLints/dict_16_192_64_0p5_0p02_0019_0004" 6050
"/Engine/EngineMaterials/Substrate/GLints/dict_16_192_64_0p5_0p02_0019_0005" 6051
"/Engine/EngineMaterials/Substrate/GLints/dict_16_192_64_0p5_0p02_0019_0006" 6052
"/Engine/EngineMaterials/Substrate/GLints/dict_16_192_64_0p5_0p02_0019_0007" 6053
"/Engine/EngineMaterials/Substrate/GLints/dict_16_192_64_0p5_0p02_0019_0008" 6054
"/Engine/EngineMaterials/Substrate/GLints/dict_16_192_64_0p5_0p02_0019_0009" 6055
"/Engine/EngineMaterials/Substrate/GLints/dict_16_192_64_0p5_0p02_0019_0010" 6056
"/Engine/EngineMaterials/Substrate/GLints/dict_16_192_64_0p5_0p02_0019_0011" 6057
"../../../Engine/Content/EngineMaterials/Substrate/GLints/dict_16_192_64_0p5_0p02_0017_0010.uasset" 6058
"../../../Engine/Content/EngineMaterials/Substrate/GLints/dict_16_192_64_0p5_0p02_0017_0011.uasset" 6059
"../../../Engine/Content/EngineMaterials/Substrate/GLints/dict_16_192_64_0p5_0p02_0017_0008.uasset" 6060
"../../../Engine/Content/EngineMaterials/Substrate/GLints/dict_16_192_64_0p5_0p02_0017_0007.uasset" 6061
"/Engine/EngineMaterials/Substrate/GLints/dict_16_192_64_0p5_0p02_0017_0012" 6062
"../../../Engine/Content/EngineMaterials/Substrate/GLints/dict_16_192_64_0p5_0p02_0017_0006.uasset" 6063
"../../../Engine/Content/EngineMaterials/Substrate/GLints/dict_16_192_64_0p5_0p02_0017_0003.uasset" 6064
"../../../Engine/Content/EngineMaterials/Substrate/GLints/dict_16_192_64_0p5_0p02_0017_0004.uasset" 6065
"../../../Engine/Content/EngineMaterials/Substrate/GLints/dict_16_192_64_0p5_0p02_0017_0002.uasset" 6066
"../../../Engine/Content/EngineMaterials/Substrate/GLints/dict_16_192_64_0p5_0p02_0017_0005.uasset" 6067
"../../../Engine/Content/EngineMaterials/Substrate/GLints/dict_16_192_64_0p5_0p02_0017_0009.uasset" 6068
"../../../Engine/Content/EngineMaterials/Substrate/GLints/dict_16_192_64_0p5_0p02_0017_0001.uasset" 6069
"/Engine/EngineMaterials/Substrate/GLints/dict_16_192_64_0p5_0p02_0017_0013" 6070
"../../../Engine/Content/EngineMaterials/Substrate/GLints/dict_16_192_64_0p5_0p02_0017_0000.uasset" 6071
"/Engine/EngineMaterials/Substrate/GLints/dict_16_192_64_0p5_0p02_0017_0014" 6072
"/Engine/EngineMaterials/Substrate/GLints/dict_16_192_64_0p5_0p02_0017_0015" 6073
"/Engine/EngineMaterials/Substrate/GLints/dict_16_192_64_0p5_0p02_0018_0000" 6074
"/Engine/EngineMaterials/Substrate/GLints/dict_16_192_64_0p5_0p02_0018_0001" 6075
"/Engine/EngineMaterials/Substrate/GLints/dict_16_192_64_0p5_0p02_0018_0002" 6076
"/Engine/EngineMaterials/Substrate/GLints/dict_16_192_64_0p5_0p02_0018_0003" 6077
"/Engine/EngineMaterials/Substrate/GLints/dict_16_192_64_0p5_0p02_0018_0004" 6078
"/Engine/EngineMaterials/Substrate/GLints/dict_16_192_64_0p5_0p02_0018_0005" 6079
"/Engine/EngineMaterials/Substrate/GLints/dict_16_192_64_0p5_0p02_0018_0006" 6080
"/Engine/EngineMaterials/Substrate/GLints/dict_16_192_64_0p5_0p02_0018_0007" 6081
"/Engine/EngineMaterials/Substrate/GLints/dict_16_192_64_0p5_0p02_0018_0008" 6082
"/Engine/EngineMaterials/Substrate/GLints/dict_16_192_64_0p5_0p02_0018_0009" 6083
"/Engine/EngineMaterials/Substrate/GLints/dict_16_192_64_0p5_0p02_0018_0010" 6084
"/Engine/EngineMaterials/Substrate/GLints/dict_16_192_64_0p5_0p02_0018_0011" 6085
"/Engine/EngineMaterials/Substrate/GLints/dict_16_192_64_0p5_0p02_0018_0012" 6086
"/Engine/EngineMaterials/Substrate/GLints/dict_16_192_64_0p5_0p02_0018_0013" 6087
"/Engine/EngineMaterials/Substrate/GLints/dict_16_192_64_0p5_0p02_0018_0014" 6088
"/Engine/EngineMaterials/Substrate/GLints/dict_16_192_64_0p5_0p02_0018_0015" 6089
"../../../Engine/Content/EngineMaterials/Substrate/GLints/dict_16_192_64_0p5_0p02_0016_0015.uasset" 6090
"../../../Engine/Content/EngineMaterials/Substrate/GLints/dict_16_192_64_0p5_0p02_0016_0014.uasset" 6091
"../../../Engine/Content/EngineMaterials/Substrate/GLints/dict_16_192_64_0p5_0p02_0016_0012.uasset" 6092
"/Engine/EngineMaterials/Substrate/GLints/dict_16_192_64_0p5_0p02_0017_0000" 6093
"../../../Engine/Content/EngineMaterials/Substrate/GLints/dict_16_192_64_0p5_0p02_0016_0011.uasset" 6094
"../../../Engine/Content/EngineMaterials/Substrate/GLints/dict_16_192_64_0p5_0p02_0016_0010.uasset" 6095
"../../../Engine/Content/EngineMaterials/Substrate/GLints/dict_16_192_64_0p5_0p02_0016_0002.uasset" 6096
"../../../Engine/Content/EngineMaterials/Substrate/GLints/dict_16_192_64_0p5_0p02_0016_0001.uasset" 6097
"../../../Engine/Content/EngineMaterials/Substrate/GLints/dict_16_192_64_0p5_0p02_0015_0015.uasset" 6098
"../../../Engine/Content/EngineMaterials/Substrate/GLints/dict_16_192_64_0p5_0p02_0016_0004.uasset" 6099
"../../../Engine/Content/EngineMaterials/Substrate/GLints/dict_16_192_64_0p5_0p02_0016_0000.uasset" 6100
"../../../Engine/Content/EngineMaterials/Substrate/GLints/dict_16_192_64_0p5_0p02_0016_0007.uasset" 6101
"../../../Engine/Content/EngineMaterials/Substrate/GLints/dict_16_192_64_0p5_0p02_0016_0005.uasset" 6102
"../../../Engine/Content/EngineMaterials/Substrate/GLints/dict_16_192_64_0p5_0p02_0016_0006.uasset" 6103
"../../../Engine/Content/EngineMaterials/Substrate/GLints/dict_16_192_64_0p5_0p02_0016_0009.uasset" 6104
"../../../Engine/Content/EngineMaterials/Substrate/GLints/dict_16_192_64_0p5_0p02_0016_0008.uasset" 6105
"../../../Engine/Content/EngineMaterials/Substrate/GLints/dict_16_192_64_0p5_0p02_0015_0014.uasset" 6106
"../../../Engine/Content/EngineMaterials/Substrate/GLints/dict_16_192_64_0p5_0p02_0015_0013.uasset" 6107
"../../../Engine/Content/EngineMaterials/Substrate/GLints/dict_16_192_64_0p5_0p02_0016_0003.uasset" 6108
"../../../Engine/Content/EngineMaterials/Substrate/GLints/dict_16_192_64_0p5_0p02_0016_0013.uasset" 6109
"../../../Engine/Content/EngineMaterials/Substrate/GLints/dict_16_192_64_0p5_0p02_0015_0012.uasset" 6110
"/Engine/EngineMaterials/Substrate/GLints/dict_16_192_64_0p5_0p02_0017_0001" 6111
"/Engine/EngineMaterials/Substrate/GLints/dict_16_192_64_0p5_0p02_0017_0002" 6112
"/Engine/EngineMaterials/Substrate/GLints/dict_16_192_64_0p5_0p02_0017_0003" 6113
"/Engine/EngineMaterials/Substrate/GLints/dict_16_192_64_0p5_0p02_0017_0004" 6114
"/Engine/EngineMaterials/Substrate/GLints/dict_16_192_64_0p5_0p02_0017_0005" 6115
"/Engine/EngineMaterials/Substrate/GLints/dict_16_192_64_0p5_0p02_0017_0006" 6116
"/Engine/EngineMaterials/Substrate/GLints/dict_16_192_64_0p5_0p02_0017_0007" 6117
"/Engine/EngineMaterials/Substrate/GLints/dict_16_192_64_0p5_0p02_0017_0008" 6118
"/Engine/EngineMaterials/Substrate/GLints/dict_16_192_64_0p5_0p02_0017_0009" 6119
"/Engine/EngineMaterials/Substrate/GLints/dict_16_192_64_0p5_0p02_0017_0010" 6120
"/Engine/EngineMaterials/Substrate/GLints/dict_16_192_64_0p5_0p02_0017_0011" 6121
"../../../Engine/Content/EngineMaterials/Substrate/GLints/dict_16_192_64_0p5_0p02_0015_0007.uasset" 6122
"../../../Engine/Content/EngineMaterials/Substrate/GLints/dict_16_192_64_0p5_0p02_0015_0004.uasset" 6123
"../../../Engine/Content/EngineMaterials/Substrate/GLints/dict_16_192_64_0p5_0p02_0015_0011.uasset" 6124
"../../../Engine/Content/EngineMaterials/Substrate/GLints/dict_16_192_64_0p5_0p02_0015_0008.uasset" 6125
"/Engine/EngineMaterials/Substrate/GLints/dict_16_192_64_0p5_0p02_0015_0012" 6126
"../../../Engine/Content/EngineMaterials/Substrate/GLints/dict_16_192_64_0p5_0p02_0015_0010.uasset" 6127
"../../../Engine/Content/EngineMaterials/Substrate/GLints/dict_16_192_64_0p5_0p02_0015_0005.uasset" 6128
"../../../Engine/Content/EngineMaterials/Substrate/GLints/dict_16_192_64_0p5_0p02_0015_0009.uasset" 6129
"../../../Engine/Content/EngineMaterials/Substrate/GLints/dict_16_192_64_0p5_0p02_0015_0002.uasset" 6130
"../../../Engine/Content/EngineMaterials/Substrate/GLints/dict_16_192_64_0p5_0p02_0015_0000.uasset" 6131
"../../../Engine/Content/EngineMaterials/Substrate/GLints/dict_16_192_64_0p5_0p02_0015_0006.uasset" 6132
"../../../Engine/Content/EngineMaterials/Substrate/GLints/dict_16_192_64_0p5_0p02_0015_0001.uasset" 6133
"../../../Engine/Content/EngineMaterials/Substrate/GLints/dict_16_192_64_0p5_0p02_0015_0003.uasset" 6134
"/Engine/EngineMaterials/Substrate/GLints/dict_16_192_64_0p5_0p02_0015_0013" 6135
"/Engine/EngineMaterials/Substrate/GLints/dict_16_192_64_0p5_0p02_0015_0014" 6136
"/Engine/EngineMaterials/Substrate/GLints/dict_16_192_64_0p5_0p02_0015_0015" 6137
"/Engine/EngineMaterials/Substrate/GLints/dict_16_192_64_0p5_0p02_0016_0000" 6138
"/Engine/EngineMaterials/Substrate/GLints/dict_16_192_64_0p5_0p02_0016_0001" 6139
"/Engine/EngineMaterials/Substrate/GLints/dict_16_192_64_0p5_0p02_0016_0002" 6140
"/Engine/EngineMaterials/Substrate/GLints/dict_16_192_64_0p5_0p02_0016_0003" 6141
"/Engine/EngineMaterials/Substrate/GLints/dict_16_192_64_0p5_0p02_0016_0004" 6142
"/Engine/EngineMaterials/Substrate/GLints/dict_16_192_64_0p5_0p02_0016_0005" 6143
"/Engine/EngineMaterials/Substrate/GLints/dict_16_192_64_0p5_0p02_0016_0006" 6144
"/Engine/EngineMaterials/Substrate/GLints/dict_16_192_64_0p5_0p02_0016_0007" 6145
"/Engine/EngineMaterials/Substrate/GLints/dict_16_192_64_0p5_0p02_0016_0008" 6146
"/Engine/EngineMaterials/Substrate/GLints/dict_16_192_64_0p5_0p02_0016_0009" 6147
"/Engine/EngineMaterials/Substrate/GLints/dict_16_192_64_0p5_0p02_0016_0010" 6148
"/Engine/EngineMaterials/Substrate/GLints/dict_16_192_64_0p5_0p02_0016_0011" 6149
"/Engine/EngineMaterials/Substrate/GLints/dict_16_192_64_0p5_0p02_0016_0012" 6150
"/Engine/EngineMaterials/Substrate/GLints/dict_16_192_64_0p5_0p02_0016_0013" 6151
"/Engine/EngineMaterials/Substrate/GLints/dict_16_192_64_0p5_0p02_0016_0014" 6152
"/Engine/EngineMaterials/Substrate/GLints/dict_16_192_64_0p5_0p02_0016_0015" 6153
"../../../Engine/Content/EngineMaterials/Substrate/GLints/dict_16_192_64_0p5_0p02_0014_0013.uasset" 6154
"../../../Engine/Content/EngineMaterials/Substrate/GLints/dict_16_192_64_0p5_0p02_0014_0015.uasset" 6155
"../../../Engine/Content/EngineMaterials/Substrate/GLints/dict_16_192_64_0p5_0p02_0014_0011.uasset" 6156
"../../../Engine/Content/EngineMaterials/Substrate/GLints/dict_16_192_64_0p5_0p02_0014_0008.uasset" 6157
"/Engine/EngineMaterials/Substrate/GLints/dict_16_192_64_0p5_0p02_0015_0000" 6158
"../../../Engine/Content/EngineMaterials/Substrate/GLints/dict_16_192_64_0p5_0p02_0014_0010.uasset" 6159
"../../../Engine/Content/EngineMaterials/Substrate/GLints/dict_16_192_64_0p5_0p02_0014_0007.uasset" 6160
"../../../Engine/Content/EngineMaterials/Substrate/GLints/dict_16_192_64_0p5_0p02_0014_0006.uasset" 6161
"../../../Engine/Content/EngineMaterials/Substrate/GLints/dict_16_192_64_0p5_0p02_0014_0004.uasset" 6162
"../../../Engine/Content/EngineMaterials/Substrate/GLints/dict_16_192_64_0p5_0p02_0014_0009.uasset" 6163
"../../../Engine/Content/EngineMaterials/Substrate/GLints/dict_16_192_64_0p5_0p02_0013_0015.uasset" 6164
"../../../Engine/Content/EngineMaterials/Substrate/GLints/dict_16_192_64_0p5_0p02_0013_0014.uasset" 6165
"../../../Engine/Content/EngineMaterials/Substrate/GLints/dict_16_192_64_0p5_0p02_0014_0002.uasset" 6166
"../../../Engine/Content/EngineMaterials/Substrate/GLints/dict_16_192_64_0p5_0p02_0014_0012.uasset" 6167
"../../../Engine/Content/EngineMaterials/Substrate/GLints/dict_16_192_64_0p5_0p02_0014_0003.uasset" 6168
"../../../Engine/Content/EngineMaterials/Substrate/GLints/dict_16_192_64_0p5_0p02_0014_0001.uasset" 6169
"../../../Engine/Content/EngineMaterials/Substrate/GLints/dict_16_192_64_0p5_0p02_0014_0005.uasset" 6170
"../../../Engine/Content/EngineMaterials/Substrate/GLints/dict_16_192_64_0p5_0p02_0013_0012.uasset" 6171
"../../../Engine/Content/EngineMaterials/Substrate/GLints/dict_16_192_64_0p5_0p02_0014_0000.uasset" 6172
"../../../Engine/Content/EngineMaterials/Substrate/GLints/dict_16_192_64_0p5_0p02_0014_0014.uasset" 6173
"../../../Engine/Content/EngineMaterials/Substrate/GLints/dict_16_192_64_0p5_0p02_0013_0013.uasset" 6174
"/Engine/EngineMaterials/Substrate/GLints/dict_16_192_64_0p5_0p02_0014_0013" 6175
"/Engine/EngineMaterials/Substrate/GLints/dict_16_192_64_0p5_0p02_0015_0001" 6176
"/Engine/EngineMaterials/Substrate/GLints/dict_16_192_64_0p5_0p02_0015_0002" 6177
"/Engine/EngineMaterials/Substrate/GLints/dict_16_192_64_0p5_0p02_0015_0003" 6178
"/Engine/EngineMaterials/Substrate/GLints/dict_16_192_64_0p5_0p02_0015_0004" 6179
"/Engine/EngineMaterials/Substrate/GLints/dict_16_192_64_0p5_0p02_0015_0005" 6180
"/Engine/EngineMaterials/Substrate/GLints/dict_16_192_64_0p5_0p02_0015_0006" 6181
"/Engine/EngineMaterials/Substrate/GLints/dict_16_192_64_0p5_0p02_0015_0007" 6182
"/Engine/EngineMaterials/Substrate/GLints/dict_16_192_64_0p5_0p02_0015_0008" 6183
"/Engine/EngineMaterials/Substrate/GLints/dict_16_192_64_0p5_0p02_0015_0009" 6184
"/Engine/EngineMaterials/Substrate/GLints/dict_16_192_64_0p5_0p02_0015_0010" 6185
"/Engine/EngineMaterials/Substrate/GLints/dict_16_192_64_0p5_0p02_0015_0011" 6186
"../../../Engine/Content/EngineMaterials/Substrate/GLints/dict_16_192_64_0p5_0p02_0013_0010.uasset" 6187
"../../../Engine/Content/EngineMaterials/Substrate/GLints/dict_16_192_64_0p5_0p02_0013_0011.uasset" 6188
"../../../Engine/Content/EngineMaterials/Substrate/GLints/dict_16_192_64_0p5_0p02_0013_0009.uasset" 6189
"../../../Engine/Content/EngineMaterials/Substrate/GLints/dict_16_192_64_0p5_0p02_0013_0008.uasset" 6190
"/Engine/EngineMaterials/Substrate/GLints/dict_16_192_64_0p5_0p02_0013_0012" 6191
"../../../Engine/Content/EngineMaterials/Substrate/GLints/dict_16_192_64_0p5_0p02_0013_0006.uasset" 6192
"../../../Engine/Content/EngineMaterials/Substrate/GLints/dict_16_192_64_0p5_0p02_0013_0004.uasset" 6193
"../../../Engine/Content/EngineMaterials/Substrate/GLints/dict_16_192_64_0p5_0p02_0013_0005.uasset" 6194
"../../../Engine/Content/EngineMaterials/Substrate/GLints/dict_16_192_64_0p5_0p02_0013_0007.uasset" 6195
"../../../Engine/Content/EngineMaterials/Substrate/GLints/dict_16_192_64_0p5_0p02_0013_0003.uasset" 6196
"../../../Engine/Content/EngineMaterials/Substrate/GLints/dict_16_192_64_0p5_0p02_0013_0000.uasset" 6197
"../../../Engine/Content/EngineMaterials/Substrate/GLints/dict_16_192_64_0p5_0p02_0012_0015.uasset" 6198
"/Engine/EngineMaterials/Substrate/GLints/dict_16_192_64_0p5_0p02_0013_0013" 6199
"../../../Engine/Content/EngineMaterials/Substrate/GLints/dict_16_192_64_0p5_0p02_0013_0002.uasset" 6200
"../../../Engine/Content/EngineMaterials/Substrate/GLints/dict_16_192_64_0p5_0p02_0013_0001.uasset" 6201
"/Engine/EngineMaterials/Substrate/GLints/dict_16_192_64_0p5_0p02_0013_0014" 6202
"/Engine/EngineMaterials/Substrate/GLints/dict_16_192_64_0p5_0p02_0013_0015" 6203
"/Engine/EngineMaterials/Substrate/GLints/dict_16_192_64_0p5_0p02_0014_0000" 6204
"/Engine/EngineMaterials/Substrate/GLints/dict_16_192_64_0p5_0p02_0014_0001" 6205
"/Engine/EngineMaterials/Substrate/GLints/dict_16_192_64_0p5_0p02_0014_0002" 6206
"/Engine/EngineMaterials/Substrate/GLints/dict_16_192_64_0p5_0p02_0014_0003" 6207
"/Engine/EngineMaterials/Substrate/GLints/dict_16_192_64_0p5_0p02_0014_0004" 6208
"/Engine/EngineMaterials/Substrate/GLints/dict_16_192_64_0p5_0p02_0014_0005" 6209
"/Engine/EngineMaterials/Substrate/GLints/dict_16_192_64_0p5_0p02_0014_0006" 6210
"/Engine/EngineMaterials/Substrate/GLints/dict_16_192_64_0p5_0p02_0014_0007" 6211
"/Engine/EngineMaterials/Substrate/GLints/dict_16_192_64_0p5_0p02_0014_0008" 6212
"/Engine/EngineMaterials/Substrate/GLints/dict_16_192_64_0p5_0p02_0014_0009" 6213
"/Engine/EngineMaterials/Substrate/GLints/dict_16_192_64_0p5_0p02_0014_0010" 6214
"/Engine/EngineMaterials/Substrate/GLints/dict_16_192_64_0p5_0p02_0014_0011" 6215
"/Engine/EngineMaterials/Substrate/GLints/dict_16_192_64_0p5_0p02_0014_0012" 6216
"/Engine/EngineMaterials/Substrate/GLints/dict_16_192_64_0p5_0p02_0014_0014" 6217
"/Engine/EngineMaterials/Substrate/GLints/dict_16_192_64_0p5_0p02_0014_0015" 6218
"../../../Engine/Content/EngineMaterials/Substrate/GLints/dict_16_192_64_0p5_0p02_0012_0012.uasset" 6219
"../../../Engine/Content/EngineMaterials/Substrate/GLints/dict_16_192_64_0p5_0p02_0012_0014.uasset" 6220
"../../../Engine/Content/EngineMaterials/Substrate/GLints/dict_16_192_64_0p5_0p02_0012_0011.uasset" 6221
"../../../Engine/Content/EngineMaterials/Substrate/GLints/dict_16_192_64_0p5_0p02_0012_0010.uasset" 6222
"../../../Engine/Content/EngineMaterials/Substrate/GLints/dict_16_192_64_0p5_0p02_0012_0008.uasset" 6223
"/Engine/EngineMaterials/Substrate/GLints/dict_16_192_64_0p5_0p02_0012_0015" 6224
"../../../Engine/Content/EngineMaterials/Substrate/GLints/dict_16_192_64_0p5_0p02_0011_0015.uasset" 6225
"../../../Engine/Content/EngineMaterials/Substrate/GLints/dict_16_192_64_0p5_0p02_0012_0003.uasset" 6226
"../../../Engine/Content/EngineMaterials/Substrate/GLints/dict_16_192_64_0p5_0p02_0012_0001.uasset" 6227
"../../../Engine/Content/EngineMaterials/Substrate/GLints/dict_16_192_64_0p5_0p02_0012_0004.uasset" 6228
"../../../Engine/Content/EngineMaterials/Substrate/GLints/dict_16_192_64_0p5_0p02_0011_0012.uasset" 6229
"../../../Engine/Content/EngineMaterials/Substrate/GLints/dict_16_192_64_0p5_0p02_0012_0006.uasset" 6230
"../../../Engine/Content/EngineMaterials/Substrate/GLints/dict_16_192_64_0p5_0p02_0012_0000.uasset" 6231
"../../../Engine/Content/EngineMaterials/Substrate/GLints/dict_16_192_64_0p5_0p02_0011_0013.uasset" 6232
"../../../Engine/Content/EngineMaterials/Substrate/GLints/dict_16_192_64_0p5_0p02_0012_0002.uasset" 6233
"../../../Engine/Content/EngineMaterials/Substrate/GLints/dict_16_192_64_0p5_0p02_0012_0013.uasset" 6234
"../../../Engine/Content/EngineMaterials/Substrate/GLints/dict_16_192_64_0p5_0p02_0012_0007.uasset" 6235
"../../../Engine/Content/EngineMaterials/Substrate/GLints/dict_16_192_64_0p5_0p02_0011_0014.uasset" 6236
"../../../Engine/Content/EngineMaterials/Substrate/GLints/dict_16_192_64_0p5_0p02_0012_0005.uasset" 6237
"/Engine/EngineMaterials/Substrate/GLints/dict_16_192_64_0p5_0p02_0013_0000" 6238
"../../../Engine/Content/EngineMaterials/Substrate/GLints/dict_16_192_64_0p5_0p02_0012_0009.uasset" 6239
"/Engine/EngineMaterials/Substrate/GLints/dict_16_192_64_0p5_0p02_0013_0001" 6240
"/Engine/EngineMaterials/Substrate/GLints/dict_16_192_64_0p5_0p02_0013_0002" 6241
"/Engine/EngineMaterials/Substrate/GLints/dict_16_192_64_0p5_0p02_0013_0003" 6242
"/Engine/EngineMaterials/Substrate/GLints/dict_16_192_64_0p5_0p02_0013_0004" 6243
"/Engine/EngineMaterials/Substrate/GLints/dict_16_192_64_0p5_0p02_0013_0005" 6244
"/Engine/EngineMaterials/Substrate/GLints/dict_16_192_64_0p5_0p02_0013_0006" 6245
"/Engine/EngineMaterials/Substrate/GLints/dict_16_192_64_0p5_0p02_0013_0007" 6246
"/Engine/EngineMaterials/Substrate/GLints/dict_16_192_64_0p5_0p02_0013_0008" 6247
"/Engine/EngineMaterials/Substrate/GLints/dict_16_192_64_0p5_0p02_0013_0009" 6248
"/Engine/EngineMaterials/Substrate/GLints/dict_16_192_64_0p5_0p02_0013_0010" 6249
"/Engine/EngineMaterials/Substrate/GLints/dict_16_192_64_0p5_0p02_0013_0011" 6250
"../../../Engine/Content/EngineMaterials/Substrate/GLints/dict_16_192_64_0p5_0p02_0011_0011.uasset" 6251
"../../../Engine/Content/EngineMaterials/Substrate/GLints/dict_16_192_64_0p5_0p02_0011_0007.uasset" 6252
"../../../Engine/Content/EngineMaterials/Substrate/GLints/dict_16_192_64_0p5_0p02_0011_0008.uasset" 6253
"../../../Engine/Content/EngineMaterials/Substrate/GLints/dict_16_192_64_0p5_0p02_0011_0009.uasset" 6254
"../../../Engine/Content/EngineMaterials/Substrate/GLints/dict_16_192_64_0p5_0p02_0011_0005.uasset" 6255
"/Engine/EngineMaterials/Substrate/GLints/dict_16_192_64_0p5_0p02_0011_0012" 6256
"../../../Engine/Content/EngineMaterials/Substrate/GLints/dict_16_192_64_0p5_0p02_0011_0003.uasset" 6257
"../../../Engine/Content/EngineMaterials/Substrate/GLints/dict_16_192_64_0p5_0p02_0011_0004.uasset" 6258
"../../../Engine/Content/EngineMaterials/Substrate/GLints/dict_16_192_64_0p5_0p02_0011_0010.uasset" 6259
"../../../Engine/Content/EngineMaterials/Substrate/GLints/dict_16_192_64_0p5_0p02_0011_0000.uasset" 6260
"../../../Engine/Content/EngineMaterials/Substrate/GLints/dict_16_192_64_0p5_0p02_0011_0006.uasset" 6261
"../../../Engine/Content/EngineMaterials/Substrate/GLints/dict_16_192_64_0p5_0p02_0011_0002.uasset" 6262
"../../../Engine/Content/EngineMaterials/Substrate/GLints/dict_16_192_64_0p5_0p02_0010_0015.uasset" 6263
"../../../Engine/Content/EngineMaterials/Substrate/GLints/dict_16_192_64_0p5_0p02_0011_0001.uasset" 6264
"/Engine/EngineMaterials/Substrate/GLints/dict_16_192_64_0p5_0p02_0011_0013" 6265
"/Engine/EngineMaterials/Substrate/GLints/dict_16_192_64_0p5_0p02_0011_0014" 6266
"/Engine/EngineMaterials/Substrate/GLints/dict_16_192_64_0p5_0p02_0011_0015" 6267
"/Engine/EngineMaterials/Substrate/GLints/dict_16_192_64_0p5_0p02_0012_0000" 6268
"/Engine/EngineMaterials/Substrate/GLints/dict_16_192_64_0p5_0p02_0012_0001" 6269
"/Engine/EngineMaterials/Substrate/GLints/dict_16_192_64_0p5_0p02_0012_0002" 6270
"/Engine/EngineMaterials/Substrate/GLints/dict_16_192_64_0p5_0p02_0012_0003" 6271
"/Engine/EngineMaterials/Substrate/GLints/dict_16_192_64_0p5_0p02_0012_0004" 6272
"/Engine/EngineMaterials/Substrate/GLints/dict_16_192_64_0p5_0p02_0012_0005" 6273
"/Engine/EngineMaterials/Substrate/GLints/dict_16_192_64_0p5_0p02_0012_0006" 6274
"/Engine/EngineMaterials/Substrate/GLints/dict_16_192_64_0p5_0p02_0012_0007" 6275
"/Engine/EngineMaterials/Substrate/GLints/dict_16_192_64_0p5_0p02_0012_0008" 6276
"/Engine/EngineMaterials/Substrate/GLints/dict_16_192_64_0p5_0p02_0012_0009" 6277
"/Engine/EngineMaterials/Substrate/GLints/dict_16_192_64_0p5_0p02_0012_0010" 6278
"/Engine/EngineMaterials/Substrate/GLints/dict_16_192_64_0p5_0p02_0012_0011" 6279
"/Engine/EngineMaterials/Substrate/GLints/dict_16_192_64_0p5_0p02_0012_0012" 6280
"/Engine/EngineMaterials/Substrate/GLints/dict_16_192_64_0p5_0p02_0012_0013" 6281
"/Engine/EngineMaterials/Substrate/GLints/dict_16_192_64_0p5_0p02_0012_0014" 6282
"../../../Engine/Content/EngineMaterials/Substrate/GLints/dict_16_192_64_0p5_0p02_0010_0012.uasset" 6283
"../../../Engine/Content/EngineMaterials/Substrate/GLints/dict_16_192_64_0p5_0p02_0010_0013.uasset" 6284
"../../../Engine/Content/EngineMaterials/Substrate/GLints/dict_16_192_64_0p5_0p02_0010_0011.uasset" 6285
"../../../Engine/Content/EngineMaterials/Substrate/GLints/dict_16_192_64_0p5_0p02_0010_0010.uasset" 6286
"/Engine/EngineMaterials/Substrate/GLints/dict_16_192_64_0p5_0p02_0010_0015" 6287
"../../../Engine/Content/EngineMaterials/Substrate/GLints/dict_16_192_64_0p5_0p02_0010_0004.uasset" 6288
"../../../Engine/Content/EngineMaterials/Substrate/GLints/dict_16_192_64_0p5_0p02_0010_0006.uasset" 6289
"../../../Engine/Content/EngineMaterials/Substrate/GLints/dict_16_192_64_0p5_0p02_0010_0005.uasset" 6290
"../../../Engine/Content/EngineMaterials/Substrate/GLints/dict_16_192_64_0p5_0p02_0010_0008.uasset" 6291
"../../../Engine/Content/EngineMaterials/Substrate/GLints/dict_16_192_64_0p5_0p02_0010_0003.uasset" 6292
"../../../Engine/Content/EngineMaterials/Substrate/GLints/dict_16_192_64_0p5_0p02_0009_0012.uasset" 6293
"../../../Engine/Content/EngineMaterials/Substrate/GLints/dict_16_192_64_0p5_0p02_0010_0001.uasset" 6294
"../../../Engine/Content/EngineMaterials/Substrate/GLints/dict_16_192_64_0p5_0p02_0010_0000.uasset" 6295
"../../../Engine/Content/EngineMaterials/Substrate/GLints/dict_16_192_64_0p5_0p02_0010_0002.uasset" 6296
"../../../Engine/Content/EngineMaterials/Substrate/GLints/dict_16_192_64_0p5_0p02_0010_0009.uasset" 6297
"../../../Engine/Content/EngineMaterials/Substrate/GLints/dict_16_192_64_0p5_0p02_0009_0013.uasset" 6298
"../../../Engine/Content/EngineMaterials/Substrate/GLints/dict_16_192_64_0p5_0p02_0010_0014.uasset" 6299
"../../../Engine/Content/EngineMaterials/Substrate/GLints/dict_16_192_64_0p5_0p02_0010_0007.uasset" 6300
"/Engine/EngineMaterials/Substrate/GLints/dict_16_192_64_0p5_0p02_0011_0000" 6301
"../../../Engine/Content/EngineMaterials/Substrate/GLints/dict_16_192_64_0p5_0p02_0009_0015.uasset" 6302
"../../../Engine/Content/EngineMaterials/Substrate/GLints/dict_16_192_64_0p5_0p02_0009_0014.uasset" 6303
"/Engine/EngineMaterials/Substrate/GLints/dict_16_192_64_0p5_0p02_0011_0001" 6304
"/Engine/EngineMaterials/Substrate/GLints/dict_16_192_64_0p5_0p02_0011_0002" 6305
"/Engine/EngineMaterials/Substrate/GLints/dict_16_192_64_0p5_0p02_0011_0003" 6306
"/Engine/EngineMaterials/Substrate/GLints/dict_16_192_64_0p5_0p02_0011_0004" 6307
"/Engine/EngineMaterials/Substrate/GLints/dict_16_192_64_0p5_0p02_0011_0005" 6308
"/Engine/EngineMaterials/Substrate/GLints/dict_16_192_64_0p5_0p02_0011_0006" 6309
"/Engine/EngineMaterials/Substrate/GLints/dict_16_192_64_0p5_0p02_0011_0007" 6310
"/Engine/EngineMaterials/Substrate/GLints/dict_16_192_64_0p5_0p02_0011_0008" 6311
"/Engine/EngineMaterials/Substrate/GLints/dict_16_192_64_0p5_0p02_0011_0009" 6312
"/Engine/EngineMaterials/Substrate/GLints/dict_16_192_64_0p5_0p02_0011_0010" 6313
"/Engine/EngineMaterials/Substrate/GLints/dict_16_192_64_0p5_0p02_0011_0011" 6314
"../../../Engine/Content/EngineMaterials/Substrate/GLints/dict_16_192_64_0p5_0p02_0009_0009.uasset" 6315
"../../../Engine/Content/EngineMaterials/Substrate/GLints/dict_16_192_64_0p5_0p02_0009_0008.uasset" 6316
"/Engine/EngineMaterials/Substrate/GLints/dict_16_192_64_0p5_0p02_0009_0012" 6317
"../../../Engine/Content/EngineMaterials/Substrate/GLints/dict_16_192_64_0p5_0p02_0009_0011.uasset" 6318
"../../../Engine/Content/EngineMaterials/Substrate/GLints/dict_16_192_64_0p5_0p02_0009_0005.uasset" 6319
"../../../Engine/Content/EngineMaterials/Substrate/GLints/dict_16_192_64_0p5_0p02_0009_0003.uasset" 6320
"../../../Engine/Content/EngineMaterials/Substrate/GLints/dict_16_192_64_0p5_0p02_0009_0004.uasset" 6321
"../../../Engine/Content/EngineMaterials/Substrate/GLints/dict_16_192_64_0p5_0p02_0009_0001.uasset" 6322
"../../../Engine/Content/EngineMaterials/Substrate/GLints/dict_16_192_64_0p5_0p02_0009_0007.uasset" 6323
"../../../Engine/Content/EngineMaterials/Substrate/GLints/dict_16_192_64_0p5_0p02_0009_0002.uasset" 6324
"../../../Engine/Content/EngineMaterials/Substrate/GLints/dict_16_192_64_0p5_0p02_0009_0010.uasset" 6325
"../../../Engine/Content/EngineMaterials/Substrate/GLints/dict_16_192_64_0p5_0p02_0009_0006.uasset" 6326
"/Engine/EngineMaterials/Substrate/GLints/dict_16_192_64_0p5_0p02_0009_0013" 6327
"../../../Engine/Content/EngineMaterials/Substrate/GLints/dict_16_192_64_0p5_0p02_0008_0015.uasset" 6328
"../../../Engine/Content/EngineMaterials/Substrate/GLints/dict_16_192_64_0p5_0p02_0009_0000.uasset" 6329
"/Engine/EngineMaterials/Substrate/GLints/dict_16_192_64_0p5_0p02_0009_0014" 6330
"/Engine/EngineMaterials/Substrate/GLints/dict_16_192_64_0p5_0p02_0009_0015" 6331
"/Engine/EngineMaterials/Substrate/GLints/dict_16_192_64_0p5_0p02_0010_0000" 6332
"/Engine/EngineMaterials/Substrate/GLints/dict_16_192_64_0p5_0p02_0010_0001" 6333
"/Engine/EngineMaterials/Substrate/GLints/dict_16_192_64_0p5_0p02_0010_0002" 6334
"/Engine/EngineMaterials/Substrate/GLints/dict_16_192_64_0p5_0p02_0010_0003" 6335
"/Engine/EngineMaterials/Substrate/GLints/dict_16_192_64_0p5_0p02_0010_0004" 6336
"/Engine/EngineMaterials/Substrate/GLints/dict_16_192_64_0p5_0p02_0010_0005" 6337
"/Engine/EngineMaterials/Substrate/GLints/dict_16_192_64_0p5_0p02_0010_0006" 6338
"/Engine/EngineMaterials/Substrate/GLints/dict_16_192_64_0p5_0p02_0010_0007" 6339
"/Engine/EngineMaterials/Substrate/GLints/dict_16_192_64_0p5_0p02_0010_0008" 6340
"/Engine/EngineMaterials/Substrate/GLints/dict_16_192_64_0p5_0p02_0010_0009" 6341
"/Engine/EngineMaterials/Substrate/GLints/dict_16_192_64_0p5_0p02_0010_0010" 6342
"/Engine/EngineMaterials/Substrate/GLints/dict_16_192_64_0p5_0p02_0010_0011" 6343
"/Engine/EngineMaterials/Substrate/GLints/dict_16_192_64_0p5_0p02_0010_0012" 6344
"/Engine/EngineMaterials/Substrate/GLints/dict_16_192_64_0p5_0p02_0010_0013" 6345
"/Engine/EngineMaterials/Substrate/GLints/dict_16_192_64_0p5_0p02_0010_0014" 6346
"../../../Engine/Content/EngineMaterials/Substrate/GLints/dict_16_192_64_0p5_0p02_0008_0011.uasset" 6347
"../../../Engine/Content/EngineMaterials/Substrate/GLints/dict_16_192_64_0p5_0p02_0008_0010.uasset" 6348
"../../../Engine/Content/EngineMaterials/Substrate/GLints/dict_16_192_64_0p5_0p02_0008_0012.uasset" 6349
"../../../Engine/Content/EngineMaterials/Substrate/GLints/dict_16_192_64_0p5_0p02_0008_0008.uasset" 6350
"../../../Engine/Content/EngineMaterials/Substrate/GLints/dict_16_192_64_0p5_0p02_0008_0005.uasset" 6351
"../../../Engine/Content/EngineMaterials/Substrate/GLints/dict_16_192_64_0p5_0p02_0008_0007.uasset" 6352
"/Engine/EngineMaterials/Substrate/GLints/dict_16_192_64_0p5_0p02_0008_0015" 6353
"../../../Engine/Content/EngineMaterials/Substrate/GLints/dict_16_192_64_0p5_0p02_0008_0002.uasset" 6354
"../../../Engine/Content/EngineMaterials/Substrate/GLints/dict_16_192_64_0p5_0p02_0008_0004.uasset" 6355
"../../../Engine/Content/EngineMaterials/Substrate/GLints/dict_16_192_64_0p5_0p02_0008_0003.uasset" 6356
"../../../Engine/Content/EngineMaterials/Substrate/GLints/dict_16_192_64_0p5_0p02_0008_0006.uasset" 6357
"../../../Engine/Content/EngineMaterials/Substrate/GLints/dict_16_192_64_0p5_0p02_0008_0000.uasset" 6358
"../../../Engine/Content/EngineMaterials/Substrate/GLints/dict_16_192_64_0p5_0p02_0008_0014.uasset" 6359
"../../../Engine/Content/EngineMaterials/Substrate/GLints/dict_16_192_64_0p5_0p02_0007_0013.uasset" 6360
"../../../Engine/Content/EngineMaterials/Substrate/GLints/dict_16_192_64_0p5_0p02_0008_0009.uasset" 6361
"../../../Engine/Content/EngineMaterials/Substrate/GLints/dict_16_192_64_0p5_0p02_0007_0012.uasset" 6362
"../../../Engine/Content/EngineMaterials/Substrate/GLints/dict_16_192_64_0p5_0p02_0008_0013.uasset" 6363
"../../../Engine/Content/EngineMaterials/Substrate/GLints/dict_16_192_64_0p5_0p02_0008_0001.uasset" 6364
"../../../Engine/Content/EngineMaterials/Substrate/GLints/dict_16_192_64_0p5_0p02_0007_0015.uasset" 6365
"/Engine/EngineMaterials/Substrate/GLints/dict_16_192_64_0p5_0p02_0009_0000" 6366
"../../../Engine/Content/EngineMaterials/Substrate/GLints/dict_16_192_64_0p5_0p02_0007_0014.uasset" 6367
"/Engine/EngineMaterials/Substrate/GLints/dict_16_192_64_0p5_0p02_0009_0001" 6368
"/Engine/EngineMaterials/Substrate/GLints/dict_16_192_64_0p5_0p02_0009_0002" 6369
"/Engine/EngineMaterials/Substrate/GLints/dict_16_192_64_0p5_0p02_0009_0003" 6370
"/Engine/EngineMaterials/Substrate/GLints/dict_16_192_64_0p5_0p02_0009_0004" 6371
"/Engine/EngineMaterials/Substrate/GLints/dict_16_192_64_0p5_0p02_0009_0005" 6372
"/Engine/EngineMaterials/Substrate/GLints/dict_16_192_64_0p5_0p02_0009_0006" 6373
"/Engine/EngineMaterials/Substrate/GLints/dict_16_192_64_0p5_0p02_0009_0007" 6374
"/Engine/EngineMaterials/Substrate/GLints/dict_16_192_64_0p5_0p02_0009_0008" 6375
"/Engine/EngineMaterials/Substrate/GLints/dict_16_192_64_0p5_0p02_0009_0009" 6376
"/Engine/EngineMaterials/Substrate/GLints/dict_16_192_64_0p5_0p02_0009_0010" 6377
"/Engine/EngineMaterials/Substrate/GLints/dict_16_192_64_0p5_0p02_0009_0011" 6378
"../../../Engine/Content/EngineMaterials/Substrate/GLints/dict_16_192_64_0p5_0p02_0007_0010.uasset" 6379
"/Engine/EngineMaterials/Substrate/GLints/dict_16_192_64_0p5_0p02_0007_0012" 6380
"../../../Engine/Content/EngineMaterials/Substrate/GLints/dict_16_192_64_0p5_0p02_0007_0004.uasset" 6381
"../../../Engine/Content/EngineMaterials/Substrate/GLints/dict_16_192_64_0p5_0p02_0007_0008.uasset" 6382
"../../../Engine/Content/EngineMaterials/Substrate/GLints/dict_16_192_64_0p5_0p02_0007_0006.uasset" 6383
"../../../Engine/Content/EngineMaterials/Substrate/GLints/dict_16_192_64_0p5_0p02_0007_0011.uasset" 6384
"../../../Engine/Content/EngineMaterials/Substrate/GLints/dict_16_192_64_0p5_0p02_0007_0007.uasset" 6385
"../../../Engine/Content/EngineMaterials/Substrate/GLints/dict_16_192_64_0p5_0p02_0006_0015.uasset" 6386
"../../../Engine/Content/EngineMaterials/Substrate/GLints/dict_16_192_64_0p5_0p02_0007_0009.uasset" 6387
"../../../Engine/Content/EngineMaterials/Substrate/GLints/dict_16_192_64_0p5_0p02_0007_0000.uasset" 6388
"/Engine/EngineMaterials/Substrate/GLints/dict_16_192_64_0p5_0p02_0007_0013" 6389
"../../../Engine/Content/EngineMaterials/Substrate/GLints/dict_16_192_64_0p5_0p02_0007_0001.uasset" 6390
"../../../Engine/Content/EngineMaterials/Substrate/GLints/dict_16_192_64_0p5_0p02_0007_0003.uasset" 6391
"../../../Engine/Content/EngineMaterials/Substrate/GLints/dict_16_192_64_0p5_0p02_0007_0005.uasset" 6392
"../../../Engine/Content/EngineMaterials/Substrate/GLints/dict_16_192_64_0p5_0p02_0007_0002.uasset" 6393
"/Engine/EngineMaterials/Substrate/GLints/dict_16_192_64_0p5_0p02_0007_0014" 6394
"/Engine/EngineMaterials/Substrate/GLints/dict_16_192_64_0p5_0p02_0007_0015" 6395
"/Engine/EngineMaterials/Substrate/GLints/dict_16_192_64_0p5_0p02_0008_0000" 6396
"/Engine/EngineMaterials/Substrate/GLints/dict_16_192_64_0p5_0p02_0008_0001" 6397
"/Engine/EngineMaterials/Substrate/GLints/dict_16_192_64_0p5_0p02_0008_0002" 6398
"/Engine/EngineMaterials/Substrate/GLints/dict_16_192_64_0p5_0p02_0008_0003" 6399
"/Engine/EngineMaterials/Substrate/GLints/dict_16_192_64_0p5_0p02_0008_0004" 6400
"/Engine/EngineMaterials/Substrate/GLints/dict_16_192_64_0p5_0p02_0008_0005" 6401
"/Engine/EngineMaterials/Substrate/GLints/dict_16_192_64_0p5_0p02_0008_0006" 6402
"/Engine/EngineMaterials/Substrate/GLints/dict_16_192_64_0p5_0p02_0008_0007" 6403
"/Engine/EngineMaterials/Substrate/GLints/dict_16_192_64_0p5_0p02_0008_0008" 6404
"/Engine/EngineMaterials/Substrate/GLints/dict_16_192_64_0p5_0p02_0008_0009" 6405
"/Engine/EngineMaterials/Substrate/GLints/dict_16_192_64_0p5_0p02_0008_0010" 6406
"/Engine/EngineMaterials/Substrate/GLints/dict_16_192_64_0p5_0p02_0008_0011" 6407
"/Engine/EngineMaterials/Substrate/GLints/dict_16_192_64_0p5_0p02_0008_0012" 6408
"/Engine/EngineMaterials/Substrate/GLints/dict_16_192_64_0p5_0p02_0008_0013" 6409
"/Engine/EngineMaterials/Substrate/GLints/dict_16_192_64_0p5_0p02_0008_0014" 6410
"../../../Engine/Content/EngineMaterials/Substrate/GLints/dict_16_192_64_0p5_0p02_0006_0014.uasset" 6411
"../../../Engine/Content/EngineMaterials/Substrate/GLints/dict_16_192_64_0p5_0p02_0006_0010.uasset" 6412
"../../../Engine/Content/EngineMaterials/Substrate/GLints/dict_16_192_64_0p5_0p02_0006_0013.uasset" 6413
"../../../Engine/Content/EngineMaterials/Substrate/GLints/dict_16_192_64_0p5_0p02_0006_0007.uasset" 6414
"../../../Engine/Content/EngineMaterials/Substrate/GLints/dict_16_192_64_0p5_0p02_0006_0006.uasset" 6415
"/Engine/EngineMaterials/Substrate/GLints/dict_16_192_64_0p5_0p02_0006_0015" 6416
"../../../Engine/Content/EngineMaterials/Substrate/GLints/dict_16_192_64_0p5_0p02_0006_0009.uasset" 6417
"../../../Engine/Content/EngineMaterials/Substrate/GLints/dict_16_192_64_0p5_0p02_0006_0000.uasset" 6418
"../../../Engine/Content/EngineMaterials/Substrate/GLints/dict_16_192_64_0p5_0p02_0005_0015.uasset" 6419
"../../../Engine/Content/EngineMaterials/Substrate/GLints/dict_16_192_64_0p5_0p02_0006_0002.uasset" 6420
"../../../Engine/Content/EngineMaterials/Substrate/GLints/dict_16_192_64_0p5_0p02_0005_0012.uasset" 6421
"../../../Engine/Content/EngineMaterials/Substrate/GLints/dict_16_192_64_0p5_0p02_0006_0011.uasset" 6422
"../../../Engine/Content/EngineMaterials/Substrate/GLints/dict_16_192_64_0p5_0p02_0006_0005.uasset" 6423
"../../../Engine/Content/EngineMaterials/Substrate/GLints/dict_16_192_64_0p5_0p02_0006_0001.uasset" 6424
"../../../Engine/Content/EngineMaterials/Substrate/GLints/dict_16_192_64_0p5_0p02_0006_0012.uasset" 6425
"../../../Engine/Content/EngineMaterials/Substrate/GLints/dict_16_192_64_0p5_0p02_0006_0003.uasset" 6426
"../../../Engine/Content/EngineMaterials/Substrate/GLints/dict_16_192_64_0p5_0p02_0005_0014.uasset" 6427
"/Engine/EngineMaterials/Substrate/GLints/dict_16_192_64_0p5_0p02_0007_0000" 6428
"../../../Engine/Content/EngineMaterials/Substrate/GLints/dict_16_192_64_0p5_0p02_0005_0013.uasset" 6429
"../../../Engine/Content/EngineMaterials/Substrate/GLints/dict_16_192_64_0p5_0p02_0006_0004.uasset" 6430
"../../../Engine/Content/EngineMaterials/Substrate/GLints/dict_16_192_64_0p5_0p02_0006_0008.uasset" 6431
"/Engine/EngineMaterials/Substrate/GLints/dict_16_192_64_0p5_0p02_0007_0001" 6432
"/Engine/EngineMaterials/Substrate/GLints/dict_16_192_64_0p5_0p02_0007_0002" 6433
"/Engine/EngineMaterials/Substrate/GLints/dict_16_192_64_0p5_0p02_0007_0003" 6434
"/Engine/EngineMaterials/Substrate/GLints/dict_16_192_64_0p5_0p02_0007_0004" 6435
"/Engine/EngineMaterials/Substrate/GLints/dict_16_192_64_0p5_0p02_0007_0005" 6436
"/Engine/EngineMaterials/Substrate/GLints/dict_16_192_64_0p5_0p02_0007_0006" 6437
"/Engine/EngineMaterials/Substrate/GLints/dict_16_192_64_0p5_0p02_0007_0007" 6438
"/Engine/EngineMaterials/Substrate/GLints/dict_16_192_64_0p5_0p02_0007_0008" 6439
"/Engine/EngineMaterials/Substrate/GLints/dict_16_192_64_0p5_0p02_0007_0009" 6440
"/Engine/EngineMaterials/Substrate/GLints/dict_16_192_64_0p5_0p02_0007_0010" 6441
"/Engine/EngineMaterials/Substrate/GLints/dict_16_192_64_0p5_0p02_0007_0011" 6442
"../../../Engine/Content/EngineMaterials/Substrate/GLints/dict_16_192_64_0p5_0p02_0005_0011.uasset" 6443
"../../../Engine/Content/EngineMaterials/Substrate/GLints/dict_16_192_64_0p5_0p02_0005_0008.uasset" 6444
"../../../Engine/Content/EngineMaterials/Substrate/GLints/dict_16_192_64_0p5_0p02_0005_0009.uasset" 6445
"../../../Engine/Content/EngineMaterials/Substrate/GLints/dict_16_192_64_0p5_0p02_0005_0007.uasset" 6446
"../../../Engine/Content/EngineMaterials/Substrate/GLints/dict_16_192_64_0p5_0p02_0005_0006.uasset" 6447
"../../../Engine/Content/EngineMaterials/Substrate/GLints/dict_16_192_64_0p5_0p02_0005_0005.uasset" 6448
"../../../Engine/Content/EngineMaterials/Substrate/GLints/dict_16_192_64_0p5_0p02_0005_0003.uasset" 6449
"../../../Engine/Content/EngineMaterials/Substrate/GLints/dict_16_192_64_0p5_0p02_0005_0000.uasset" 6450
"../../../Engine/Content/EngineMaterials/Substrate/GLints/dict_16_192_64_0p5_0p02_0005_0004.uasset" 6451
"../../../Engine/Content/EngineMaterials/Substrate/GLints/dict_16_192_64_0p5_0p02_0005_0002.uasset" 6452
"../../../Engine/Content/EngineMaterials/Substrate/GLints/dict_16_192_64_0p5_0p02_0005_0001.uasset" 6453
"/Engine/EngineMaterials/Substrate/GLints/dict_16_192_64_0p5_0p02_0005_0012" 6454
"../../../Engine/Content/EngineMaterials/Substrate/GLints/dict_16_192_64_0p5_0p02_0005_0010.uasset" 6455
"../../../Engine/Content/EngineMaterials/Substrate/GLints/dict_16_192_64_0p5_0p02_0004_0015.uasset" 6456
"/Engine/EngineMaterials/Substrate/GLints/dict_16_192_64_0p5_0p02_0005_0013" 6457
"/Engine/EngineMaterials/Substrate/GLints/dict_16_192_64_0p5_0p02_0005_0014" 6458
"/Engine/EngineMaterials/Substrate/GLints/dict_16_192_64_0p5_0p02_0005_0015" 6459
"/Engine/EngineMaterials/Substrate/GLints/dict_16_192_64_0p5_0p02_0006_0000" 6460
"/Engine/EngineMaterials/Substrate/GLints/dict_16_192_64_0p5_0p02_0006_0001" 6461
"/Engine/EngineMaterials/Substrate/GLints/dict_16_192_64_0p5_0p02_0006_0002" 6462
"/Engine/EngineMaterials/Substrate/GLints/dict_16_192_64_0p5_0p02_0006_0003" 6463
"/Engine/EngineMaterials/Substrate/GLints/dict_16_192_64_0p5_0p02_0006_0004" 6464
"/Engine/EngineMaterials/Substrate/GLints/dict_16_192_64_0p5_0p02_0006_0005" 6465
"/Engine/EngineMaterials/Substrate/GLints/dict_16_192_64_0p5_0p02_0006_0006" 6466
"/Engine/EngineMaterials/Substrate/GLints/dict_16_192_64_0p5_0p02_0006_0007" 6467
"/Engine/EngineMaterials/Substrate/GLints/dict_16_192_64_0p5_0p02_0006_0008" 6468
"/Engine/EngineMaterials/Substrate/GLints/dict_16_192_64_0p5_0p02_0006_0009" 6469
"/Engine/EngineMaterials/Substrate/GLints/dict_16_192_64_0p5_0p02_0006_0010" 6470
"/Engine/EngineMaterials/Substrate/GLints/dict_16_192_64_0p5_0p02_0006_0011" 6471
"/Engine/EngineMaterials/Substrate/GLints/dict_16_192_64_0p5_0p02_0006_0012" 6472
"/Engine/EngineMaterials/Substrate/GLints/dict_16_192_64_0p5_0p02_0006_0013" 6473
"/Engine/EngineMaterials/Substrate/GLints/dict_16_192_64_0p5_0p02_0006_0014" 6474
"/Engine/EngineMaterials/Substrate/GLints/dict_16_192_64_0p5_0p02_0005_0007" 6475
"/Engine/EngineMaterials/Substrate/GLints/dict_16_192_64_0p5_0p02_0005_0008" 6476
"/Engine/EngineMaterials/Substrate/GLints/dict_16_192_64_0p5_0p02_0005_0011" 6477
"../../../Engine/Content/EngineMaterials/Substrate/GLints/dict_16_192_64_0p5_0p02_0004_0013.uasset" 6478
"../../../Engine/Content/EngineMaterials/Substrate/GLints/dict_16_192_64_0p5_0p02_0004_0012.uasset" 6479
"../../../Engine/Content/EngineMaterials/Substrate/GLints/dict_16_192_64_0p5_0p02_0004_0008.uasset" 6480
"../../../Engine/Content/EngineMaterials/Substrate/GLints/dict_16_192_64_0p5_0p02_0004_0010.uasset" 6481
"/Engine/EngineMaterials/Substrate/GLints/dict_16_192_64_0p5_0p02_0004_0015" 6482
"../../../Engine/Content/EngineMaterials/Substrate/GLints/dict_16_192_64_0p5_0p02_0004_0007.uasset" 6483
"../../../Engine/Content/EngineMaterials/Substrate/GLints/dict_16_192_64_0p5_0p02_0004_0009.uasset" 6484
"../../../Engine/Content/EngineMaterials/Substrate/GLints/dict_16_192_64_0p5_0p02_0004_0006.uasset" 6485
"../../../Engine/Content/EngineMaterials/Substrate/GLints/dict_16_192_64_0p5_0p02_0004_0004.uasset" 6486
"../../../Engine/Content/EngineMaterials/Substrate/GLints/dict_16_192_64_0p5_0p02_0004_0001.uasset" 6487
"../../../Engine/Content/EngineMaterials/Substrate/GLints/dict_16_192_64_0p5_0p02_0003_0009.uasset" 6488
"../../../Engine/Content/EngineMaterials/Substrate/GLints/dict_16_192_64_0p5_0p02_0003_0012.uasset" 6489
"../../../Engine/Content/EngineMaterials/Substrate/GLints/dict_16_192_64_0p5_0p02_0003_0010.uasset" 6490
"../../../Engine/Content/EngineMaterials/Substrate/GLints/dict_16_192_64_0p5_0p02_0004_0014.uasset" 6491
"../../../Engine/Content/EngineMaterials/Substrate/GLints/dict_16_192_64_0p5_0p02_0004_0005.uasset" 6492
"../../../Engine/Content/EngineMaterials/Substrate/GLints/dict_16_192_64_0p5_0p02_0004_0003.uasset" 6493
"../../../Engine/Content/EngineMaterials/Substrate/GLints/dict_16_192_64_0p5_0p02_0004_0000.uasset" 6494
"../../../Engine/Content/EngineMaterials/Substrate/GLints/dict_16_192_64_0p5_0p02_0004_0002.uasset" 6495
"../../../Engine/Content/EngineMaterials/Substrate/GLints/dict_16_192_64_0p5_0p02_0003_0011.uasset" 6496
"/Engine/EngineMaterials/Substrate/GLints/dict_16_192_64_0p5_0p02_0005_0000" 6497
"../../../Engine/Content/EngineMaterials/Substrate/GLints/dict_16_192_64_0p5_0p02_0003_0013.uasset" 6498
"../../../Engine/Content/EngineMaterials/Substrate/GLints/dict_16_192_64_0p5_0p02_0004_0011.uasset" 6499
"../../../Engine/Content/EngineMaterials/Substrate/GLints/dict_16_192_64_0p5_0p02_0003_0015.uasset" 6500
"../../../Engine/Content/EngineMaterials/Substrate/GLints/dict_16_192_64_0p5_0p02_0003_0014.uasset" 6501
"/Engine/EngineMaterials/Substrate/GLints/dict_16_192_64_0p5_0p02_0005_0001" 6502
"/Engine/EngineMaterials/Substrate/GLints/dict_16_192_64_0p5_0p02_0005_0002" 6503
"/Engine/EngineMaterials/Substrate/GLints/dict_16_192_64_0p5_0p02_0005_0003" 6504
"/Engine/EngineMaterials/Substrate/GLints/dict_16_192_64_0p5_0p02_0005_0004" 6505
"/Engine/EngineMaterials/Substrate/GLints/dict_16_192_64_0p5_0p02_0005_0005" 6506
"/Engine/EngineMaterials/Substrate/GLints/dict_16_192_64_0p5_0p02_0005_0006" 6507
"/Engine/EngineMaterials/Substrate/GLints/dict_16_192_64_0p5_0p02_0005_0009" 6508
"/Engine/EngineMaterials/Substrate/GLints/dict_16_192_64_0p5_0p02_0005_0010" 6509
"../../../Engine/Content/EngineMaterials/Substrate/GLints/dict_16_192_64_0p5_0p02_0003_0007.uasset" 6510
"../../../Engine/Content/EngineMaterials/Substrate/GLints/dict_16_192_64_0p5_0p02_0003_0006.uasset" 6511
"../../../Engine/Content/EngineMaterials/Substrate/GLints/dict_16_192_64_0p5_0p02_0003_0008.uasset" 6512
"../../../Engine/Content/EngineMaterials/Substrate/GLints/dict_16_192_64_0p5_0p02_0003_0005.uasset" 6513
"/Engine/EngineMaterials/Substrate/GLints/dict_16_192_64_0p5_0p02_0003_0009" 6514
"../../../Engine/Content/EngineMaterials/Substrate/GLints/dict_16_192_64_0p5_0p02_0003_0004.uasset" 6515
"../../../Engine/Content/EngineMaterials/Substrate/GLints/dict_16_192_64_0p5_0p02_0003_0003.uasset" 6516
"../../../Engine/Content/EngineMaterials/Substrate/GLints/dict_16_192_64_0p5_0p02_0003_0001.uasset" 6517
"../../../Engine/Content/EngineMaterials/Substrate/GLints/dict_16_192_64_0p5_0p02_0002_0015.uasset" 6518
"../../../Engine/Content/EngineMaterials/Substrate/GLints/dict_16_192_64_0p5_0p02_0003_0000.uasset" 6519
"../../../Engine/Content/EngineMaterials/Substrate/GLints/dict_16_192_64_0p5_0p02_0003_0002.uasset" 6520
"/Engine/EngineMaterials/Substrate/GLints/dict_16_192_64_0p5_0p02_0003_0010" 6521
"/Engine/EngineMaterials/Substrate/GLints/dict_16_192_64_0p5_0p02_0003_0011" 6522
"/Engine/EngineMaterials/Substrate/GLints/dict_16_192_64_0p5_0p02_0003_0012" 6523
"/Engine/EngineMaterials/Substrate/GLints/dict_16_192_64_0p5_0p02_0003_0013" 6524
"/Engine/EngineMaterials/Substrate/GLints/dict_16_192_64_0p5_0p02_0003_0014" 6525
"/Engine/EngineMaterials/Substrate/GLints/dict_16_192_64_0p5_0p02_0003_0015" 6526
"/Engine/EngineMaterials/Substrate/GLints/dict_16_192_64_0p5_0p02_0004_0000" 6527
"/Engine/EngineMaterials/Substrate/GLints/dict_16_192_64_0p5_0p02_0004_0001" 6528
"/Engine/EngineMaterials/Substrate/GLints/dict_16_192_64_0p5_0p02_0004_0002" 6529
"/Engine/EngineMaterials/Substrate/GLints/dict_16_192_64_0p5_0p02_0004_0003" 6530
"/Engine/EngineMaterials/Substrate/GLints/dict_16_192_64_0p5_0p02_0004_0004" 6531
"/Engine/EngineMaterials/Substrate/GLints/dict_16_192_64_0p5_0p02_0004_0005" 6532
"/Engine/EngineMaterials/Substrate/GLints/dict_16_192_64_0p5_0p02_0004_0006" 6533
"/Engine/EngineMaterials/Substrate/GLints/dict_16_192_64_0p5_0p02_0004_0007" 6534
"/Engine/EngineMaterials/Substrate/GLints/dict_16_192_64_0p5_0p02_0004_0008" 6535
"/Engine/EngineMaterials/Substrate/GLints/dict_16_192_64_0p5_0p02_0004_0009" 6536
"/Engine/EngineMaterials/Substrate/GLints/dict_16_192_64_0p5_0p02_0004_0010" 6537
"/Engine/EngineMaterials/Substrate/GLints/dict_16_192_64_0p5_0p02_0004_0011" 6538
"/Engine/EngineMaterials/Substrate/GLints/dict_16_192_64_0p5_0p02_0004_0012" 6539
"/Engine/EngineMaterials/Substrate/GLints/dict_16_192_64_0p5_0p02_0004_0013" 6540
"/Engine/EngineMaterials/Substrate/GLints/dict_16_192_64_0p5_0p02_0004_0014" 6541
"../../../Engine/Content/EngineMaterials/Substrate/GLints/dict_16_192_64_0p5_0p02_0002_0011.uasset" 6542
"../../../Engine/Content/EngineMaterials/Substrate/GLints/dict_16_192_64_0p5_0p02_0002_0008.uasset" 6543
"../../../Engine/Content/EngineMaterials/Substrate/GLints/dict_16_192_64_0p5_0p02_0002_0006.uasset" 6544
"../../../Engine/Content/EngineMaterials/Substrate/GLints/dict_16_192_64_0p5_0p02_0002_0007.uasset" 6545
"../../../Engine/Content/EngineMaterials/Substrate/GLints/dict_16_192_64_0p5_0p02_0002_0005.uasset" 6546
"../../../Engine/Content/EngineMaterials/Substrate/GLints/dict_16_192_64_0p5_0p02_0002_0004.uasset" 6547
"../../../Engine/Content/EngineMaterials/Substrate/GLints/dict_16_192_64_0p5_0p02_0002_0000.uasset" 6548
"/Engine/EngineMaterials/Substrate/GLints/dict_16_192_64_0p5_0p02_0002_0015" 6549
"../../../Engine/Content/EngineMaterials/Substrate/GLints/dict_16_192_64_0p5_0p02_0002_0002.uasset" 6550
"../../../Engine/Content/EngineMaterials/Substrate/GLints/dict_16_192_64_0p5_0p02_0002_0003.uasset" 6551
"../../../Engine/Content/EngineMaterials/Substrate/GLints/dict_16_192_64_0p5_0p02_0001_0015.uasset" 6552
"../../../Engine/Content/EngineMaterials/Substrate/GLints/dict_16_192_64_0p5_0p02_0001_0013.uasset" 6553
"../../../Engine/Content/EngineMaterials/Substrate/GLints/dict_16_192_64_0p5_0p02_0001_0012.uasset" 6554
"../../../Engine/Content/EngineMaterials/Substrate/GLints/dict_16_192_64_0p5_0p02_0002_0001.uasset" 6555
"../../../Engine/Content/EngineMaterials/Substrate/GLints/dict_16_192_64_0p5_0p02_0002_0012.uasset" 6556
"../../../Engine/Content/EngineMaterials/Substrate/GLints/dict_16_192_64_0p5_0p02_0001_0010.uasset" 6557
"../../../Engine/Content/EngineMaterials/Substrate/GLints/dict_16_192_64_0p5_0p02_0002_0010.uasset" 6558
"../../../Engine/Content/EngineMaterials/Substrate/GLints/dict_16_192_64_0p5_0p02_0001_0014.uasset" 6559
"../../../Engine/Content/EngineMaterials/Substrate/GLints/dict_16_192_64_0p5_0p02_0002_0009.uasset" 6560
"../../../Engine/Content/EngineMaterials/Substrate/GLints/dict_16_192_64_0p5_0p02_0001_0009.uasset" 6561
"../../../Engine/Content/EngineMaterials/Substrate/GLints/dict_16_192_64_0p5_0p02_0002_0013.uasset" 6562
"../../../Engine/Content/EngineMaterials/Substrate/GLints/dict_16_192_64_0p5_0p02_0001_0011.uasset" 6563
"../../../Engine/Content/EngineMaterials/Substrate/GLints/dict_16_192_64_0p5_0p02_0002_0014.uasset" 6564
"/Engine/EngineMaterials/Substrate/GLints/dict_16_192_64_0p5_0p02_0003_0000" 6565
"/Engine/EngineMaterials/Substrate/GLints/dict_16_192_64_0p5_0p02_0003_0001" 6566
"/Engine/EngineMaterials/Substrate/GLints/dict_16_192_64_0p5_0p02_0003_0002" 6567
"/Engine/EngineMaterials/Substrate/GLints/dict_16_192_64_0p5_0p02_0003_0003" 6568
"/Engine/EngineMaterials/Substrate/GLints/dict_16_192_64_0p5_0p02_0003_0004" 6569
"/Engine/EngineMaterials/Substrate/GLints/dict_16_192_64_0p5_0p02_0003_0005" 6570
"/Engine/EngineMaterials/Substrate/GLints/dict_16_192_64_0p5_0p02_0003_0006" 6571
"/Engine/EngineMaterials/Substrate/GLints/dict_16_192_64_0p5_0p02_0003_0007" 6572
"/Engine/EngineMaterials/Substrate/GLints/dict_16_192_64_0p5_0p02_0003_0008" 6573
"../../../Engine/Content/EngineMaterials/Substrate/GLints/dict_16_192_64_0p5_0p02_0001_0007.uasset" 6574
"../../../Engine/Content/EngineMaterials/Substrate/GLints/dict_16_192_64_0p5_0p02_0001_0008.uasset" 6575
"/Engine/EngineMaterials/Substrate/GLints/dict_16_192_64_0p5_0p02_0001_0009" 6576
"../../../Engine/Content/EngineMaterials/Substrate/GLints/dict_16_192_64_0p5_0p02_0001_0002.uasset" 6577
"../../../Engine/Content/EngineMaterials/Substrate/GLints/dict_16_192_64_0p5_0p02_0000_0015.uasset" 6578
"../../../Engine/Content/EngineMaterials/Substrate/GLints/dict_16_192_64_0p5_0p02_0001_0000.uasset" 6579
"../../../Engine/Content/EngineMaterials/Substrate/GLints/dict_16_192_64_0p5_0p02_0001_0005.uasset" 6580
"../../../Engine/Content/EngineMaterials/Substrate/GLints/dict_16_192_64_0p5_0p02_0001_0001.uasset" 6581
"../../../Engine/Content/EngineMaterials/Substrate/GLints/dict_16_192_64_0p5_0p02_0001_0004.uasset" 6582
"../../../Engine/Content/EngineMaterials/Substrate/GLints/dict_16_192_64_0p5_0p02_0001_0003.uasset" 6583
"../../../Engine/Content/EngineMaterials/Substrate/GLints/dict_16_192_64_0p5_0p02_0001_0006.uasset" 6584
"/Engine/EngineMaterials/Substrate/GLints/dict_16_192_64_0p5_0p02_0001_0010" 6585
"/Engine/EngineMaterials/Substrate/GLints/dict_16_192_64_0p5_0p02_0001_0011" 6586
"/Engine/EngineMaterials/Substrate/GLints/dict_16_192_64_0p5_0p02_0001_0012" 6587
"/Engine/EngineMaterials/Substrate/GLints/dict_16_192_64_0p5_0p02_0001_0013" 6588
"/Engine/EngineMaterials/Substrate/GLints/dict_16_192_64_0p5_0p02_0001_0014" 6589
"/Engine/EngineMaterials/Substrate/GLints/dict_16_192_64_0p5_0p02_0001_0015" 6590
"/Engine/EngineMaterials/Substrate/GLints/dict_16_192_64_0p5_0p02_0002_0000" 6591
"/Engine/EngineMaterials/Substrate/GLints/dict_16_192_64_0p5_0p02_0002_0001" 6592
"/Engine/EngineMaterials/Substrate/GLints/dict_16_192_64_0p5_0p02_0002_0002" 6593
"/Engine/EngineMaterials/Substrate/GLints/dict_16_192_64_0p5_0p02_0002_0003" 6594
"/Engine/EngineMaterials/Substrate/GLints/dict_16_192_64_0p5_0p02_0002_0004" 6595
"/Engine/EngineMaterials/Substrate/GLints/dict_16_192_64_0p5_0p02_0002_0005" 6596
"/Engine/EngineMaterials/Substrate/GLints/dict_16_192_64_0p5_0p02_0002_0006" 6597
"/Engine/EngineMaterials/Substrate/GLints/dict_16_192_64_0p5_0p02_0002_0007" 6598
"/Engine/EngineMaterials/Substrate/GLints/dict_16_192_64_0p5_0p02_0002_0008" 6599
"/Engine/EngineMaterials/Substrate/GLints/dict_16_192_64_0p5_0p02_0002_0009" 6600
"/Engine/EngineMaterials/Substrate/GLints/dict_16_192_64_0p5_0p02_0002_0010" 6601
"/Engine/EngineMaterials/Substrate/GLints/dict_16_192_64_0p5_0p02_0002_0011" 6602
"/Engine/EngineMaterials/Substrate/GLints/dict_16_192_64_0p5_0p02_0002_0012" 6603
"/Engine/EngineMaterials/Substrate/GLints/dict_16_192_64_0p5_0p02_0002_0013" 6604
"/Engine/EngineMaterials/Substrate/GLints/dict_16_192_64_0p5_0p02_0002_0014" 6605
"../../../Engine/Content/EngineMaterials/Substrate/GLints/dict_16_192_64_0p5_0p02_0000_0013.uasset" 6606
"../../../Engine/Content/EngineMaterials/Substrate/GLints/dict_16_192_64_0p5_0p02_0000_0014.uasset" 6607
"../../../Engine/Content/EngineMaterials/Substrate/GLints/dict_16_192_64_0p5_0p02_0000_0011.uasset" 6608
"../../../Engine/Content/EngineMaterials/Substrate/GLints/dict_16_192_64_0p5_0p02_0000_0012.uasset" 6609
"../../../Engine/Content/EngineMaterials/Substrate/GLints/dict_16_192_64_0p5_0p02_0000_0010.uasset" 6610
"../../../Engine/Content/EngineMaterials/Substrate/GLints/dict_16_192_64_0p5_0p02_0000_0008.uasset" 6611
"../../../Engine/Content/EngineMaterials/Substrate/GLints/dict_16_192_64_0p5_0p02_0000_0005.uasset" 6612
"../../../Engine/Content/EngineMaterials/Substrate/GLints/dict_16_192_64_0p5_0p02_0000_0000.uasset" 6613
"../../../Engine/Content/EngineMaterials/Substrate/GLints/AGlintTex2dArray.uasset" 6614
"../../../Engine/Content/EngineMaterials/Substrate/GLints/dict_16_192_64_0p5_0p02_0000_0007.uasset" 6615
"/Engine/EngineMaterials/Substrate/GLints/dict_16_192_64_0p5_0p02_0000_0015" 6616
"../../../Engine/Content/EngineMaterials/Substrate/GLints/dict_16_192_64_0p5_0p02_0000_0004.uasset" 6617
"../../../Engine/Content/EngineMaterials/Substrate/GLints/dict_16_192_64_0p5_0p02_0000_0009.uasset" 6618
"../../../Engine/Content/EngineMaterials/Substrate/Glints2/dict_0007_0250.uasset" 6619
"../../../Engine/Content/EngineMaterials/Substrate/Glints2/dict_0007_0254.uasset" 6620
"../../../Engine/Content/EngineMaterials/Substrate/Glints2/dict_0007_0253.uasset" 6621
"../../../Engine/Content/EngineMaterials/Substrate/GLints/dict_16_192_64_0p5_0p02_0000_0002.uasset" 6622
"../../../Engine/Content/EngineMaterials/Substrate/GLints/dict_16_192_64_0p5_0p02_0000_0003.uasset" 6623
"../../../Engine/Content/EngineMaterials/Substrate/GLints/dict_16_192_64_0p5_0p02_0000_0006.uasset" 6624
"../../../Engine/Content/EngineMaterials/Substrate/GLints/dict_16_192_64_0p5_0p02_0000_0001.uasset" 6625
"../../../Engine/Content/EngineMaterials/Substrate/Glints2/dict_0007_0251.uasset" 6626
"../../../Engine/Content/EngineMaterials/Substrate/Glints2/dict_0007_0252.uasset" 6627
"../../../Engine/Content/EngineMaterials/Substrate/Glints2/dict_0007_0255.uasset" 6628
"/Engine/EngineMaterials/Substrate/GLints/dict_16_192_64_0p5_0p02_0001_0000" 6629
"/Engine/EngineMaterials/Substrate/GLints/dict_16_192_64_0p5_0p02_0001_0001" 6630
"/Engine/EngineMaterials/Substrate/GLints/dict_16_192_64_0p5_0p02_0001_0002" 6631
"/Engine/EngineMaterials/Substrate/GLints/dict_16_192_64_0p5_0p02_0001_0003" 6632
"/Engine/EngineMaterials/Substrate/GLints/dict_16_192_64_0p5_0p02_0001_0004" 6633
"/Engine/EngineMaterials/Substrate/GLints/dict_16_192_64_0p5_0p02_0001_0005" 6634
"/Engine/EngineMaterials/Substrate/GLints/dict_16_192_64_0p5_0p02_0001_0006" 6635
"/Engine/EngineMaterials/Substrate/GLints/dict_16_192_64_0p5_0p02_0001_0007" 6636
"/Engine/EngineMaterials/Substrate/GLints/dict_16_192_64_0p5_0p02_0001_0008" 6637
"/Engine/EngineMaterials/Substrate/GLints/dict_16_192_64_0p5_0p02_0000_0014" 6638
"../../../Engine/Content/EngineMaterials/Substrate/Glints2/dict_0007_0247.uasset" 6639
"../../../Engine/Content/EngineMaterials/Substrate/Glints2/dict_0007_0249.uasset" 6640
"../../../Engine/Content/EngineMaterials/Substrate/Glints2/dict_0007_0246.uasset" 6641
"../../../Engine/Content/EngineMaterials/Substrate/Glints2/dict_0007_0245.uasset" 6642
"../../../Engine/Content/EngineMaterials/Substrate/Glints2/dict_0007_0243.uasset" 6643
"/Engine/EngineMaterials/Substrate/Glints2/dict_0007_0250" 6644
"../../../Engine/Content/EngineMaterials/Substrate/Glints2/dict_0007_0248.uasset" 6645
"../../../Engine/Content/EngineMaterials/Substrate/Glints2/dict_0007_0240.uasset" 6646
"../../../Engine/Content/EngineMaterials/Substrate/Glints2/dict_0007_0244.uasset" 6647
"../../../Engine/Content/EngineMaterials/Substrate/Glints2/dict_0007_0241.uasset" 6648
"../../../Engine/Content/EngineMaterials/Substrate/Glints2/dict_0007_0242.uasset" 6649
"../../../Engine/Content/EngineMaterials/Substrate/Glints2/dict_0007_0239.uasset" 6650
"/Engine/EngineMaterials/Substrate/Glints2/dict_0007_0251" 6651
"/Engine/EngineMaterials/Substrate/Glints2/dict_0007_0252" 6652
"/Engine/EngineMaterials/Substrate/Glints2/dict_0007_0253" 6653
"/Engine/EngineMaterials/Substrate/Glints2/dict_0007_0254" 6654
"/Engine/EngineMaterials/Substrate/Glints2/dict_0007_0255" 6655
"/Engine/EngineMaterials/Substrate/GLints/AGlintTex2dArray" 6656
"../../../Engine/Content/EngineMaterials/Substrate/Glints2/dict_0007_0238.uasset" 6657
"../../../Engine/Content/EngineMaterials/Substrate/Glints2/dict_0007_0237.uasset" 6658
"../../../Engine/Content/EngineMaterials/Substrate/Glints2/dict_0007_0233.uasset" 6659
"../../../Engine/Content/EngineMaterials/Substrate/Glints2/dict_0007_0234.uasset" 6660
"../../../Engine/Content/EngineMaterials/Substrate/Glints2/dict_0007_0231.uasset" 6661
"../../../Engine/Content/EngineMaterials/Substrate/Glints2/dict_0007_0230.uasset" 6662
"../../../Engine/Content/EngineMaterials/Substrate/Glints2/dict_0007_0228.uasset" 6663
"../../../Engine/Content/EngineMaterials/Substrate/Glints2/dict_0007_0232.uasset" 6664
"../../../Engine/Content/EngineMaterials/Substrate/Glints2/dict_0007_0235.uasset" 6665
"../../../Engine/Content/EngineMaterials/Substrate/Glints2/dict_0007_0224.uasset" 6666
"../../../Engine/Content/EngineMaterials/Substrate/Glints2/dict_0007_0220.uasset" 6667
"../../../Engine/Content/EngineMaterials/Substrate/Glints2/dict_0007_0223.uasset" 6668
"../../../Engine/Content/EngineMaterials/Substrate/Glints2/dict_0007_0226.uasset" 6669
"../../../Engine/Content/EngineMaterials/Substrate/Glints2/dict_0007_0227.uasset" 6670
"../../../Engine/Content/EngineMaterials/Substrate/Glints2/dict_0007_0225.uasset" 6671
"../../../Engine/Content/EngineMaterials/Substrate/Glints2/dict_0007_0218.uasset" 6672
"../../../Engine/Content/EngineMaterials/Substrate/Glints2/dict_0007_0222.uasset" 6673
"../../../Engine/Content/EngineMaterials/Substrate/Glints2/dict_0007_0229.uasset" 6674
"../../../Engine/Content/EngineMaterials/Substrate/Glints2/dict_0007_0221.uasset" 6675
"../../../Engine/Content/EngineMaterials/Substrate/Glints2/dict_0007_0219.uasset" 6676
"../../../Engine/Content/EngineMaterials/Substrate/Glints2/dict_0007_0236.uasset" 6677
"/Engine/EngineMaterials/Substrate/Glints2/dict_0007_0233" 6678
"/Engine/EngineMaterials/Substrate/Glints2/dict_0007_0239" 6679
"/Engine/EngineMaterials/Substrate/Glints2/dict_0007_0240" 6680
"/Engine/EngineMaterials/Substrate/Glints2/dict_0007_0241" 6681
"/Engine/EngineMaterials/Substrate/Glints2/dict_0007_0242" 6682
"/Engine/EngineMaterials/Substrate/Glints2/dict_0007_0243" 6683
"/Engine/EngineMaterials/Substrate/Glints2/dict_0007_0244" 6684
"/Engine/EngineMaterials/Substrate/Glints2/dict_0007_0245" 6685
"/Engine/EngineMaterials/Substrate/Glints2/dict_0007_0246" 6686
"/Engine/EngineMaterials/Substrate/Glints2/dict_0007_0237" 6687
"/Engine/EngineMaterials/Substrate/Glints2/dict_0007_0238" 6688
"/Engine/EngineMaterials/Substrate/Glints2/dict_0007_0247" 6689
"/Engine/EngineMaterials/Substrate/Glints2/dict_0007_0248" 6690
"/Engine/EngineMaterials/Substrate/Glints2/dict_0007_0249" 6691
"../../../Engine/Content/EngineMaterials/Substrate/Glints2/dict_0007_0215.uasset" 6692
"../../../Engine/Content/EngineMaterials/Substrate/Glints2/dict_0007_0216.uasset" 6693
"/Engine/EngineMaterials/Substrate/Glints2/dict_0007_0218" 6694
"../../../Engine/Content/EngineMaterials/Substrate/Glints2/dict_0007_0212.uasset" 6695
"../../../Engine/Content/EngineMaterials/Substrate/Glints2/dict_0007_0214.uasset" 6696
"../../../Engine/Content/EngineMaterials/Substrate/Glints2/dict_0007_0207.uasset" 6697
"../../../Engine/Content/EngineMaterials/Substrate/Glints2/dict_0007_0213.uasset" 6698
"../../../Engine/Content/EngineMaterials/Substrate/Glints2/dict_0007_0206.uasset" 6699
"../../../Engine/Content/EngineMaterials/Substrate/Glints2/dict_0007_0211.uasset" 6700
"../../../Engine/Content/EngineMaterials/Substrate/Glints2/dict_0007_0209.uasset" 6701
"../../../Engine/Content/EngineMaterials/Substrate/Glints2/dict_0007_0208.uasset" 6702
"/Engine/EngineMaterials/Substrate/Glints2/dict_0007_0219" 6703
"../../../Engine/Content/EngineMaterials/Substrate/Glints2/dict_0007_0217.uasset" 6704
"../../../Engine/Content/EngineMaterials/Substrate/Glints2/dict_0007_0204.uasset" 6705
"../../../Engine/Content/EngineMaterials/Substrate/Glints2/dict_0007_0210.uasset" 6706
"../../../Engine/Content/EngineMaterials/Substrate/Glints2/dict_0007_0205.uasset" 6707
"/Engine/EngineMaterials/Substrate/Glints2/dict_0007_0220" 6708
"/Engine/EngineMaterials/Substrate/Glints2/dict_0007_0221" 6709
"/Engine/EngineMaterials/Substrate/Glints2/dict_0007_0222" 6710
"/Engine/EngineMaterials/Substrate/Glints2/dict_0007_0223" 6711
"/Engine/EngineMaterials/Substrate/Glints2/dict_0007_0224" 6712
"/Engine/EngineMaterials/Substrate/Glints2/dict_0007_0225" 6713
"/Engine/EngineMaterials/Substrate/Glints2/dict_0007_0226" 6714
"/Engine/EngineMaterials/Substrate/Glints2/dict_0007_0227" 6715
"/Engine/EngineMaterials/Substrate/Glints2/dict_0007_0228" 6716
"/Engine/EngineMaterials/Substrate/Glints2/dict_0007_0229" 6717
"/Engine/EngineMaterials/Substrate/Glints2/dict_0007_0230" 6718
"/Engine/EngineMaterials/Substrate/Glints2/dict_0007_0231" 6719
"/Engine/EngineMaterials/Substrate/Glints2/dict_0007_0232" 6720
"/Engine/EngineMaterials/Substrate/Glints2/dict_0007_0234" 6721
"/Engine/EngineMaterials/Substrate/Glints2/dict_0007_0235" 6722
"/Engine/EngineMaterials/Substrate/Glints2/dict_0007_0236" 6723
"../../../Engine/Content/EngineMaterials/Substrate/Glints2/dict_0007_0201.uasset" 6724
"../../../Engine/Content/EngineMaterials/Substrate/Glints2/dict_0007_0199.uasset" 6725
"../../../Engine/Content/EngineMaterials/Substrate/Glints2/dict_0007_0202.uasset" 6726
"../../../Engine/Content/EngineMaterials/Substrate/Glints2/dict_0007_0198.uasset" 6727
"../../../Engine/Content/EngineMaterials/Substrate/Glints2/dict_0007_0197.uasset" 6728
"../../../Engine/Content/EngineMaterials/Substrate/Glints2/dict_0007_0196.uasset" 6729
"../../../Engine/Content/EngineMaterials/Substrate/Glints2/dict_0007_0192.uasset" 6730
"../../../Engine/Content/EngineMaterials/Substrate/Glints2/dict_0007_0194.uasset" 6731
"../../../Engine/Content/EngineMaterials/Substrate/Glints2/dict_0007_0193.uasset" 6732
"../../../Engine/Content/EngineMaterials/Substrate/Glints2/dict_0007_0195.uasset" 6733
"/Engine/EngineMaterials/Substrate/Glints2/dict_0007_0204" 6734
"../../../Engine/Content/EngineMaterials/Substrate/Glints2/dict_0007_0189.uasset" 6735
"../../../Engine/Content/EngineMaterials/Substrate/Glints2/dict_0007_0203.uasset" 6736
"../../../Engine/Content/EngineMaterials/Substrate/Glints2/dict_0007_0188.uasset" 6737
"../../../Engine/Content/EngineMaterials/Substrate/Glints2/dict_0007_0200.uasset" 6738
"../../../Engine/Content/EngineMaterials/Substrate/Glints2/dict_0007_0186.uasset" 6739
"../../../Engine/Content/EngineMaterials/Substrate/Glints2/dict_0007_0190.uasset" 6740
"../../../Engine/Content/EngineMaterials/Substrate/Glints2/dict_0007_0191.uasset" 6741
"../../../Engine/Content/EngineMaterials/Substrate/Glints2/dict_0007_0187.uasset" 6742
"/Engine/EngineMaterials/Substrate/Glints2/dict_0007_0205" 6743
"/Engine/EngineMaterials/Substrate/Glints2/dict_0007_0206" 6744
"/Engine/EngineMaterials/Substrate/Glints2/dict_0007_0207" 6745
"/Engine/EngineMaterials/Substrate/Glints2/dict_0007_0208" 6746
"/Engine/EngineMaterials/Substrate/Glints2/dict_0007_0209" 6747
"/Engine/EngineMaterials/Substrate/Glints2/dict_0007_0210" 6748
"/Engine/EngineMaterials/Substrate/Glints2/dict_0007_0211" 6749
"/Engine/EngineMaterials/Substrate/Glints2/dict_0007_0212" 6750
"/Engine/EngineMaterials/Substrate/Glints2/dict_0007_0213" 6751
"/Engine/EngineMaterials/Substrate/Glints2/dict_0007_0214" 6752
"/Engine/EngineMaterials/Substrate/Glints2/dict_0007_0215" 6753
"/Engine/EngineMaterials/Substrate/Glints2/dict_0007_0216" 6754
"/Engine/EngineMaterials/Substrate/Glints2/dict_0007_0217" 6755
"../../../Engine/Content/EngineMaterials/Substrate/Glints2/dict_0007_0185.uasset" 6756
"../../../Engine/Content/EngineMaterials/Substrate/Glints2/dict_0007_0184.uasset" 6757
"../../../Engine/Content/EngineMaterials/Substrate/Glints2/dict_0007_0178.uasset" 6758
"../../../Engine/Content/EngineMaterials/Substrate/Glints2/dict_0007_0182.uasset" 6759
"/Engine/EngineMaterials/Substrate/Glints2/dict_0007_0186" 6760
"../../../Engine/Content/EngineMaterials/Substrate/Glints2/dict_0007_0181.uasset" 6761
"../../../Engine/Content/EngineMaterials/Substrate/Glints2/dict_0007_0183.uasset" 6762
"../../../Engine/Content/EngineMaterials/Substrate/Glints2/dict_0007_0180.uasset" 6763
"../../../Engine/Content/EngineMaterials/Substrate/Glints2/dict_0007_0177.uasset" 6764
"../../../Engine/Content/EngineMaterials/Substrate/Glints2/dict_0007_0176.uasset" 6765
"../../../Engine/Content/EngineMaterials/Substrate/Glints2/dict_0007_0175.uasset" 6766
"../../../Engine/Content/EngineMaterials/Substrate/Glints2/dict_0007_0174.uasset" 6767
"../../../Engine/Content/EngineMaterials/Substrate/Glints2/dict_0007_0173.uasset" 6768
"../../../Engine/Content/EngineMaterials/Substrate/Glints2/dict_0007_0179.uasset" 6769
"/Engine/EngineMaterials/Substrate/Glints2/dict_0007_0187" 6770
"../../../Engine/Content/EngineMaterials/Substrate/Glints2/dict_0007_0172.uasset" 6771
"/Engine/EngineMaterials/Substrate/Glints2/dict_0007_0188" 6772
"/Engine/EngineMaterials/Substrate/Glints2/dict_0007_0189" 6773
"/Engine/EngineMaterials/Substrate/Glints2/dict_0007_0190" 6774
"/Engine/EngineMaterials/Substrate/Glints2/dict_0007_0191" 6775
"/Engine/EngineMaterials/Substrate/Glints2/dict_0007_0192" 6776
"/Engine/EngineMaterials/Substrate/Glints2/dict_0007_0193" 6777
"/Engine/EngineMaterials/Substrate/Glints2/dict_0007_0194" 6778
"/Engine/EngineMaterials/Substrate/Glints2/dict_0007_0195" 6779
"/Engine/EngineMaterials/Substrate/Glints2/dict_0007_0196" 6780
"/Engine/EngineMaterials/Substrate/Glints2/dict_0007_0197" 6781
"/Engine/EngineMaterials/Substrate/Glints2/dict_0007_0198" 6782
"/Engine/EngineMaterials/Substrate/Glints2/dict_0007_0199" 6783
"/Engine/EngineMaterials/Substrate/Glints2/dict_0007_0200" 6784
"/Engine/EngineMaterials/Substrate/Glints2/dict_0007_0201" 6785
"/Engine/EngineMaterials/Substrate/Glints2/dict_0007_0202" 6786
"/Engine/EngineMaterials/Substrate/Glints2/dict_0007_0203" 6787
"../../../Engine/Content/EngineMaterials/Substrate/Glints2/dict_0007_0170.uasset" 6788
"../../../Engine/Content/EngineMaterials/Substrate/Glints2/dict_0007_0171.uasset" 6789
"../../../Engine/Content/EngineMaterials/Substrate/Glints2/dict_0007_0169.uasset" 6790
"../../../Engine/Content/EngineMaterials/Substrate/Glints2/dict_0007_0165.uasset" 6791
"/Engine/EngineMaterials/Substrate/Glints2/dict_0007_0172" 6792
"../../../Engine/Content/EngineMaterials/Substrate/Glints2/dict_0007_0164.uasset" 6793
"../../../Engine/Content/EngineMaterials/Substrate/Glints2/dict_0007_0163.uasset" 6794
"../../../Engine/Content/EngineMaterials/Substrate/Glints2/dict_0007_0161.uasset" 6795
"../../../Engine/Content/EngineMaterials/Substrate/Glints2/dict_0007_0167.uasset" 6796
"../../../Engine/Content/EngineMaterials/Substrate/Glints2/dict_0007_0157.uasset" 6797
"../../../Engine/Content/EngineMaterials/Substrate/Glints2/dict_0007_0160.uasset" 6798
"../../../Engine/Content/EngineMaterials/Substrate/Glints2/dict_0007_0168.uasset" 6799
"../../../Engine/Content/EngineMaterials/Substrate/Glints2/dict_0007_0155.uasset" 6800
"../../../Engine/Content/EngineMaterials/Substrate/Glints2/dict_0007_0158.uasset" 6801
"../../../Engine/Content/EngineMaterials/Substrate/Glints2/dict_0007_0166.uasset" 6802
"../../../Engine/Content/EngineMaterials/Substrate/Glints2/dict_0007_0154.uasset" 6803
"../../../Engine/Content/EngineMaterials/Substrate/Glints2/dict_0007_0159.uasset" 6804
"/Engine/EngineMaterials/Substrate/Glints2/dict_0007_0173" 6805
"../../../Engine/Content/EngineMaterials/Substrate/Glints2/dict_0007_0162.uasset" 6806
"../../../Engine/Content/EngineMaterials/Substrate/Glints2/dict_0007_0156.uasset" 6807
"/Engine/EngineMaterials/Substrate/Glints2/dict_0007_0174" 6808
"/Engine/EngineMaterials/Substrate/Glints2/dict_0007_0175" 6809
"/Engine/EngineMaterials/Substrate/Glints2/dict_0007_0176" 6810
"/Engine/EngineMaterials/Substrate/Glints2/dict_0007_0177" 6811
"/Engine/EngineMaterials/Substrate/Glints2/dict_0007_0178" 6812
"/Engine/EngineMaterials/Substrate/Glints2/dict_0007_0179" 6813
"/Engine/EngineMaterials/Substrate/Glints2/dict_0007_0180" 6814
"/Engine/EngineMaterials/Substrate/Glints2/dict_0007_0181" 6815
"/Engine/EngineMaterials/Substrate/Glints2/dict_0007_0182" 6816
"/Engine/EngineMaterials/Substrate/Glints2/dict_0007_0183" 6817
"/Engine/EngineMaterials/Substrate/Glints2/dict_0007_0184" 6818
"/Engine/EngineMaterials/Substrate/Glints2/dict_0007_0185" 6819
"../../../Engine/Content/EngineMaterials/Substrate/Glints2/dict_0007_0153.uasset" 6820
"../../../Engine/Content/EngineMaterials/Substrate/Glints2/dict_0007_0152.uasset" 6821
"../../../Engine/Content/EngineMaterials/Substrate/Glints2/dict_0007_0149.uasset" 6822
"../../../Engine/Content/EngineMaterials/Substrate/Glints2/dict_0007_0148.uasset" 6823
"../../../Engine/Content/EngineMaterials/Substrate/Glints2/dict_0007_0150.uasset" 6824
"../../../Engine/Content/EngineMaterials/Substrate/Glints2/dict_0007_0147.uasset" 6825
"../../../Engine/Content/EngineMaterials/Substrate/Glints2/dict_0007_0143.uasset" 6826
"/Engine/EngineMaterials/Substrate/Glints2/dict_0007_0154" 6827
"../../../Engine/Content/EngineMaterials/Substrate/Glints2/dict_0007_0151.uasset" 6828
"../../../Engine/Content/EngineMaterials/Substrate/Glints2/dict_0007_0142.uasset" 6829
"../../../Engine/Content/EngineMaterials/Substrate/Glints2/dict_0007_0146.uasset" 6830
"../../../Engine/Content/EngineMaterials/Substrate/Glints2/dict_0007_0144.uasset" 6831
"../../../Engine/Content/EngineMaterials/Substrate/Glints2/dict_0007_0140.uasset" 6832
"../../../Engine/Content/EngineMaterials/Substrate/Glints2/dict_0007_0141.uasset" 6833
"../../../Engine/Content/EngineMaterials/Substrate/Glints2/dict_0007_0145.uasset" 6834
"/Engine/EngineMaterials/Substrate/Glints2/dict_0007_0155" 6835
"/Engine/EngineMaterials/Substrate/Glints2/dict_0007_0156" 6836
"/Engine/EngineMaterials/Substrate/Glints2/dict_0007_0157" 6837
"/Engine/EngineMaterials/Substrate/Glints2/dict_0007_0158" 6838
"/Engine/EngineMaterials/Substrate/Glints2/dict_0007_0159" 6839
"/Engine/EngineMaterials/Substrate/Glints2/dict_0007_0160" 6840
"/Engine/EngineMaterials/Substrate/Glints2/dict_0007_0161" 6841
"/Engine/EngineMaterials/Substrate/Glints2/dict_0007_0162" 6842
"/Engine/EngineMaterials/Substrate/Glints2/dict_0007_0163" 6843
"/Engine/EngineMaterials/Substrate/Glints2/dict_0007_0164" 6844
"/Engine/EngineMaterials/Substrate/Glints2/dict_0007_0165" 6845
"/Engine/EngineMaterials/Substrate/Glints2/dict_0007_0166" 6846
"/Engine/EngineMaterials/Substrate/Glints2/dict_0007_0167" 6847
"/Engine/EngineMaterials/Substrate/Glints2/dict_0007_0168" 6848
"/Engine/EngineMaterials/Substrate/Glints2/dict_0007_0169" 6849
"/Engine/EngineMaterials/Substrate/Glints2/dict_0007_0170" 6850
"/Engine/EngineMaterials/Substrate/Glints2/dict_0007_0171" 6851
"../../../Engine/Content/EngineMaterials/Substrate/Glints2/dict_0007_0139.uasset" 6852
"../../../Engine/Content/EngineMaterials/Substrate/Glints2/dict_0007_0136.uasset" 6853
"../../../Engine/Content/EngineMaterials/Substrate/Glints2/dict_0007_0135.uasset" 6854
"../../../Engine/Content/EngineMaterials/Substrate/Glints2/dict_0007_0131.uasset" 6855
"../../../Engine/Content/EngineMaterials/Substrate/Glints2/dict_0007_0130.uasset" 6856
"/Engine/EngineMaterials/Substrate/Glints2/dict_0007_0140" 6857
"../../../Engine/Content/EngineMaterials/Substrate/Glints2/dict_0007_0129.uasset" 6858
"../../../Engine/Content/EngineMaterials/Substrate/Glints2/dict_0007_0133.uasset" 6859
"../../../Engine/Content/EngineMaterials/Substrate/Glints2/dict_0007_0134.uasset" 6860
"../../../Engine/Content/EngineMaterials/Substrate/Glints2/dict_0007_0132.uasset" 6861
"../../../Engine/Content/EngineMaterials/Substrate/Glints2/dict_0007_0138.uasset" 6862
"../../../Engine/Content/EngineMaterials/Substrate/Glints2/dict_0007_0124.uasset" 6863
"../../../Engine/Content/EngineMaterials/Substrate/Glints2/dict_0007_0122.uasset" 6864
"../../../Engine/Content/EngineMaterials/Substrate/Glints2/dict_0007_0123.uasset" 6865
"../../../Engine/Content/EngineMaterials/Substrate/Glints2/dict_0007_0125.uasset" 6866
"../../../Engine/Content/EngineMaterials/Substrate/Glints2/dict_0007_0127.uasset" 6867
"../../../Engine/Content/EngineMaterials/Substrate/Glints2/dict_0007_0137.uasset" 6868
"../../../Engine/Content/EngineMaterials/Substrate/Glints2/dict_0007_0128.uasset" 6869
"../../../Engine/Content/EngineMaterials/Substrate/Glints2/dict_0007_0126.uasset" 6870
"/Engine/EngineMaterials/Substrate/Glints2/dict_0007_0141" 6871
"/Engine/EngineMaterials/Substrate/Glints2/dict_0007_0142" 6872
"/Engine/EngineMaterials/Substrate/Glints2/dict_0007_0143" 6873
"/Engine/EngineMaterials/Substrate/Glints2/dict_0007_0144" 6874
"/Engine/EngineMaterials/Substrate/Glints2/dict_0007_0145" 6875
"/Engine/EngineMaterials/Substrate/Glints2/dict_0007_0146" 6876
"/Engine/EngineMaterials/Substrate/Glints2/dict_0007_0147" 6877
"/Engine/EngineMaterials/Substrate/Glints2/dict_0007_0148" 6878
"/Engine/EngineMaterials/Substrate/Glints2/dict_0007_0149" 6879
"/Engine/EngineMaterials/Substrate/Glints2/dict_0007_0150" 6880
"/Engine/EngineMaterials/Substrate/Glints2/dict_0007_0151" 6881
"/Engine/EngineMaterials/Substrate/Glints2/dict_0007_0152" 6882
"/Engine/EngineMaterials/Substrate/Glints2/dict_0007_0153" 6883
"../../../Engine/Content/EngineMaterials/Substrate/Glints2/dict_0007_0120.uasset" 6884
"../../../Engine/Content/EngineMaterials/Substrate/Glints2/dict_0007_0119.uasset" 6885
"../../../Engine/Content/EngineMaterials/Substrate/Glints2/dict_0007_0118.uasset" 6886
"/Engine/EngineMaterials/Substrate/Glints2/dict_0007_0122" 6887
"../../../Engine/Content/EngineMaterials/Substrate/Glints2/dict_0007_0121.uasset" 6888
"../../../Engine/Content/EngineMaterials/Substrate/Glints2/dict_0007_0114.uasset" 6889
"../../../Engine/Content/EngineMaterials/Substrate/Glints2/dict_0007_0112.uasset" 6890
"../../../Engine/Content/EngineMaterials/Substrate/Glints2/dict_0007_0116.uasset" 6891
"../../../Engine/Content/EngineMaterials/Substrate/Glints2/dict_0007_0108.uasset" 6892
"../../../Engine/Content/EngineMaterials/Substrate/Glints2/dict_0007_0115.uasset" 6893
"../../../Engine/Content/EngineMaterials/Substrate/Glints2/dict_0007_0111.uasset" 6894
"../../../Engine/Content/EngineMaterials/Substrate/Glints2/dict_0007_0117.uasset" 6895
"/Engine/EngineMaterials/Substrate/Glints2/dict_0007_0123" 6896
"../../../Engine/Content/EngineMaterials/Substrate/Glints2/dict_0007_0113.uasset" 6897
"../../../Engine/Content/EngineMaterials/Substrate/Glints2/dict_0007_0109.uasset" 6898
"../../../Engine/Content/EngineMaterials/Substrate/Glints2/dict_0007_0110.uasset" 6899
"/Engine/EngineMaterials/Substrate/Glints2/dict_0007_0124" 6900
"/Engine/EngineMaterials/Substrate/Glints2/dict_0007_0125" 6901
"/Engine/EngineMaterials/Substrate/Glints2/dict_0007_0126" 6902
"/Engine/EngineMaterials/Substrate/Glints2/dict_0007_0127" 6903
"/Engine/EngineMaterials/Substrate/Glints2/dict_0007_0128" 6904
"/Engine/EngineMaterials/Substrate/Glints2/dict_0007_0129" 6905
"/Engine/EngineMaterials/Substrate/Glints2/dict_0007_0130" 6906
"/Engine/EngineMaterials/Substrate/Glints2/dict_0007_0131" 6907
"/Engine/EngineMaterials/Substrate/Glints2/dict_0007_0132" 6908
"/Engine/EngineMaterials/Substrate/Glints2/dict_0007_0133" 6909
"/Engine/EngineMaterials/Substrate/Glints2/dict_0007_0134" 6910
"/Engine/EngineMaterials/Substrate/Glints2/dict_0007_0135" 6911
"/Engine/EngineMaterials/Substrate/Glints2/dict_0007_0136" 6912
"/Engine/EngineMaterials/Substrate/Glints2/dict_0007_0137" 6913
"/Engine/EngineMaterials/Substrate/Glints2/dict_0007_0138" 6914
"/Engine/EngineMaterials/Substrate/Glints2/dict_0007_0139" 6915
"../../../Engine/Content/EngineMaterials/Substrate/Glints2/dict_0007_0104.uasset" 6916
"../../../Engine/Content/EngineMaterials/Substrate/Glints2/dict_0007_0102.uasset" 6917
"../../../Engine/Content/EngineMaterials/Substrate/Glints2/dict_0007_0100.uasset" 6918
"/Engine/EngineMaterials/Substrate/Glints2/dict_0007_0108" 6919
"../../../Engine/Content/EngineMaterials/Substrate/Glints2/dict_0007_0096.uasset" 6920
"../../../Engine/Content/EngineMaterials/Substrate/Glints2/dict_0007_0095.uasset" 6921
"../../../Engine/Content/EngineMaterials/Substrate/Glints2/dict_0007_0105.uasset" 6922
"../../../Engine/Content/EngineMaterials/Substrate/Glints2/dict_0007_0094.uasset" 6923
"../../../Engine/Content/EngineMaterials/Substrate/Glints2/dict_0007_0098.uasset" 6924
"../../../Engine/Content/EngineMaterials/Substrate/Glints2/dict_0007_0097.uasset" 6925
"../../../Engine/Content/EngineMaterials/Substrate/Glints2/dict_0007_0103.uasset" 6926
"../../../Engine/Content/EngineMaterials/Substrate/Glints2/dict_0007_0099.uasset" 6927
"../../../Engine/Content/EngineMaterials/Substrate/Glints2/dict_0007_0090.uasset" 6928
"../../../Engine/Content/EngineMaterials/Substrate/Glints2/dict_0007_0093.uasset" 6929
"../../../Engine/Content/EngineMaterials/Substrate/Glints2/dict_0007_0107.uasset" 6930
"../../../Engine/Content/EngineMaterials/Substrate/Glints2/dict_0007_0091.uasset" 6931
"../../../Engine/Content/EngineMaterials/Substrate/Glints2/dict_0007_0092.uasset" 6932
"../../../Engine/Content/EngineMaterials/Substrate/Glints2/dict_0007_0101.uasset" 6933
"../../../Engine/Content/EngineMaterials/Substrate/Glints2/dict_0007_0106.uasset" 6934
"/Engine/EngineMaterials/Substrate/Glints2/dict_0007_0109" 6935
"/Engine/EngineMaterials/Substrate/Glints2/dict_0007_0110" 6936
"/Engine/EngineMaterials/Substrate/Glints2/dict_0007_0111" 6937
"/Engine/EngineMaterials/Substrate/Glints2/dict_0007_0112" 6938
"/Engine/EngineMaterials/Substrate/Glints2/dict_0007_0113" 6939
"/Engine/EngineMaterials/Substrate/Glints2/dict_0007_0114" 6940
"/Engine/EngineMaterials/Substrate/Glints2/dict_0007_0115" 6941
"/Engine/EngineMaterials/Substrate/Glints2/dict_0007_0116" 6942
"/Engine/EngineMaterials/Substrate/Glints2/dict_0007_0117" 6943
"/Engine/EngineMaterials/Substrate/Glints2/dict_0007_0118" 6944
"/Engine/EngineMaterials/Substrate/Glints2/dict_0007_0119" 6945
"/Engine/EngineMaterials/Substrate/Glints2/dict_0007_0120" 6946
"/Engine/EngineMaterials/Substrate/Glints2/dict_0007_0121" 6947
"../../../Engine/Content/EngineMaterials/Substrate/Glints2/dict_0007_0084.uasset" 6948
"../../../Engine/Content/EngineMaterials/Substrate/Glints2/dict_0007_0082.uasset" 6949
"/Engine/EngineMaterials/Substrate/Glints2/dict_0007_0090" 6950
"../../../Engine/Content/EngineMaterials/Substrate/Glints2/dict_0007_0081.uasset" 6951
"../../../Engine/Content/EngineMaterials/Substrate/Glints2/dict_0007_0080.uasset" 6952
"../../../Engine/Content/EngineMaterials/Substrate/Glints2/dict_0007_0089.uasset" 6953
"../../../Engine/Content/EngineMaterials/Substrate/Glints2/dict_0007_0078.uasset" 6954
"../../../Engine/Content/EngineMaterials/Substrate/Glints2/dict_0007_0085.uasset" 6955
"../../../Engine/Content/EngineMaterials/Substrate/Glints2/dict_0007_0077.uasset" 6956
"../../../Engine/Content/EngineMaterials/Substrate/Glints2/dict_0007_0087.uasset" 6957
"../../../Engine/Content/EngineMaterials/Substrate/Glints2/dict_0007_0079.uasset" 6958
"../../../Engine/Content/EngineMaterials/Substrate/Glints2/dict_0007_0088.uasset" 6959
"/Engine/EngineMaterials/Substrate/Glints2/dict_0007_0091" 6960
"../../../Engine/Content/EngineMaterials/Substrate/Glints2/dict_0007_0083.uasset" 6961
"../../../Engine/Content/EngineMaterials/Substrate/Glints2/dict_0007_0086.uasset" 6962
"../../../Engine/Content/EngineMaterials/Substrate/Glints2/dict_0007_0076.uasset" 6963
"/Engine/EngineMaterials/Substrate/Glints2/dict_0007_0092" 6964
"/Engine/EngineMaterials/Substrate/Glints2/dict_0007_0093" 6965
"/Engine/EngineMaterials/Substrate/Glints2/dict_0007_0094" 6966
"/Engine/EngineMaterials/Substrate/Glints2/dict_0007_0095" 6967
"/Engine/EngineMaterials/Substrate/Glints2/dict_0007_0096" 6968
"/Engine/EngineMaterials/Substrate/Glints2/dict_0007_0097" 6969
"/Engine/EngineMaterials/Substrate/Glints2/dict_0007_0098" 6970
"/Engine/EngineMaterials/Substrate/Glints2/dict_0007_0099" 6971
"/Engine/EngineMaterials/Substrate/Glints2/dict_0007_0100" 6972
"/Engine/EngineMaterials/Substrate/Glints2/dict_0007_0101" 6973
"/Engine/EngineMaterials/Substrate/Glints2/dict_0007_0102" 6974
"/Engine/EngineMaterials/Substrate/Glints2/dict_0007_0103" 6975
"/Engine/EngineMaterials/Substrate/Glints2/dict_0007_0104" 6976
"/Engine/EngineMaterials/Substrate/Glints2/dict_0007_0105" 6977
"/Engine/EngineMaterials/Substrate/Glints2/dict_0007_0106" 6978
"/Engine/EngineMaterials/Substrate/Glints2/dict_0007_0107" 6979
"../../../Engine/Content/EngineMaterials/Substrate/Glints2/dict_0007_0075.uasset" 6980
"../../../Engine/Content/EngineMaterials/Substrate/Glints2/dict_0007_0074.uasset" 6981
"../../../Engine/Content/EngineMaterials/Substrate/Glints2/dict_0007_0072.uasset" 6982
"../../../Engine/Content/EngineMaterials/Substrate/Glints2/dict_0007_0070.uasset" 6983
"../../../Engine/Content/EngineMaterials/Substrate/Glints2/dict_0007_0066.uasset" 6984
"../../../Engine/Content/EngineMaterials/Substrate/Glints2/dict_0007_0063.uasset" 6985
"../../../Engine/Content/EngineMaterials/Substrate/Glints2/dict_0007_0065.uasset" 6986
"/Engine/EngineMaterials/Substrate/Glints2/dict_0007_0076" 6987
"../../../Engine/Content/EngineMaterials/Substrate/Glints2/dict_0007_0073.uasset" 6988
"../../../Engine/Content/EngineMaterials/Substrate/Glints2/dict_0007_0069.uasset" 6989
"../../../Engine/Content/EngineMaterials/Substrate/Glints2/dict_0007_0064.uasset" 6990
"../../../Engine/Content/EngineMaterials/Substrate/Glints2/dict_0007_0061.uasset" 6991
"../../../Engine/Content/EngineMaterials/Substrate/Glints2/dict_0007_0068.uasset" 6992
"../../../Engine/Content/EngineMaterials/Substrate/Glints2/dict_0007_0067.uasset" 6993
"../../../Engine/Content/EngineMaterials/Substrate/Glints2/dict_0007_0058.uasset" 6994
"../../../Engine/Content/EngineMaterials/Substrate/Glints2/dict_0007_0071.uasset" 6995
"../../../Engine/Content/EngineMaterials/Substrate/Glints2/dict_0007_0062.uasset" 6996
"../../../Engine/Content/EngineMaterials/Substrate/Glints2/dict_0007_0060.uasset" 6997
"../../../Engine/Content/EngineMaterials/Substrate/Glints2/dict_0007_0059.uasset" 6998
"/Engine/EngineMaterials/Substrate/Glints2/dict_0007_0077" 6999
"/Engine/EngineMaterials/Substrate/Glints2/dict_0007_0078" 7000
"/Engine/EngineMaterials/Substrate/Glints2/dict_0007_0079" 7001
"/Engine/EngineMaterials/Substrate/Glints2/dict_0007_0080" 7002
"/Engine/EngineMaterials/Substrate/Glints2/dict_0007_0081" 7003
"/Engine/EngineMaterials/Substrate/Glints2/dict_0007_0082" 7004
"/Engine/EngineMaterials/Substrate/Glints2/dict_0007_0083" 7005
"/Engine/EngineMaterials/Substrate/Glints2/dict_0007_0084" 7006
"/Engine/EngineMaterials/Substrate/Glints2/dict_0007_0085" 7007
"/Engine/EngineMaterials/Substrate/Glints2/dict_0007_0086" 7008
"/Engine/EngineMaterials/Substrate/Glints2/dict_0007_0087" 7009
"/Engine/EngineMaterials/Substrate/Glints2/dict_0007_0088" 7010
"/Engine/EngineMaterials/Substrate/Glints2/dict_0007_0089" 7011
"../../../Engine/Content/EngineMaterials/Substrate/Glints2/dict_0007_0055.uasset" 7012
"../../../Engine/Content/EngineMaterials/Substrate/Glints2/dict_0007_0057.uasset" 7013
"../../../Engine/Content/EngineMaterials/Substrate/Glints2/dict_0007_0054.uasset" 7014
"/Engine/EngineMaterials/Substrate/Glints2/dict_0007_0058" 7015
"../../../Engine/Content/EngineMaterials/Substrate/Glints2/dict_0007_0047.uasset" 7016
"../../../Engine/Content/EngineMaterials/Substrate/Glints2/dict_0007_0051.uasset" 7017
"../../../Engine/Content/EngineMaterials/Substrate/Glints2/dict_0007_0045.uasset" 7018
"../../../Engine/Content/EngineMaterials/Substrate/Glints2/dict_0007_0046.uasset" 7019
"../../../Engine/Content/EngineMaterials/Substrate/Glints2/dict_0007_0056.uasset" 7020
"../../../Engine/Content/EngineMaterials/Substrate/Glints2/dict_0007_0049.uasset" 7021
"../../../Engine/Content/EngineMaterials/Substrate/Glints2/dict_0007_0044.uasset" 7022
"../../../Engine/Content/EngineMaterials/Substrate/Glints2/dict_0007_0050.uasset" 7023
"/Engine/EngineMaterials/Substrate/Glints2/dict_0007_0059" 7024
"../../../Engine/Content/EngineMaterials/Substrate/Glints2/dict_0007_0048.uasset" 7025
"../../../Engine/Content/EngineMaterials/Substrate/Glints2/dict_0007_0053.uasset" 7026
"../../../Engine/Content/EngineMaterials/Substrate/Glints2/dict_0007_0052.uasset" 7027
"/Engine/EngineMaterials/Substrate/Glints2/dict_0007_0060" 7028
"/Engine/EngineMaterials/Substrate/Glints2/dict_0007_0061" 7029
"/Engine/EngineMaterials/Substrate/Glints2/dict_0007_0062" 7030
"/Engine/EngineMaterials/Substrate/Glints2/dict_0007_0063" 7031
"/Engine/EngineMaterials/Substrate/Glints2/dict_0007_0064" 7032
"/Engine/EngineMaterials/Substrate/Glints2/dict_0007_0065" 7033
"/Engine/EngineMaterials/Substrate/Glints2/dict_0007_0066" 7034
"/Engine/EngineMaterials/Substrate/Glints2/dict_0007_0067" 7035
"/Engine/EngineMaterials/Substrate/Glints2/dict_0007_0068" 7036
"/Engine/EngineMaterials/Substrate/Glints2/dict_0007_0069" 7037
"/Engine/EngineMaterials/Substrate/Glints2/dict_0007_0070" 7038
"/Engine/EngineMaterials/Substrate/Glints2/dict_0007_0071" 7039
"/Engine/EngineMaterials/Substrate/Glints2/dict_0007_0072" 7040
"/Engine/EngineMaterials/Substrate/Glints2/dict_0007_0073" 7041
"/Engine/EngineMaterials/Substrate/Glints2/dict_0007_0074" 7042
"/Engine/EngineMaterials/Substrate/Glints2/dict_0007_0075" 7043
"../../../Engine/Content/EngineMaterials/Substrate/Glints2/dict_0007_0042.uasset" 7044
"../../../Engine/Content/EngineMaterials/Substrate/Glints2/dict_0007_0038.uasset" 7045
"../../../Engine/Content/EngineMaterials/Substrate/Glints2/dict_0007_0036.uasset" 7046
"../../../Engine/Content/EngineMaterials/Substrate/Glints2/dict_0007_0041.uasset" 7047
"/Engine/EngineMaterials/Substrate/Glints2/dict_0007_0044" 7048
"../../../Engine/Content/EngineMaterials/Substrate/Glints2/dict_0007_0033.uasset" 7049
"../../../Engine/Content/EngineMaterials/Substrate/Glints2/dict_0007_0039.uasset" 7050
"../../../Engine/Content/EngineMaterials/Substrate/Glints2/dict_0007_0031.uasset" 7051
"../../../Engine/Content/EngineMaterials/Substrate/Glints2/dict_0007_0032.uasset" 7052
"../../../Engine/Content/EngineMaterials/Substrate/Glints2/dict_0007_0034.uasset" 7053
"../../../Engine/Content/EngineMaterials/Substrate/Glints2/dict_0007_0029.uasset" 7054
"../../../Engine/Content/EngineMaterials/Substrate/Glints2/dict_0007_0026.uasset" 7055
"../../../Engine/Content/EngineMaterials/Substrate/Glints2/dict_0007_0043.uasset" 7056
"../../../Engine/Content/EngineMaterials/Substrate/Glints2/dict_0007_0037.uasset" 7057
"../../../Engine/Content/EngineMaterials/Substrate/Glints2/dict_0007_0027.uasset" 7058
"../../../Engine/Content/EngineMaterials/Substrate/Glints2/dict_0007_0040.uasset" 7059
"../../../Engine/Content/EngineMaterials/Substrate/Glints2/dict_0007_0035.uasset" 7060
"../../../Engine/Content/EngineMaterials/Substrate/Glints2/dict_0007_0030.uasset" 7061
"../../../Engine/Content/EngineMaterials/Substrate/Glints2/dict_0007_0028.uasset" 7062
"/Engine/EngineMaterials/Substrate/Glints2/dict_0007_0045" 7063
"/Engine/EngineMaterials/Substrate/Glints2/dict_0007_0046" 7064
"/Engine/EngineMaterials/Substrate/Glints2/dict_0007_0047" 7065
"/Engine/EngineMaterials/Substrate/Glints2/dict_0007_0048" 7066
"/Engine/EngineMaterials/Substrate/Glints2/dict_0007_0049" 7067
"/Engine/EngineMaterials/Substrate/Glints2/dict_0007_0050" 7068
"/Engine/EngineMaterials/Substrate/Glints2/dict_0007_0051" 7069
"/Engine/EngineMaterials/Substrate/Glints2/dict_0007_0052" 7070
"/Engine/EngineMaterials/Substrate/Glints2/dict_0007_0053" 7071
"/Engine/EngineMaterials/Substrate/Glints2/dict_0007_0054" 7072
"/Engine/EngineMaterials/Substrate/Glints2/dict_0007_0055" 7073
"/Engine/EngineMaterials/Substrate/Glints2/dict_0007_0056" 7074
"/Engine/EngineMaterials/Substrate/Glints2/dict_0007_0057" 7075
"../../../Engine/Content/EngineMaterials/Substrate/Glints2/dict_0007_0022.uasset" 7076
"../../../Engine/Content/EngineMaterials/Substrate/Glints2/dict_0007_0025.uasset" 7077
"../../../Engine/Content/EngineMaterials/Substrate/Glints2/dict_0007_0020.uasset" 7078
"../../../Engine/Content/EngineMaterials/Substrate/Glints2/dict_0007_0019.uasset" 7079
"/Engine/EngineMaterials/Substrate/Glints2/dict_0007_0026" 7080
"../../../Engine/Content/EngineMaterials/Substrate/Glints2/dict_0007_0021.uasset" 7081
"../../../Engine/Content/EngineMaterials/Substrate/Glints2/dict_0007_0013.uasset" 7082
"../../../Engine/Content/EngineMaterials/Substrate/Glints2/dict_0007_0016.uasset" 7083
"../../../Engine/Content/EngineMaterials/Substrate/Glints2/dict_0007_0017.uasset" 7084
"../../../Engine/Content/EngineMaterials/Substrate/Glints2/dict_0007_0012.uasset" 7085
"../../../Engine/Content/EngineMaterials/Substrate/Glints2/dict_0007_0023.uasset" 7086
"/Engine/EngineMaterials/Substrate/Glints2/dict_0007_0027" 7087
"../../../Engine/Content/EngineMaterials/Substrate/Glints2/dict_0007_0018.uasset" 7088
"../../../Engine/Content/EngineMaterials/Substrate/Glints2/dict_0007_0015.uasset" 7089
"../../../Engine/Content/EngineMaterials/Substrate/Glints2/dict_0007_0024.uasset" 7090
"../../../Engine/Content/EngineMaterials/Substrate/Glints2/dict_0007_0014.uasset" 7091
"/Engine/EngineMaterials/Substrate/Glints2/dict_0007_0028" 7092
"/Engine/EngineMaterials/Substrate/Glints2/dict_0007_0029" 7093
"/Engine/EngineMaterials/Substrate/Glints2/dict_0007_0030" 7094
"/Engine/EngineMaterials/Substrate/Glints2/dict_0007_0031" 7095
"/Engine/EngineMaterials/Substrate/Glints2/dict_0007_0032" 7096
"/Engine/EngineMaterials/Substrate/Glints2/dict_0007_0033" 7097
"/Engine/EngineMaterials/Substrate/Glints2/dict_0007_0034" 7098
"/Engine/EngineMaterials/Substrate/Glints2/dict_0007_0035" 7099
"/Engine/EngineMaterials/Substrate/Glints2/dict_0007_0036" 7100
"/Engine/EngineMaterials/Substrate/Glints2/dict_0007_0037" 7101
"/Engine/EngineMaterials/Substrate/Glints2/dict_0007_0038" 7102
"/Engine/EngineMaterials/Substrate/Glints2/dict_0007_0039" 7103
"/Engine/EngineMaterials/Substrate/Glints2/dict_0007_0040" 7104
"/Engine/EngineMaterials/Substrate/Glints2/dict_0007_0041" 7105
"/Engine/EngineMaterials/Substrate/Glints2/dict_0007_0042" 7106
"/Engine/EngineMaterials/Substrate/Glints2/dict_0007_0043" 7107
"../../../Engine/Content/EngineMaterials/Substrate/Glints2/dict_0007_0011.uasset" 7108
"../../../Engine/Content/EngineMaterials/Substrate/Glints2/dict_0007_0006.uasset" 7109
"../../../Engine/Content/EngineMaterials/Substrate/Glints2/dict_0007_0004.uasset" 7110
"/Engine/EngineMaterials/Substrate/Glints2/dict_0007_0012" 7111
"../../../Engine/Content/EngineMaterials/Substrate/Glints2/dict_0007_0003.uasset" 7112
"../../../Engine/Content/EngineMaterials/Substrate/Glints2/dict_0007_0005.uasset" 7113
"../../../Engine/Content/EngineMaterials/Substrate/Glints2/dict_0007_0007.uasset" 7114
"../../../Engine/Content/EngineMaterials/Substrate/Glints2/dict_0007_0002.uasset" 7115
"../../../Engine/Content/EngineMaterials/Substrate/Glints2/dict_0007_0001.uasset" 7116
"../../../Engine/Content/EngineMaterials/Substrate/Glints2/dict_0007_0000.uasset" 7117
"../../../Engine/Content/EngineMaterials/Substrate/Glints2/dict_0007_0008.uasset" 7118
"../../../Engine/Content/EngineMaterials/Substrate/Glints2/dict_0006_0254.uasset" 7119
"../../../Engine/Content/EngineMaterials/Substrate/Glints2/dict_0007_0009.uasset" 7120
"../../../Engine/Content/EngineMaterials/Substrate/Glints2/dict_0007_0010.uasset" 7121
"../../../Engine/Content/EngineMaterials/Substrate/Glints2/dict_0006_0251.uasset" 7122
"../../../Engine/Content/EngineMaterials/Substrate/Glints2/dict_0006_0250.uasset" 7123
"../../../Engine/Content/EngineMaterials/Substrate/Glints2/dict_0006_0255.uasset" 7124
"../../../Engine/Content/EngineMaterials/Substrate/Glints2/dict_0006_0253.uasset" 7125
"../../../Engine/Content/EngineMaterials/Substrate/Glints2/dict_0006_0252.uasset" 7126
"/Engine/EngineMaterials/Substrate/Glints2/dict_0007_0013" 7127
"/Engine/EngineMaterials/Substrate/Glints2/dict_0007_0014" 7128
"/Engine/EngineMaterials/Substrate/Glints2/dict_0007_0015" 7129
"/Engine/EngineMaterials/Substrate/Glints2/dict_0007_0016" 7130
"/Engine/EngineMaterials/Substrate/Glints2/dict_0007_0017" 7131
"/Engine/EngineMaterials/Substrate/Glints2/dict_0007_0018" 7132
"/Engine/EngineMaterials/Substrate/Glints2/dict_0007_0019" 7133
"/Engine/EngineMaterials/Substrate/Glints2/dict_0007_0020" 7134
"/Engine/EngineMaterials/Substrate/Glints2/dict_0007_0021" 7135
"/Engine/EngineMaterials/Substrate/Glints2/dict_0007_0022" 7136
"/Engine/EngineMaterials/Substrate/Glints2/dict_0007_0023" 7137
"/Engine/EngineMaterials/Substrate/Glints2/dict_0007_0024" 7138
"/Engine/EngineMaterials/Substrate/Glints2/dict_0007_0025" 7139
"../../../Engine/Content/EngineMaterials/Substrate/Glints2/dict_0006_0249.uasset" 7140
"../../../Engine/Content/EngineMaterials/Substrate/Glints2/dict_0006_0247.uasset" 7141
"../../../Engine/Content/EngineMaterials/Substrate/Glints2/dict_0006_0246.uasset" 7142
"/Engine/EngineMaterials/Substrate/Glints2/dict_0006_0250" 7143
"../../../Engine/Content/EngineMaterials/Substrate/Glints2/dict_0006_0244.uasset" 7144
"../../../Engine/Content/EngineMaterials/Substrate/Glints2/dict_0006_0242.uasset" 7145
"../../../Engine/Content/EngineMaterials/Substrate/Glints2/dict_0006_0237.uasset" 7146
"../../../Engine/Content/EngineMaterials/Substrate/Glints2/dict_0006_0240.uasset" 7147
"../../../Engine/Content/EngineMaterials/Substrate/Glints2/dict_0006_0245.uasset" 7148
"../../../Engine/Content/EngineMaterials/Substrate/Glints2/dict_0006_0241.uasset" 7149
"/Engine/EngineMaterials/Substrate/Glints2/dict_0006_0251" 7150
"../../../Engine/Content/EngineMaterials/Substrate/Glints2/dict_0006_0248.uasset" 7151
"../../../Engine/Content/EngineMaterials/Substrate/Glints2/dict_0006_0239.uasset" 7152
"../../../Engine/Content/EngineMaterials/Substrate/Glints2/dict_0006_0238.uasset" 7153
"../../../Engine/Content/EngineMaterials/Substrate/Glints2/dict_0006_0236.uasset" 7154
"../../../Engine/Content/EngineMaterials/Substrate/Glints2/dict_0006_0243.uasset" 7155
"/Engine/EngineMaterials/Substrate/Glints2/dict_0006_0252" 7156
"/Engine/EngineMaterials/Substrate/Glints2/dict_0006_0253" 7157
"/Engine/EngineMaterials/Substrate/Glints2/dict_0006_0254" 7158
"/Engine/EngineMaterials/Substrate/Glints2/dict_0006_0255" 7159
"/Engine/EngineMaterials/Substrate/Glints2/dict_0007_0000" 7160
"/Engine/EngineMaterials/Substrate/Glints2/dict_0007_0001" 7161
"/Engine/EngineMaterials/Substrate/Glints2/dict_0007_0002" 7162
"/Engine/EngineMaterials/Substrate/Glints2/dict_0007_0003" 7163
"/Engine/EngineMaterials/Substrate/Glints2/dict_0007_0004" 7164
"/Engine/EngineMaterials/Substrate/Glints2/dict_0007_0005" 7165
"/Engine/EngineMaterials/Substrate/Glints2/dict_0007_0006" 7166
"/Engine/EngineMaterials/Substrate/Glints2/dict_0007_0007" 7167
"/Engine/EngineMaterials/Substrate/Glints2/dict_0007_0008" 7168
"/Engine/EngineMaterials/Substrate/Glints2/dict_0007_0009" 7169
"/Engine/EngineMaterials/Substrate/Glints2/dict_0007_0010" 7170
"/Engine/EngineMaterials/Substrate/Glints2/dict_0007_0011" 7171
"../../../Engine/Content/EngineMaterials/Substrate/Glints2/dict_0006_0235.uasset" 7172
"../../../Engine/Content/EngineMaterials/Substrate/Glints2/dict_0006_0234.uasset" 7173
"../../../Engine/Content/EngineMaterials/Substrate/Glints2/dict_0006_0232.uasset" 7174
"../../../Engine/Content/EngineMaterials/Substrate/Glints2/dict_0006_0233.uasset" 7175
"../../../Engine/Content/EngineMaterials/Substrate/Glints2/dict_0006_0231.uasset" 7176
"../../../Engine/Content/EngineMaterials/Substrate/Glints2/dict_0006_0230.uasset" 7177
"../../../Engine/Content/EngineMaterials/Substrate/Glints2/dict_0006_0227.uasset" 7178
"../../../Engine/Content/EngineMaterials/Substrate/Glints2/dict_0006_0224.uasset" 7179
"../../../Engine/Content/EngineMaterials/Substrate/Glints2/dict_0006_0229.uasset" 7180
"../../../Engine/Content/EngineMaterials/Substrate/Glints2/dict_0006_0222.uasset" 7181
"../../../Engine/Content/EngineMaterials/Substrate/Glints2/dict_0006_0221.uasset" 7182
"../../../Engine/Content/EngineMaterials/Substrate/Glints2/dict_0006_0226.uasset" 7183
"../../../Engine/Content/EngineMaterials/Substrate/Glints2/dict_0006_0223.uasset" 7184
"../../../Engine/Content/EngineMaterials/Substrate/Glints2/dict_0006_0225.uasset" 7185
"/Engine/EngineMaterials/Substrate/Glints2/dict_0006_0232" 7186
"../../../Engine/Content/EngineMaterials/Substrate/Glints2/dict_0006_0220.uasset" 7187
"../../../Engine/Content/EngineMaterials/Substrate/Glints2/dict_0006_0228.uasset" 7188
"../../../Engine/Content/EngineMaterials/Substrate/Glints2/dict_0006_0219.uasset" 7189
"../../../Engine/Content/EngineMaterials/Substrate/Glints2/dict_0006_0218.uasset" 7190
"/Engine/EngineMaterials/Substrate/Glints2/dict_0006_0236" 7191
"/Engine/EngineMaterials/Substrate/Glints2/dict_0006_0233" 7192
"/Engine/EngineMaterials/Substrate/Glints2/dict_0006_0237" 7193
"/Engine/EngineMaterials/Substrate/Glints2/dict_0006_0238" 7194
"/Engine/EngineMaterials/Substrate/Glints2/dict_0006_0234" 7195
"/Engine/EngineMaterials/Substrate/Glints2/dict_0006_0239" 7196
"/Engine/EngineMaterials/Substrate/Glints2/dict_0006_0240" 7197
"/Engine/EngineMaterials/Substrate/Glints2/dict_0006_0235" 7198
"/Engine/EngineMaterials/Substrate/Glints2/dict_0006_0241" 7199
"/Engine/EngineMaterials/Substrate/Glints2/dict_0006_0242" 7200
"/Engine/EngineMaterials/Substrate/Glints2/dict_0006_0243" 7201
"/Engine/EngineMaterials/Substrate/Glints2/dict_0006_0244" 7202
"/Engine/EngineMaterials/Substrate/Glints2/dict_0006_0245" 7203
"/Engine/EngineMaterials/Substrate/Glints2/dict_0006_0246" 7204
"/Engine/EngineMaterials/Substrate/Glints2/dict_0006_0247" 7205
"/Engine/EngineMaterials/Substrate/Glints2/dict_0006_0248" 7206
"/Engine/EngineMaterials/Substrate/Glints2/dict_0006_0249" 7207
"../../../Engine/Content/EngineMaterials/Substrate/Glints2/dict_0006_0217.uasset" 7208
"../../../Engine/Content/EngineMaterials/Substrate/Glints2/dict_0006_0216.uasset" 7209
"../../../Engine/Content/EngineMaterials/Substrate/Glints2/dict_0006_0214.uasset" 7210
"../../../Engine/Content/EngineMaterials/Substrate/Glints2/dict_0006_0215.uasset" 7211
"../../../Engine/Content/EngineMaterials/Substrate/Glints2/dict_0006_0213.uasset" 7212
"../../../Engine/Content/EngineMaterials/Substrate/Glints2/dict_0006_0209.uasset" 7213
"../../../Engine/Content/EngineMaterials/Substrate/Glints2/dict_0006_0207.uasset" 7214
"../../../Engine/Content/EngineMaterials/Substrate/Glints2/dict_0006_0206.uasset" 7215
"../../../Engine/Content/EngineMaterials/Substrate/Glints2/dict_0006_0212.uasset" 7216
"/Engine/EngineMaterials/Substrate/Glints2/dict_0006_0218" 7217
"../../../Engine/Content/EngineMaterials/Substrate/Glints2/dict_0006_0200.uasset" 7218
"../../../Engine/Content/EngineMaterials/Substrate/Glints2/dict_0006_0203.uasset" 7219
"../../../Engine/Content/EngineMaterials/Substrate/Glints2/dict_0006_0208.uasset" 7220
"../../../Engine/Content/EngineMaterials/Substrate/Glints2/dict_0006_0211.uasset" 7221
"../../../Engine/Content/EngineMaterials/Substrate/Glints2/dict_0006_0201.uasset" 7222
"../../../Engine/Content/EngineMaterials/Substrate/Glints2/dict_0006_0204.uasset" 7223
"../../../Engine/Content/EngineMaterials/Substrate/Glints2/dict_0006_0210.uasset" 7224
"../../../Engine/Content/EngineMaterials/Substrate/Glints2/dict_0006_0202.uasset" 7225
"../../../Engine/Content/EngineMaterials/Substrate/Glints2/dict_0006_0205.uasset" 7226
"/Engine/EngineMaterials/Substrate/Glints2/dict_0006_0219" 7227
"/Engine/EngineMaterials/Substrate/Glints2/dict_0006_0220" 7228
"/Engine/EngineMaterials/Substrate/Glints2/dict_0006_0221" 7229
"/Engine/EngineMaterials/Substrate/Glints2/dict_0006_0222" 7230
"/Engine/EngineMaterials/Substrate/Glints2/dict_0006_0223" 7231
"/Engine/EngineMaterials/Substrate/Glints2/dict_0006_0224" 7232
"/Engine/EngineMaterials/Substrate/Glints2/dict_0006_0225" 7233
"/Engine/EngineMaterials/Substrate/Glints2/dict_0006_0226" 7234
"/Engine/EngineMaterials/Substrate/Glints2/dict_0006_0227" 7235
"/Engine/EngineMaterials/Substrate/Glints2/dict_0006_0228" 7236
"/Engine/EngineMaterials/Substrate/Glints2/dict_0006_0229" 7237
"/Engine/EngineMaterials/Substrate/Glints2/dict_0006_0230" 7238
"/Engine/EngineMaterials/Substrate/Glints2/dict_0006_0231" 7239
"/Engine/EngineMaterials/Substrate/Glints2/dict_0006_0214" 7240
"/Engine/EngineMaterials/Substrate/Glints2/dict_0006_0216" 7241
"/Engine/EngineMaterials/Substrate/Glints2/dict_0006_0217" 7242
"../../../Engine/Content/EngineMaterials/Substrate/Glints2/dict_0006_0199.uasset" 7243
"../../../Engine/Content/EngineMaterials/Substrate/Glints2/dict_0006_0198.uasset" 7244
"../../../Engine/Content/EngineMaterials/Substrate/Glints2/dict_0006_0197.uasset" 7245
"/Engine/EngineMaterials/Substrate/Glints2/dict_0006_0200" 7246
"../../../Engine/Content/EngineMaterials/Substrate/Glints2/dict_0006_0194.uasset" 7247
"../../../Engine/Content/EngineMaterials/Substrate/Glints2/dict_0006_0193.uasset" 7248
"../../../Engine/Content/EngineMaterials/Substrate/Glints2/dict_0006_0192.uasset" 7249
"../../../Engine/Content/EngineMaterials/Substrate/Glints2/dict_0006_0191.uasset" 7250
"../../../Engine/Content/EngineMaterials/Substrate/Glints2/dict_0006_0190.uasset" 7251
"../../../Engine/Content/EngineMaterials/Substrate/Glints2/dict_0006_0189.uasset" 7252
"../../../Engine/Content/EngineMaterials/Substrate/Glints2/dict_0006_0188.uasset" 7253
"../../../Engine/Content/EngineMaterials/Substrate/Glints2/dict_0006_0187.uasset" 7254
"../../../Engine/Content/EngineMaterials/Substrate/Glints2/dict_0006_0186.uasset" 7255
"../../../Engine/Content/EngineMaterials/Substrate/Glints2/dict_0006_0185.uasset" 7256
"../../../Engine/Content/EngineMaterials/Substrate/Glints2/dict_0006_0183.uasset" 7257
"../../../Engine/Content/EngineMaterials/Substrate/Glints2/dict_0006_0196.uasset" 7258
"../../../Engine/Content/EngineMaterials/Substrate/Glints2/dict_0006_0195.uasset" 7259
"../../../Engine/Content/EngineMaterials/Substrate/Glints2/dict_0006_0184.uasset" 7260
"/Engine/EngineMaterials/Substrate/Glints2/dict_0006_0201" 7261
"/Engine/EngineMaterials/Substrate/Glints2/dict_0006_0202" 7262
"/Engine/EngineMaterials/Substrate/Glints2/dict_0006_0203" 7263
"/Engine/EngineMaterials/Substrate/Glints2/dict_0006_0204" 7264
"/Engine/EngineMaterials/Substrate/Glints2/dict_0006_0205" 7265
"/Engine/EngineMaterials/Substrate/Glints2/dict_0006_0206" 7266
"/Engine/EngineMaterials/Substrate/Glints2/dict_0006_0207" 7267
"/Engine/EngineMaterials/Substrate/Glints2/dict_0006_0208" 7268
"/Engine/EngineMaterials/Substrate/Glints2/dict_0006_0209" 7269
"/Engine/EngineMaterials/Substrate/Glints2/dict_0006_0210" 7270
"/Engine/EngineMaterials/Substrate/Glints2/dict_0006_0211" 7271
"/Engine/EngineMaterials/Substrate/Glints2/dict_0006_0212" 7272
"/Engine/EngineMaterials/Substrate/Glints2/dict_0006_0213" 7273
"/Engine/EngineMaterials/Substrate/Glints2/dict_0006_0215" 7274
"../../../Engine/Content/EngineMaterials/Substrate/Glints2/dict_0006_0182.uasset" 7275
"../../../Engine/Content/EngineMaterials/Substrate/Glints2/dict_0006_0179.uasset" 7276
"/Engine/EngineMaterials/Substrate/Glints2/dict_0006_0183" 7277
"../../../Engine/Content/EngineMaterials/Substrate/Glints2/dict_0006_0180.uasset" 7278
"../../../Engine/Content/EngineMaterials/Substrate/Glints2/dict_0006_0176.uasset" 7279
"../../../Engine/Content/EngineMaterials/Substrate/Glints2/dict_0006_0174.uasset" 7280
"../../../Engine/Content/EngineMaterials/Substrate/Glints2/dict_0006_0181.uasset" 7281
"../../../Engine/Content/EngineMaterials/Substrate/Glints2/dict_0006_0178.uasset" 7282
"../../../Engine/Content/EngineMaterials/Substrate/Glints2/dict_0006_0177.uasset" 7283
"../../../Engine/Content/EngineMaterials/Substrate/Glints2/dict_0006_0172.uasset" 7284
"../../../Engine/Content/EngineMaterials/Substrate/Glints2/dict_0006_0173.uasset" 7285
"/Engine/EngineMaterials/Substrate/Glints2/dict_0006_0184" 7286
"../../../Engine/Content/EngineMaterials/Substrate/Glints2/dict_0006_0169.uasset" 7287
"../../../Engine/Content/EngineMaterials/Substrate/Glints2/dict_0006_0168.uasset" 7288
"../../../Engine/Content/EngineMaterials/Substrate/Glints2/dict_0006_0171.uasset" 7289
"../../../Engine/Content/EngineMaterials/Substrate/Glints2/dict_0006_0170.uasset" 7290
"../../../Engine/Content/EngineMaterials/Substrate/Glints2/dict_0006_0175.uasset" 7291
"/Engine/EngineMaterials/Substrate/Glints2/dict_0006_0185" 7292
"/Engine/EngineMaterials/Substrate/Glints2/dict_0006_0186" 7293
"/Engine/EngineMaterials/Substrate/Glints2/dict_0006_0187" 7294
"/Engine/EngineMaterials/Substrate/Glints2/dict_0006_0188" 7295
"/Engine/EngineMaterials/Substrate/Glints2/dict_0006_0189" 7296
"/Engine/EngineMaterials/Substrate/Glints2/dict_0006_0190" 7297
"/Engine/EngineMaterials/Substrate/Glints2/dict_0006_0191" 7298
"/Engine/EngineMaterials/Substrate/Glints2/dict_0006_0192" 7299
"/Engine/EngineMaterials/Substrate/Glints2/dict_0006_0193" 7300
"/Engine/EngineMaterials/Substrate/Glints2/dict_0006_0194" 7301
"/Engine/EngineMaterials/Substrate/Glints2/dict_0006_0195" 7302
"/Engine/EngineMaterials/Substrate/Glints2/dict_0006_0196" 7303
"/Engine/EngineMaterials/Substrate/Glints2/dict_0006_0197" 7304
"/Engine/EngineMaterials/Substrate/Glints2/dict_0006_0198" 7305
"/Engine/EngineMaterials/Substrate/Glints2/dict_0006_0199" 7306
"../../../Engine/Content/EngineMaterials/Substrate/Glints2/dict_0006_0165.uasset" 7307
"../../../Engine/Content/EngineMaterials/Substrate/Glints2/dict_0006_0166.uasset" 7308
"../../../Engine/Content/EngineMaterials/Substrate/Glints2/dict_0006_0167.uasset" 7309
"../../../Engine/Content/EngineMaterials/Substrate/Glints2/dict_0006_0164.uasset" 7310
"../../../Engine/Content/EngineMaterials/Substrate/Glints2/dict_0006_0162.uasset" 7311
"/Engine/EngineMaterials/Substrate/Glints2/dict_0006_0168" 7312
"../../../Engine/Content/EngineMaterials/Substrate/Glints2/dict_0006_0154.uasset" 7313
"../../../Engine/Content/EngineMaterials/Substrate/Glints2/dict_0006_0158.uasset" 7314
"../../../Engine/Content/EngineMaterials/Substrate/Glints2/dict_0006_0159.uasset" 7315
"../../../Engine/Content/EngineMaterials/Substrate/Glints2/dict_0006_0160.uasset" 7316
"../../../Engine/Content/EngineMaterials/Substrate/Glints2/dict_0006_0161.uasset" 7317
"../../../Engine/Content/EngineMaterials/Substrate/Glints2/dict_0006_0156.uasset" 7318
"../../../Engine/Content/EngineMaterials/Substrate/Glints2/dict_0006_0155.uasset" 7319
"../../../Engine/Content/EngineMaterials/Substrate/Glints2/dict_0006_0157.uasset" 7320
"../../../Engine/Content/EngineMaterials/Substrate/Glints2/dict_0006_0153.uasset" 7321
"../../../Engine/Content/EngineMaterials/Substrate/Glints2/dict_0006_0152.uasset" 7322
"../../../Engine/Content/EngineMaterials/Substrate/Glints2/dict_0006_0151.uasset" 7323
"/Engine/EngineMaterials/Substrate/Glints2/dict_0006_0169" 7324
"../../../Engine/Content/EngineMaterials/Substrate/Glints2/dict_0006_0163.uasset" 7325
"/Engine/EngineMaterials/Substrate/Glints2/dict_0006_0170" 7326
"/Engine/EngineMaterials/Substrate/Glints2/dict_0006_0171" 7327
"/Engine/EngineMaterials/Substrate/Glints2/dict_0006_0172" 7328
"/Engine/EngineMaterials/Substrate/Glints2/dict_0006_0173" 7329
"/Engine/EngineMaterials/Substrate/Glints2/dict_0006_0174" 7330
"/Engine/EngineMaterials/Substrate/Glints2/dict_0006_0175" 7331
"/Engine/EngineMaterials/Substrate/Glints2/dict_0006_0176" 7332
"/Engine/EngineMaterials/Substrate/Glints2/dict_0006_0177" 7333
"/Engine/EngineMaterials/Substrate/Glints2/dict_0006_0178" 7334
"/Engine/EngineMaterials/Substrate/Glints2/dict_0006_0179" 7335
"/Engine/EngineMaterials/Substrate/Glints2/dict_0006_0180" 7336
"/Engine/EngineMaterials/Substrate/Glints2/dict_0006_0181" 7337
"/Engine/EngineMaterials/Substrate/Glints2/dict_0006_0182" 7338
"../../../Engine/Content/EngineMaterials/Substrate/Glints2/dict_0006_0146.uasset" 7339
"../../../Engine/Content/EngineMaterials/Substrate/Glints2/dict_0006_0145.uasset" 7340
"../../../Engine/Content/EngineMaterials/Substrate/Glints2/dict_0006_0150.uasset" 7341
"/Engine/EngineMaterials/Substrate/Glints2/dict_0006_0151" 7342
"../../../Engine/Content/EngineMaterials/Substrate/Glints2/dict_0006_0149.uasset" 7343
"../../../Engine/Content/EngineMaterials/Substrate/Glints2/dict_0006_0143.uasset" 7344
"../../../Engine/Content/EngineMaterials/Substrate/Glints2/dict_0006_0141.uasset" 7345
"../../../Engine/Content/EngineMaterials/Substrate/Glints2/dict_0006_0139.uasset" 7346
"../../../Engine/Content/EngineMaterials/Substrate/Glints2/dict_0006_0137.uasset" 7347
"../../../Engine/Content/EngineMaterials/Substrate/Glints2/dict_0006_0140.uasset" 7348
"../../../Engine/Content/EngineMaterials/Substrate/Glints2/dict_0006_0138.uasset" 7349
"../../../Engine/Content/EngineMaterials/Substrate/Glints2/dict_0006_0142.uasset" 7350
"../../../Engine/Content/EngineMaterials/Substrate/Glints2/dict_0006_0148.uasset" 7351
"../../../Engine/Content/EngineMaterials/Substrate/Glints2/dict_0006_0147.uasset" 7352
"../../../Engine/Content/EngineMaterials/Substrate/Glints2/dict_0006_0136.uasset" 7353
"../../../Engine/Content/EngineMaterials/Substrate/Glints2/dict_0006_0144.uasset" 7354
"/Engine/EngineMaterials/Substrate/Glints2/dict_0006_0152" 7355
"/Engine/EngineMaterials/Substrate/Glints2/dict_0006_0153" 7356
"/Engine/EngineMaterials/Substrate/Glints2/dict_0006_0154" 7357
"/Engine/EngineMaterials/Substrate/Glints2/dict_0006_0155" 7358
"/Engine/EngineMaterials/Substrate/Glints2/dict_0006_0156" 7359
"/Engine/EngineMaterials/Substrate/Glints2/dict_0006_0157" 7360
"/Engine/EngineMaterials/Substrate/Glints2/dict_0006_0158" 7361
"/Engine/EngineMaterials/Substrate/Glints2/dict_0006_0159" 7362
"/Engine/EngineMaterials/Substrate/Glints2/dict_0006_0160" 7363
"/Engine/EngineMaterials/Substrate/Glints2/dict_0006_0161" 7364
"/Engine/EngineMaterials/Substrate/Glints2/dict_0006_0162" 7365
"/Engine/EngineMaterials/Substrate/Glints2/dict_0006_0163" 7366
"/Engine/EngineMaterials/Substrate/Glints2/dict_0006_0164" 7367
"/Engine/EngineMaterials/Substrate/Glints2/dict_0006_0165" 7368
"/Engine/EngineMaterials/Substrate/Glints2/dict_0006_0166" 7369
"/Engine/EngineMaterials/Substrate/Glints2/dict_0006_0167" 7370
"../../../Engine/Content/EngineMaterials/Substrate/Glints2/dict_0006_0130.uasset" 7371
"../../../Engine/Content/EngineMaterials/Substrate/Glints2/dict_0006_0133.uasset" 7372
"../../../Engine/Content/EngineMaterials/Substrate/Glints2/dict_0006_0132.uasset" 7373
"../../../Engine/Content/EngineMaterials/Substrate/Glints2/dict_0006_0134.uasset" 7374
"/Engine/EngineMaterials/Substrate/Glints2/dict_0006_0136" 7375
"../../../Engine/Content/EngineMaterials/Substrate/Glints2/dict_0006_0127.uasset" 7376
"../../../Engine/Content/EngineMaterials/Substrate/Glints2/dict_0006_0125.uasset" 7377
"../../../Engine/Content/EngineMaterials/Substrate/Glints2/dict_0006_0135.uasset" 7378
"../../../Engine/Content/EngineMaterials/Substrate/Glints2/dict_0006_0119.uasset" 7379
"../../../Engine/Content/EngineMaterials/Substrate/Glints2/dict_0006_0122.uasset" 7380
"../../../Engine/Content/EngineMaterials/Substrate/Glints2/dict_0006_0121.uasset" 7381
"../../../Engine/Content/EngineMaterials/Substrate/Glints2/dict_0006_0120.uasset" 7382
"../../../Engine/Content/EngineMaterials/Substrate/Glints2/dict_0006_0126.uasset" 7383
"../../../Engine/Content/EngineMaterials/Substrate/Glints2/dict_0006_0131.uasset" 7384
"../../../Engine/Content/EngineMaterials/Substrate/Glints2/dict_0006_0129.uasset" 7385
"../../../Engine/Content/EngineMaterials/Substrate/Glints2/dict_0006_0128.uasset" 7386
"/Engine/EngineMaterials/Substrate/Glints2/dict_0006_0137" 7387
"../../../Engine/Content/EngineMaterials/Substrate/Glints2/dict_0006_0123.uasset" 7388
"../../../Engine/Content/EngineMaterials/Substrate/Glints2/dict_0006_0124.uasset" 7389
"/Engine/EngineMaterials/Substrate/Glints2/dict_0006_0138" 7390
"/Engine/EngineMaterials/Substrate/Glints2/dict_0006_0139" 7391
"/Engine/EngineMaterials/Substrate/Glints2/dict_0006_0140" 7392
"/Engine/EngineMaterials/Substrate/Glints2/dict_0006_0141" 7393
"/Engine/EngineMaterials/Substrate/Glints2/dict_0006_0142" 7394
"/Engine/EngineMaterials/Substrate/Glints2/dict_0006_0143" 7395
"/Engine/EngineMaterials/Substrate/Glints2/dict_0006_0144" 7396
"/Engine/EngineMaterials/Substrate/Glints2/dict_0006_0145" 7397
"/Engine/EngineMaterials/Substrate/Glints2/dict_0006_0146" 7398
"/Engine/EngineMaterials/Substrate/Glints2/dict_0006_0147" 7399
"/Engine/EngineMaterials/Substrate/Glints2/dict_0006_0148" 7400
"/Engine/EngineMaterials/Substrate/Glints2/dict_0006_0149" 7401
"/Engine/EngineMaterials/Substrate/Glints2/dict_0006_0150" 7402
"../../../Engine/Content/EngineMaterials/Substrate/Glints2/dict_0006_0118.uasset" 7403
"../../../Engine/Content/EngineMaterials/Substrate/Glints2/dict_0006_0117.uasset" 7404
"../../../Engine/Content/EngineMaterials/Substrate/Glints2/dict_0006_0116.uasset" 7405
"../../../Engine/Content/EngineMaterials/Substrate/Glints2/dict_0006_0114.uasset" 7406
"/Engine/EngineMaterials/Substrate/Glints2/dict_0006_0119" 7407
"../../../Engine/Content/EngineMaterials/Substrate/Glints2/dict_0006_0111.uasset" 7408
"../../../Engine/Content/EngineMaterials/Substrate/Glints2/dict_0006_0113.uasset" 7409
"../../../Engine/Content/EngineMaterials/Substrate/Glints2/dict_0006_0112.uasset" 7410
"../../../Engine/Content/EngineMaterials/Substrate/Glints2/dict_0006_0115.uasset" 7411
"../../../Engine/Content/EngineMaterials/Substrate/Glints2/dict_0006_0107.uasset" 7412
"../../../Engine/Content/EngineMaterials/Substrate/Glints2/dict_0006_0106.uasset" 7413
"../../../Engine/Content/EngineMaterials/Substrate/Glints2/dict_0006_0105.uasset" 7414
"../../../Engine/Content/EngineMaterials/Substrate/Glints2/dict_0006_0104.uasset" 7415
"../../../Engine/Content/EngineMaterials/Substrate/Glints2/dict_0006_0110.uasset" 7416
"../../../Engine/Content/EngineMaterials/Substrate/Glints2/dict_0006_0108.uasset" 7417
"../../../Engine/Content/EngineMaterials/Substrate/Glints2/dict_0006_0109.uasset" 7418
"/Engine/EngineMaterials/Substrate/Glints2/dict_0006_0120" 7419
"/Engine/EngineMaterials/Substrate/Glints2/dict_0006_0121" 7420
"/Engine/EngineMaterials/Substrate/Glints2/dict_0006_0122" 7421
"/Engine/EngineMaterials/Substrate/Glints2/dict_0006_0123" 7422
"/Engine/EngineMaterials/Substrate/Glints2/dict_0006_0124" 7423
"/Engine/EngineMaterials/Substrate/Glints2/dict_0006_0125" 7424
"/Engine/EngineMaterials/Substrate/Glints2/dict_0006_0126" 7425
"/Engine/EngineMaterials/Substrate/Glints2/dict_0006_0127" 7426
"/Engine/EngineMaterials/Substrate/Glints2/dict_0006_0128" 7427
"/Engine/EngineMaterials/Substrate/Glints2/dict_0006_0129" 7428
"/Engine/EngineMaterials/Substrate/Glints2/dict_0006_0130" 7429
"/Engine/EngineMaterials/Substrate/Glints2/dict_0006_0131" 7430
"/Engine/EngineMaterials/Substrate/Glints2/dict_0006_0132" 7431
"/Engine/EngineMaterials/Substrate/Glints2/dict_0006_0133" 7432
"/Engine/EngineMaterials/Substrate/Glints2/dict_0006_0134" 7433
"/Engine/EngineMaterials/Substrate/Glints2/dict_0006_0135" 7434
"../../../Engine/Content/EngineMaterials/Substrate/Glints2/dict_0006_0103.uasset" 7435
"../../../Engine/Content/EngineMaterials/Substrate/Glints2/dict_0006_0102.uasset" 7436
"../../../Engine/Content/EngineMaterials/Substrate/Glints2/dict_0006_0101.uasset" 7437
"/Engine/EngineMaterials/Substrate/Glints2/dict_0006_0104" 7438
"../../../Engine/Content/EngineMaterials/Substrate/Glints2/dict_0006_0096.uasset" 7439
"../../../Engine/Content/EngineMaterials/Substrate/Glints2/dict_0006_0094.uasset" 7440
"../../../Engine/Content/EngineMaterials/Substrate/Glints2/dict_0006_0093.uasset" 7441
"../../../Engine/Content/EngineMaterials/Substrate/Glints2/dict_0006_0097.uasset" 7442
"../../../Engine/Content/EngineMaterials/Substrate/Glints2/dict_0006_0098.uasset" 7443
"../../../Engine/Content/EngineMaterials/Substrate/Glints2/dict_0006_0090.uasset" 7444
"../../../Engine/Content/EngineMaterials/Substrate/Glints2/dict_0006_0091.uasset" 7445
"../../../Engine/Content/EngineMaterials/Substrate/Glints2/dict_0006_0095.uasset" 7446
"../../../Engine/Content/EngineMaterials/Substrate/Glints2/dict_0006_0100.uasset" 7447
"../../../Engine/Content/EngineMaterials/Substrate/Glints2/dict_0006_0088.uasset" 7448
"../../../Engine/Content/EngineMaterials/Substrate/Glints2/dict_0006_0092.uasset" 7449
"../../../Engine/Content/EngineMaterials/Substrate/Glints2/dict_0006_0099.uasset" 7450
"../../../Engine/Content/EngineMaterials/Substrate/Glints2/dict_0006_0089.uasset" 7451
"../../../Engine/Content/EngineMaterials/Substrate/Glints2/dict_0006_0087.uasset" 7452
"/Engine/EngineMaterials/Substrate/Glints2/dict_0006_0105" 7453
"/Engine/EngineMaterials/Substrate/Glints2/dict_0006_0106" 7454
"/Engine/EngineMaterials/Substrate/Glints2/dict_0006_0107" 7455
"/Engine/EngineMaterials/Substrate/Glints2/dict_0006_0108" 7456
"/Engine/EngineMaterials/Substrate/Glints2/dict_0006_0109" 7457
"/Engine/EngineMaterials/Substrate/Glints2/dict_0006_0110" 7458
"/Engine/EngineMaterials/Substrate/Glints2/dict_0006_0111" 7459
"/Engine/EngineMaterials/Substrate/Glints2/dict_0006_0112" 7460
"/Engine/EngineMaterials/Substrate/Glints2/dict_0006_0113" 7461
"/Engine/EngineMaterials/Substrate/Glints2/dict_0006_0114" 7462
"/Engine/EngineMaterials/Substrate/Glints2/dict_0006_0115" 7463
"/Engine/EngineMaterials/Substrate/Glints2/dict_0006_0116" 7464
"/Engine/EngineMaterials/Substrate/Glints2/dict_0006_0117" 7465
"/Engine/EngineMaterials/Substrate/Glints2/dict_0006_0118" 7466
"../../../Engine/Content/EngineMaterials/Substrate/Glints2/dict_0006_0084.uasset" 7467
"../../../Engine/Content/EngineMaterials/Substrate/Glints2/dict_0006_0083.uasset" 7468
"../../../Engine/Content/EngineMaterials/Substrate/Glints2/dict_0006_0078.uasset" 7469
"../../../Engine/Content/EngineMaterials/Substrate/Glints2/dict_0006_0079.uasset" 7470
"../../../Engine/Content/EngineMaterials/Substrate/Glints2/dict_0006_0077.uasset" 7471
"/Engine/EngineMaterials/Substrate/Glints2/dict_0006_0087" 7472
"../../../Engine/Content/EngineMaterials/Substrate/Glints2/dict_0006_0073.uasset" 7473
"../../../Engine/Content/EngineMaterials/Substrate/Glints2/dict_0006_0074.uasset" 7474
"../../../Engine/Content/EngineMaterials/Substrate/Glints2/dict_0006_0076.uasset" 7475
"../../../Engine/Content/EngineMaterials/Substrate/Glints2/dict_0006_0085.uasset" 7476
"../../../Engine/Content/EngineMaterials/Substrate/Glints2/dict_0006_0082.uasset" 7477
"../../../Engine/Content/EngineMaterials/Substrate/Glints2/dict_0006_0072.uasset" 7478
"../../../Engine/Content/EngineMaterials/Substrate/Glints2/dict_0006_0081.uasset" 7479
"../../../Engine/Content/EngineMaterials/Substrate/Glints2/dict_0006_0080.uasset" 7480
"../../../Engine/Content/EngineMaterials/Substrate/Glints2/dict_0006_0086.uasset" 7481
"../../../Engine/Content/EngineMaterials/Substrate/Glints2/dict_0006_0075.uasset" 7482
"/Engine/EngineMaterials/Substrate/Glints2/dict_0006_0088" 7483
"/Engine/EngineMaterials/Substrate/Glints2/dict_0006_0089" 7484
"/Engine/EngineMaterials/Substrate/Glints2/dict_0006_0090" 7485
"/Engine/EngineMaterials/Substrate/Glints2/dict_0006_0091" 7486
"/Engine/EngineMaterials/Substrate/Glints2/dict_0006_0092" 7487
"/Engine/EngineMaterials/Substrate/Glints2/dict_0006_0093" 7488
"/Engine/EngineMaterials/Substrate/Glints2/dict_0006_0094" 7489
"/Engine/EngineMaterials/Substrate/Glints2/dict_0006_0095" 7490
"/Engine/EngineMaterials/Substrate/Glints2/dict_0006_0096" 7491
"/Engine/EngineMaterials/Substrate/Glints2/dict_0006_0097" 7492
"/Engine/EngineMaterials/Substrate/Glints2/dict_0006_0098" 7493
"/Engine/EngineMaterials/Substrate/Glints2/dict_0006_0099" 7494
"/Engine/EngineMaterials/Substrate/Glints2/dict_0006_0100" 7495
"/Engine/EngineMaterials/Substrate/Glints2/dict_0006_0101" 7496
"/Engine/EngineMaterials/Substrate/Glints2/dict_0006_0102" 7497
"/Engine/EngineMaterials/Substrate/Glints2/dict_0006_0103" 7498
"../../../Engine/Content/EngineMaterials/Substrate/Glints2/dict_0006_0071.uasset" 7499
"../../../Engine/Content/EngineMaterials/Substrate/Glints2/dict_0006_0069.uasset" 7500
"../../../Engine/Content/EngineMaterials/Substrate/Glints2/dict_0006_0065.uasset" 7501
"../../../Engine/Content/EngineMaterials/Substrate/Glints2/dict_0006_0063.uasset" 7502
"../../../Engine/Content/EngineMaterials/Substrate/Glints2/dict_0006_0061.uasset" 7503
"../../../Engine/Content/EngineMaterials/Substrate/Glints2/dict_0006_0062.uasset" 7504
"../../../Engine/Content/EngineMaterials/Substrate/Glints2/dict_0006_0066.uasset" 7505
"../../../Engine/Content/EngineMaterials/Substrate/Glints2/dict_0006_0060.uasset" 7506
"../../../Engine/Content/EngineMaterials/Substrate/Glints2/dict_0006_0058.uasset" 7507
"../../../Engine/Content/EngineMaterials/Substrate/Glints2/dict_0006_0059.uasset" 7508
"../../../Engine/Content/EngineMaterials/Substrate/Glints2/dict_0006_0067.uasset" 7509
"../../../Engine/Content/EngineMaterials/Substrate/Glints2/dict_0006_0070.uasset" 7510
"../../../Engine/Content/EngineMaterials/Substrate/Glints2/dict_0006_0057.uasset" 7511
"../../../Engine/Content/EngineMaterials/Substrate/Glints2/dict_0006_0064.uasset" 7512
"../../../Engine/Content/EngineMaterials/Substrate/Glints2/dict_0006_0055.uasset" 7513
"../../../Engine/Content/EngineMaterials/Substrate/Glints2/dict_0006_0056.uasset" 7514
"../../../Engine/Content/EngineMaterials/Substrate/Glints2/dict_0006_0068.uasset" 7515
"/Engine/EngineMaterials/Substrate/Glints2/dict_0006_0072" 7516
"/Engine/EngineMaterials/Substrate/Glints2/dict_0006_0073" 7517
"/Engine/EngineMaterials/Substrate/Glints2/dict_0006_0074" 7518
"/Engine/EngineMaterials/Substrate/Glints2/dict_0006_0075" 7519
"/Engine/EngineMaterials/Substrate/Glints2/dict_0006_0076" 7520
"/Engine/EngineMaterials/Substrate/Glints2/dict_0006_0077" 7521
"/Engine/EngineMaterials/Substrate/Glints2/dict_0006_0078" 7522
"/Engine/EngineMaterials/Substrate/Glints2/dict_0006_0079" 7523
"/Engine/EngineMaterials/Substrate/Glints2/dict_0006_0080" 7524
"/Engine/EngineMaterials/Substrate/Glints2/dict_0006_0081" 7525
"/Engine/EngineMaterials/Substrate/Glints2/dict_0006_0082" 7526
"/Engine/EngineMaterials/Substrate/Glints2/dict_0006_0083" 7527
"/Engine/EngineMaterials/Substrate/Glints2/dict_0006_0084" 7528
"/Engine/EngineMaterials/Substrate/Glints2/dict_0006_0085" 7529
"/Engine/EngineMaterials/Substrate/Glints2/dict_0006_0086" 7530
"../../../Engine/Content/EngineMaterials/Substrate/Glints2/dict_0006_0054.uasset" 7531
"../../../Engine/Content/EngineMaterials/Substrate/Glints2/dict_0006_0053.uasset" 7532
"/Engine/EngineMaterials/Substrate/Glints2/dict_0006_0055" 7533
"../../../Engine/Content/EngineMaterials/Substrate/Glints2/dict_0006_0052.uasset" 7534
"../../../Engine/Content/EngineMaterials/Substrate/Glints2/dict_0006_0050.uasset" 7535
"../../../Engine/Content/EngineMaterials/Substrate/Glints2/dict_0006_0051.uasset" 7536
"../../../Engine/Content/EngineMaterials/Substrate/Glints2/dict_0006_0048.uasset" 7537
"../../../Engine/Content/EngineMaterials/Substrate/Glints2/dict_0006_0044.uasset" 7538
"../../../Engine/Content/EngineMaterials/Substrate/Glints2/dict_0006_0043.uasset" 7539
"../../../Engine/Content/EngineMaterials/Substrate/Glints2/dict_0006_0042.uasset" 7540
"../../../Engine/Content/EngineMaterials/Substrate/Glints2/dict_0006_0045.uasset" 7541
"../../../Engine/Content/EngineMaterials/Substrate/Glints2/dict_0006_0047.uasset" 7542
"../../../Engine/Content/EngineMaterials/Substrate/Glints2/dict_0006_0046.uasset" 7543
"../../../Engine/Content/EngineMaterials/Substrate/Glints2/dict_0006_0040.uasset" 7544
"../../../Engine/Content/EngineMaterials/Substrate/Glints2/dict_0006_0049.uasset" 7545
"../../../Engine/Content/EngineMaterials/Substrate/Glints2/dict_0006_0041.uasset" 7546
"/Engine/EngineMaterials/Substrate/Glints2/dict_0006_0056" 7547
"/Engine/EngineMaterials/Substrate/Glints2/dict_0006_0057" 7548
"/Engine/EngineMaterials/Substrate/Glints2/dict_0006_0058" 7549
"/Engine/EngineMaterials/Substrate/Glints2/dict_0006_0059" 7550
"/Engine/EngineMaterials/Substrate/Glints2/dict_0006_0060" 7551
"/Engine/EngineMaterials/Substrate/Glints2/dict_0006_0061" 7552
"/Engine/EngineMaterials/Substrate/Glints2/dict_0006_0062" 7553
"/Engine/EngineMaterials/Substrate/Glints2/dict_0006_0063" 7554
"/Engine/EngineMaterials/Substrate/Glints2/dict_0006_0064" 7555
"/Engine/EngineMaterials/Substrate/Glints2/dict_0006_0065" 7556
"/Engine/EngineMaterials/Substrate/Glints2/dict_0006_0066" 7557
"/Engine/EngineMaterials/Substrate/Glints2/dict_0006_0067" 7558
"/Engine/EngineMaterials/Substrate/Glints2/dict_0006_0068" 7559
"/Engine/EngineMaterials/Substrate/Glints2/dict_0006_0069" 7560
"/Engine/EngineMaterials/Substrate/Glints2/dict_0006_0070" 7561
"/Engine/EngineMaterials/Substrate/Glints2/dict_0006_0071" 7562
"../../../Engine/Content/EngineMaterials/Substrate/Glints2/dict_0006_0034.uasset" 7563
"../../../Engine/Content/EngineMaterials/Substrate/Glints2/dict_0006_0032.uasset" 7564
"/Engine/EngineMaterials/Substrate/Glints2/dict_0006_0040" 7565
"../../../Engine/Content/EngineMaterials/Substrate/Glints2/dict_0006_0030.uasset" 7566
"../../../Engine/Content/EngineMaterials/Substrate/Glints2/dict_0006_0026.uasset" 7567
"../../../Engine/Content/EngineMaterials/Substrate/Glints2/dict_0006_0036.uasset" 7568
"../../../Engine/Content/EngineMaterials/Substrate/Glints2/dict_0006_0028.uasset" 7569
"../../../Engine/Content/EngineMaterials/Substrate/Glints2/dict_0006_0025.uasset" 7570
"../../../Engine/Content/EngineMaterials/Substrate/Glints2/dict_0006_0039.uasset" 7571
"../../../Engine/Content/EngineMaterials/Substrate/Glints2/dict_0006_0033.uasset" 7572
"../../../Engine/Content/EngineMaterials/Substrate/Glints2/dict_0006_0035.uasset" 7573
"../../../Engine/Content/EngineMaterials/Substrate/Glints2/dict_0006_0023.uasset" 7574
"../../../Engine/Content/EngineMaterials/Substrate/Glints2/dict_0006_0024.uasset" 7575
"../../../Engine/Content/EngineMaterials/Substrate/Glints2/dict_0006_0038.uasset" 7576
"/Engine/EngineMaterials/Substrate/Glints2/dict_0006_0041" 7577
"../../../Engine/Content/EngineMaterials/Substrate/Glints2/dict_0006_0031.uasset" 7578
"../../../Engine/Content/EngineMaterials/Substrate/Glints2/dict_0006_0027.uasset" 7579
"../../../Engine/Content/EngineMaterials/Substrate/Glints2/dict_0006_0029.uasset" 7580
"../../../Engine/Content/EngineMaterials/Substrate/Glints2/dict_0006_0037.uasset" 7581
"/Engine/EngineMaterials/Substrate/Glints2/dict_0006_0042" 7582
"/Engine/EngineMaterials/Substrate/Glints2/dict_0006_0043" 7583
"/Engine/EngineMaterials/Substrate/Glints2/dict_0006_0044" 7584
"/Engine/EngineMaterials/Substrate/Glints2/dict_0006_0045" 7585
"/Engine/EngineMaterials/Substrate/Glints2/dict_0006_0046" 7586
"/Engine/EngineMaterials/Substrate/Glints2/dict_0006_0047" 7587
"/Engine/EngineMaterials/Substrate/Glints2/dict_0006_0048" 7588
"/Engine/EngineMaterials/Substrate/Glints2/dict_0006_0049" 7589
"/Engine/EngineMaterials/Substrate/Glints2/dict_0006_0050" 7590
"/Engine/EngineMaterials/Substrate/Glints2/dict_0006_0051" 7591
"/Engine/EngineMaterials/Substrate/Glints2/dict_0006_0052" 7592
"/Engine/EngineMaterials/Substrate/Glints2/dict_0006_0053" 7593
"/Engine/EngineMaterials/Substrate/Glints2/dict_0006_0054" 7594
"../../../Engine/Content/EngineMaterials/Substrate/Glints2/dict_0006_0018.uasset" 7595
"../../../Engine/Content/EngineMaterials/Substrate/Glints2/dict_0006_0017.uasset" 7596
"../../../Engine/Content/EngineMaterials/Substrate/Glints2/dict_0006_0016.uasset" 7597
"../../../Engine/Content/EngineMaterials/Substrate/Glints2/dict_0006_0014.uasset" 7598
"../../../Engine/Content/EngineMaterials/Substrate/Glints2/dict_0006_0013.uasset" 7599
"../../../Engine/Content/EngineMaterials/Substrate/Glints2/dict_0006_0011.uasset" 7600
"../../../Engine/Content/EngineMaterials/Substrate/Glints2/dict_0006_0009.uasset" 7601
"../../../Engine/Content/EngineMaterials/Substrate/Glints2/dict_0006_0010.uasset" 7602
"/Engine/EngineMaterials/Substrate/Glints2/dict_0006_0023" 7603
"../../../Engine/Content/EngineMaterials/Substrate/Glints2/dict_0006_0020.uasset" 7604
"../../../Engine/Content/EngineMaterials/Substrate/Glints2/dict_0006_0012.uasset" 7605
"../../../Engine/Content/EngineMaterials/Substrate/Glints2/dict_0006_0019.uasset" 7606
"../../../Engine/Content/EngineMaterials/Substrate/Glints2/dict_0006_0022.uasset" 7607
"../../../Engine/Content/EngineMaterials/Substrate/Glints2/dict_0006_0015.uasset" 7608
"../../../Engine/Content/EngineMaterials/Substrate/Glints2/dict_0006_0008.uasset" 7609
"../../../Engine/Content/EngineMaterials/Substrate/Glints2/dict_0006_0021.uasset" 7610
"/Engine/EngineMaterials/Substrate/Glints2/dict_0006_0024" 7611
"/Engine/EngineMaterials/Substrate/Glints2/dict_0006_0025" 7612
"/Engine/EngineMaterials/Substrate/Glints2/dict_0006_0026" 7613
"/Engine/EngineMaterials/Substrate/Glints2/dict_0006_0027" 7614
"/Engine/EngineMaterials/Substrate/Glints2/dict_0006_0028" 7615
"/Engine/EngineMaterials/Substrate/Glints2/dict_0006_0029" 7616
"/Engine/EngineMaterials/Substrate/Glints2/dict_0006_0030" 7617
"/Engine/EngineMaterials/Substrate/Glints2/dict_0006_0031" 7618
"/Engine/EngineMaterials/Substrate/Glints2/dict_0006_0032" 7619
"/Engine/EngineMaterials/Substrate/Glints2/dict_0006_0033" 7620
"/Engine/EngineMaterials/Substrate/Glints2/dict_0006_0034" 7621
"/Engine/EngineMaterials/Substrate/Glints2/dict_0006_0035" 7622
"/Engine/EngineMaterials/Substrate/Glints2/dict_0006_0036" 7623
"/Engine/EngineMaterials/Substrate/Glints2/dict_0006_0017" 7624
"/Engine/EngineMaterials/Substrate/Glints2/dict_0006_0018" 7625
"/Engine/EngineMaterials/Substrate/Glints2/dict_0006_0037" 7626
"/Engine/EngineMaterials/Substrate/Glints2/dict_0006_0038" 7627
"/Engine/EngineMaterials/Substrate/Glints2/dict_0006_0039" 7628
"../../../Engine/Content/EngineMaterials/Substrate/Glints2/dict_0006_0007.uasset" 7629
"../../../Engine/Content/EngineMaterials/Substrate/Glints2/dict_0006_0005.uasset" 7630
"../../../Engine/Content/EngineMaterials/Substrate/Glints2/dict_0006_0002.uasset" 7631
"../../../Engine/Content/EngineMaterials/Substrate/Glints2/dict_0005_0255.uasset" 7632
"../../../Engine/Content/EngineMaterials/Substrate/Glints2/dict_0005_0253.uasset" 7633
"../../../Engine/Content/EngineMaterials/Substrate/Glints2/dict_0006_0000.uasset" 7634
"../../../Engine/Content/EngineMaterials/Substrate/Glints2/dict_0005_0250.uasset" 7635
"../../../Engine/Content/EngineMaterials/Substrate/Glints2/dict_0006_0001.uasset" 7636
"../../../Engine/Content/EngineMaterials/Substrate/Glints2/dict_0005_0248.uasset" 7637
"../../../Engine/Content/EngineMaterials/Substrate/Glints2/dict_0005_0247.uasset" 7638
"../../../Engine/Content/EngineMaterials/Substrate/Glints2/dict_0005_0249.uasset" 7639
"/Engine/EngineMaterials/Substrate/Glints2/dict_0006_0008" 7640
"../../../Engine/Content/EngineMaterials/Substrate/Glints2/dict_0006_0006.uasset" 7641
"../../../Engine/Content/EngineMaterials/Substrate/Glints2/dict_0005_0254.uasset" 7642
"../../../Engine/Content/EngineMaterials/Substrate/Glints2/dict_0005_0251.uasset" 7643
"../../../Engine/Content/EngineMaterials/Substrate/Glints2/dict_0006_0003.uasset" 7644
"../../../Engine/Content/EngineMaterials/Substrate/Glints2/dict_0006_0004.uasset" 7645
"../../../Engine/Content/EngineMaterials/Substrate/Glints2/dict_0005_0245.uasset" 7646
"../../../Engine/Content/EngineMaterials/Substrate/Glints2/dict_0005_0246.uasset" 7647
"../../../Engine/Content/EngineMaterials/Substrate/Glints2/dict_0005_0252.uasset" 7648
"/Engine/EngineMaterials/Substrate/Glints2/dict_0006_0009" 7649
"/Engine/EngineMaterials/Substrate/Glints2/dict_0006_0010" 7650
"/Engine/EngineMaterials/Substrate/Glints2/dict_0006_0011" 7651
"/Engine/EngineMaterials/Substrate/Glints2/dict_0006_0012" 7652
"/Engine/EngineMaterials/Substrate/Glints2/dict_0006_0013" 7653
"/Engine/EngineMaterials/Substrate/Glints2/dict_0006_0014" 7654
"/Engine/EngineMaterials/Substrate/Glints2/dict_0006_0015" 7655
"/Engine/EngineMaterials/Substrate/Glints2/dict_0006_0016" 7656
"/Engine/EngineMaterials/Substrate/Glints2/dict_0006_0019" 7657
"/Engine/EngineMaterials/Substrate/Glints2/dict_0006_0020" 7658
"/Engine/EngineMaterials/Substrate/Glints2/dict_0006_0021" 7659
"/Engine/EngineMaterials/Substrate/Glints2/dict_0006_0022" 7660
"../../../Engine/Content/EngineMaterials/Substrate/Glints2/dict_0005_0244.uasset" 7661
"../../../Engine/Content/EngineMaterials/Substrate/Glints2/dict_0005_0239.uasset" 7662
"../../../Engine/Content/EngineMaterials/Substrate/Glints2/dict_0005_0235.uasset" 7663
"../../../Engine/Content/EngineMaterials/Substrate/Glints2/dict_0005_0240.uasset" 7664
"../../../Engine/Content/EngineMaterials/Substrate/Glints2/dict_0005_0243.uasset" 7665
"../../../Engine/Content/EngineMaterials/Substrate/Glints2/dict_0005_0232.uasset" 7666
"/Engine/EngineMaterials/Substrate/Glints2/dict_0005_0245" 7667
"../../../Engine/Content/EngineMaterials/Substrate/Glints2/dict_0005_0237.uasset" 7668
"../../../Engine/Content/EngineMaterials/Substrate/Glints2/dict_0005_0241.uasset" 7669
"../../../Engine/Content/EngineMaterials/Substrate/Glints2/dict_0005_0236.uasset" 7670
"../../../Engine/Content/EngineMaterials/Substrate/Glints2/dict_0005_0242.uasset" 7671
"../../../Engine/Content/EngineMaterials/Substrate/Glints2/dict_0005_0233.uasset" 7672
"../../../Engine/Content/EngineMaterials/Substrate/Glints2/dict_0005_0238.uasset" 7673
"../../../Engine/Content/EngineMaterials/Substrate/Glints2/dict_0005_0234.uasset" 7674
"/Engine/EngineMaterials/Substrate/Glints2/dict_0005_0246" 7675
"/Engine/EngineMaterials/Substrate/Glints2/dict_0005_0247" 7676
"/Engine/EngineMaterials/Substrate/Glints2/dict_0005_0248" 7677
"/Engine/EngineMaterials/Substrate/Glints2/dict_0005_0249" 7678
"/Engine/EngineMaterials/Substrate/Glints2/dict_0005_0250" 7679
"/Engine/EngineMaterials/Substrate/Glints2/dict_0005_0251" 7680
"/Engine/EngineMaterials/Substrate/Glints2/dict_0005_0252" 7681
"/Engine/EngineMaterials/Substrate/Glints2/dict_0005_0253" 7682
"/Engine/EngineMaterials/Substrate/Glints2/dict_0005_0254" 7683
"/Engine/EngineMaterials/Substrate/Glints2/dict_0005_0255" 7684
"/Engine/EngineMaterials/Substrate/Glints2/dict_0006_0000" 7685
"/Engine/EngineMaterials/Substrate/Glints2/dict_0006_0001" 7686
"/Engine/EngineMaterials/Substrate/Glints2/dict_0006_0002" 7687
"/Engine/EngineMaterials/Substrate/Glints2/dict_0006_0003" 7688
"/Engine/EngineMaterials/Substrate/Glints2/dict_0006_0004" 7689
"/Engine/EngineMaterials/Substrate/Glints2/dict_0006_0005" 7690
"/Engine/EngineMaterials/Substrate/Glints2/dict_0006_0006" 7691
"/Engine/EngineMaterials/Substrate/Glints2/dict_0006_0007" 7692
"../../../Engine/Content/EngineMaterials/Substrate/Glints2/dict_0005_0231.uasset" 7693
"../../../Engine/Content/EngineMaterials/Substrate/Glints2/dict_0005_0229.uasset" 7694
"../../../Engine/Content/EngineMaterials/Substrate/Glints2/dict_0005_0228.uasset" 7695
"../../../Engine/Content/EngineMaterials/Substrate/Glints2/dict_0005_0225.uasset" 7696
"../../../Engine/Content/EngineMaterials/Substrate/Glints2/dict_0005_0223.uasset" 7697
"../../../Engine/Content/EngineMaterials/Substrate/Glints2/dict_0005_0221.uasset" 7698
"../../../Engine/Content/EngineMaterials/Substrate/Glints2/dict_0005_0224.uasset" 7699
"../../../Engine/Content/EngineMaterials/Substrate/Glints2/dict_0005_0219.uasset" 7700
"../../../Engine/Content/EngineMaterials/Substrate/Glints2/dict_0005_0222.uasset" 7701
"../../../Engine/Content/EngineMaterials/Substrate/Glints2/dict_0005_0214.uasset" 7702
"../../../Engine/Content/EngineMaterials/Substrate/Glints2/dict_0005_0213.uasset" 7703
"/Engine/EngineMaterials/Substrate/Glints2/dict_0005_0232" 7704
"../../../Engine/Content/EngineMaterials/Substrate/Glints2/dict_0005_0220.uasset" 7705
"../../../Engine/Content/EngineMaterials/Substrate/Glints2/dict_0005_0218.uasset" 7706
"../../../Engine/Content/EngineMaterials/Substrate/Glints2/dict_0005_0216.uasset" 7707
"../../../Engine/Content/EngineMaterials/Substrate/Glints2/dict_0005_0230.uasset" 7708
"../../../Engine/Content/EngineMaterials/Substrate/Glints2/dict_0005_0226.uasset" 7709
"../../../Engine/Content/EngineMaterials/Substrate/Glints2/dict_0005_0217.uasset" 7710
"../../../Engine/Content/EngineMaterials/Substrate/Glints2/dict_0005_0215.uasset" 7711
"../../../Engine/Content/EngineMaterials/Substrate/Glints2/dict_0005_0227.uasset" 7712
"/Engine/EngineMaterials/Substrate/Glints2/dict_0005_0233" 7713
"/Engine/EngineMaterials/Substrate/Glints2/dict_0005_0234" 7714
"/Engine/EngineMaterials/Substrate/Glints2/dict_0005_0235" 7715
"/Engine/EngineMaterials/Substrate/Glints2/dict_0005_0236" 7716
"/Engine/EngineMaterials/Substrate/Glints2/dict_0005_0237" 7717
"/Engine/EngineMaterials/Substrate/Glints2/dict_0005_0238" 7718
"/Engine/EngineMaterials/Substrate/Glints2/dict_0005_0239" 7719
"/Engine/EngineMaterials/Substrate/Glints2/dict_0005_0240" 7720
"/Engine/EngineMaterials/Substrate/Glints2/dict_0005_0241" 7721
"/Engine/EngineMaterials/Substrate/Glints2/dict_0005_0242" 7722
"/Engine/EngineMaterials/Substrate/Glints2/dict_0005_0243" 7723
"/Engine/EngineMaterials/Substrate/Glints2/dict_0005_0244" 7724
"../../../Engine/Content/EngineMaterials/Substrate/Glints2/dict_0005_0212.uasset" 7725
"../../../Engine/Content/EngineMaterials/Substrate/Glints2/dict_0005_0210.uasset" 7726
"../../../Engine/Content/EngineMaterials/Substrate/Glints2/dict_0005_0211.uasset" 7727
"../../../Engine/Content/EngineMaterials/Substrate/Glints2/dict_0005_0204.uasset" 7728
"../../../Engine/Content/EngineMaterials/Substrate/Glints2/dict_0005_0201.uasset" 7729
"../../../Engine/Content/EngineMaterials/Substrate/Glints2/dict_0005_0202.uasset" 7730
"../../../Engine/Content/EngineMaterials/Substrate/Glints2/dict_0005_0206.uasset" 7731
"../../../Engine/Content/EngineMaterials/Substrate/Glints2/dict_0005_0200.uasset" 7732
"../../../Engine/Content/EngineMaterials/Substrate/Glints2/dict_0005_0209.uasset" 7733
"../../../Engine/Content/EngineMaterials/Substrate/Glints2/dict_0005_0205.uasset" 7734
"../../../Engine/Content/EngineMaterials/Substrate/Glints2/dict_0005_0203.uasset" 7735
"../../../Engine/Content/EngineMaterials/Substrate/Glints2/dict_0005_0208.uasset" 7736
"../../../Engine/Content/EngineMaterials/Substrate/Glints2/dict_0005_0207.uasset" 7737
"/Engine/EngineMaterials/Substrate/Glints2/dict_0005_0213" 7738
"/Engine/EngineMaterials/Substrate/Glints2/dict_0005_0214" 7739
"/Engine/EngineMaterials/Substrate/Glints2/dict_0005_0215" 7740
"/Engine/EngineMaterials/Substrate/Glints2/dict_0005_0216" 7741
"/Engine/EngineMaterials/Substrate/Glints2/dict_0005_0217" 7742
"/Engine/EngineMaterials/Substrate/Glints2/dict_0005_0218" 7743
"/Engine/EngineMaterials/Substrate/Glints2/dict_0005_0219" 7744
"/Engine/EngineMaterials/Substrate/Glints2/dict_0005_0220" 7745
"/Engine/EngineMaterials/Substrate/Glints2/dict_0005_0221" 7746
"/Engine/EngineMaterials/Substrate/Glints2/dict_0005_0222" 7747
"/Engine/EngineMaterials/Substrate/Glints2/dict_0005_0223" 7748
"/Engine/EngineMaterials/Substrate/Glints2/dict_0005_0224" 7749
"/Engine/EngineMaterials/Substrate/Glints2/dict_0005_0225" 7750
"/Engine/EngineMaterials/Substrate/Glints2/dict_0005_0226" 7751
"/Engine/EngineMaterials/Substrate/Glints2/dict_0005_0227" 7752
"/Engine/EngineMaterials/Substrate/Glints2/dict_0005_0228" 7753
"/Engine/EngineMaterials/Substrate/Glints2/dict_0005_0229" 7754
"/Engine/EngineMaterials/Substrate/Glints2/dict_0005_0230" 7755
"/Engine/EngineMaterials/Substrate/Glints2/dict_0005_0231" 7756
"../../../Engine/Content/EngineMaterials/Substrate/Glints2/dict_0005_0196.uasset" 7757
"../../../Engine/Content/EngineMaterials/Substrate/Glints2/dict_0005_0199.uasset" 7758
"../../../Engine/Content/EngineMaterials/Substrate/Glints2/dict_0005_0195.uasset" 7759
"../../../Engine/Content/EngineMaterials/Substrate/Glints2/dict_0005_0198.uasset" 7760
"../../../Engine/Content/EngineMaterials/Substrate/Glints2/dict_0005_0193.uasset" 7761
"../../../Engine/Content/EngineMaterials/Substrate/Glints2/dict_0005_0184.uasset" 7762
"../../../Engine/Content/EngineMaterials/Substrate/Glints2/dict_0005_0194.uasset" 7763
"../../../Engine/Content/EngineMaterials/Substrate/Glints2/dict_0005_0189.uasset" 7764
"../../../Engine/Content/EngineMaterials/Substrate/Glints2/dict_0005_0182.uasset" 7765
"../../../Engine/Content/EngineMaterials/Substrate/Glints2/dict_0005_0186.uasset" 7766
"/Engine/EngineMaterials/Substrate/Glints2/dict_0005_0200" 7767
"../../../Engine/Content/EngineMaterials/Substrate/Glints2/dict_0005_0188.uasset" 7768
"../../../Engine/Content/EngineMaterials/Substrate/Glints2/dict_0005_0190.uasset" 7769
"../../../Engine/Content/EngineMaterials/Substrate/Glints2/dict_0005_0197.uasset" 7770
"../../../Engine/Content/EngineMaterials/Substrate/Glints2/dict_0005_0192.uasset" 7771
"../../../Engine/Content/EngineMaterials/Substrate/Glints2/dict_0005_0187.uasset" 7772
"../../../Engine/Content/EngineMaterials/Substrate/Glints2/dict_0005_0185.uasset" 7773
"../../../Engine/Content/EngineMaterials/Substrate/Glints2/dict_0005_0183.uasset" 7774
"../../../Engine/Content/EngineMaterials/Substrate/Glints2/dict_0005_0191.uasset" 7775
"../../../Engine/Content/EngineMaterials/Substrate/Glints2/dict_0005_0181.uasset" 7776
"/Engine/EngineMaterials/Substrate/Glints2/dict_0005_0201" 7777
"/Engine/EngineMaterials/Substrate/Glints2/dict_0005_0202" 7778
"/Engine/EngineMaterials/Substrate/Glints2/dict_0005_0203" 7779
"/Engine/EngineMaterials/Substrate/Glints2/dict_0005_0204" 7780
"/Engine/EngineMaterials/Substrate/Glints2/dict_0005_0205" 7781
"/Engine/EngineMaterials/Substrate/Glints2/dict_0005_0206" 7782
"/Engine/EngineMaterials/Substrate/Glints2/dict_0005_0207" 7783
"/Engine/EngineMaterials/Substrate/Glints2/dict_0005_0208" 7784
"/Engine/EngineMaterials/Substrate/Glints2/dict_0005_0209" 7785
"/Engine/EngineMaterials/Substrate/Glints2/dict_0005_0210" 7786
"/Engine/EngineMaterials/Substrate/Glints2/dict_0005_0211" 7787
"/Engine/EngineMaterials/Substrate/Glints2/dict_0005_0212" 7788
"../../../Engine/Content/EngineMaterials/Substrate/Glints2/dict_0005_0179.uasset" 7789
"../../../Engine/Content/EngineMaterials/Substrate/Glints2/dict_0005_0180.uasset" 7790
"../../../Engine/Content/EngineMaterials/Substrate/Glints2/dict_0005_0171.uasset" 7791
"../../../Engine/Content/EngineMaterials/Substrate/Glints2/dict_0005_0174.uasset" 7792
"../../../Engine/Content/EngineMaterials/Substrate/Glints2/dict_0005_0168.uasset" 7793
"../../../Engine/Content/EngineMaterials/Substrate/Glints2/dict_0005_0173.uasset" 7794
"/Engine/EngineMaterials/Substrate/Glints2/dict_0005_0181" 7795
"../../../Engine/Content/EngineMaterials/Substrate/Glints2/dict_0005_0175.uasset" 7796
"../../../Engine/Content/EngineMaterials/Substrate/Glints2/dict_0005_0176.uasset" 7797
"../../../Engine/Content/EngineMaterials/Substrate/Glints2/dict_0005_0178.uasset" 7798
"../../../Engine/Content/EngineMaterials/Substrate/Glints2/dict_0005_0169.uasset" 7799
"../../../Engine/Content/EngineMaterials/Substrate/Glints2/dict_0005_0177.uasset" 7800
"../../../Engine/Content/EngineMaterials/Substrate/Glints2/dict_0005_0170.uasset" 7801
"../../../Engine/Content/EngineMaterials/Substrate/Glints2/dict_0005_0172.uasset" 7802
"/Engine/EngineMaterials/Substrate/Glints2/dict_0005_0182" 7803
"/Engine/EngineMaterials/Substrate/Glints2/dict_0005_0183" 7804
"/Engine/EngineMaterials/Substrate/Glints2/dict_0005_0184" 7805
"/Engine/EngineMaterials/Substrate/Glints2/dict_0005_0185" 7806
"/Engine/EngineMaterials/Substrate/Glints2/dict_0005_0186" 7807
"/Engine/EngineMaterials/Substrate/Glints2/dict_0005_0187" 7808
"/Engine/EngineMaterials/Substrate/Glints2/dict_0005_0188" 7809
"/Engine/EngineMaterials/Substrate/Glints2/dict_0005_0189" 7810
"/Engine/EngineMaterials/Substrate/Glints2/dict_0005_0190" 7811
"/Engine/EngineMaterials/Substrate/Glints2/dict_0005_0191" 7812
"/Engine/EngineMaterials/Substrate/Glints2/dict_0005_0192" 7813
"/Engine/EngineMaterials/Substrate/Glints2/dict_0005_0193" 7814
"/Engine/EngineMaterials/Substrate/Glints2/dict_0005_0194" 7815
"/Engine/EngineMaterials/Substrate/Glints2/dict_0005_0195" 7816
"/Engine/EngineMaterials/Substrate/Glints2/dict_0005_0196" 7817
"/Engine/EngineMaterials/Substrate/Glints2/dict_0005_0197" 7818
"/Engine/EngineMaterials/Substrate/Glints2/dict_0005_0198" 7819
"/Engine/EngineMaterials/Substrate/Glints2/dict_0005_0199" 7820
"../../../Engine/Content/EngineMaterials/Substrate/Glints2/dict_0005_0163.uasset" 7821
"../../../Engine/Content/EngineMaterials/Substrate/Glints2/dict_0005_0162.uasset" 7822
"../../../Engine/Content/EngineMaterials/Substrate/Glints2/dict_0005_0167.uasset" 7823
"../../../Engine/Content/EngineMaterials/Substrate/Glints2/dict_0005_0165.uasset" 7824
"../../../Engine/Content/EngineMaterials/Substrate/Glints2/dict_0005_0166.uasset" 7825
"../../../Engine/Content/EngineMaterials/Substrate/Glints2/dict_0005_0154.uasset" 7826
"../../../Engine/Content/EngineMaterials/Substrate/Glints2/dict_0005_0153.uasset" 7827
"../../../Engine/Content/EngineMaterials/Substrate/Glints2/dict_0005_0151.uasset" 7828
"../../../Engine/Content/EngineMaterials/Substrate/Glints2/dict_0005_0149.uasset" 7829
"/Engine/EngineMaterials/Substrate/Glints2/dict_0005_0168" 7830
"../../../Engine/Content/EngineMaterials/Substrate/Glints2/dict_0005_0161.uasset" 7831
"../../../Engine/Content/EngineMaterials/Substrate/Glints2/dict_0005_0159.uasset" 7832
"../../../Engine/Content/EngineMaterials/Substrate/Glints2/dict_0005_0158.uasset" 7833
"../../../Engine/Content/EngineMaterials/Substrate/Glints2/dict_0005_0160.uasset" 7834
"../../../Engine/Content/EngineMaterials/Substrate/Glints2/dict_0005_0155.uasset" 7835
"../../../Engine/Content/EngineMaterials/Substrate/Glints2/dict_0005_0152.uasset" 7836
"../../../Engine/Content/EngineMaterials/Substrate/Glints2/dict_0005_0150.uasset" 7837
"../../../Engine/Content/EngineMaterials/Substrate/Glints2/dict_0005_0164.uasset" 7838
"../../../Engine/Content/EngineMaterials/Substrate/Glints2/dict_0005_0157.uasset" 7839
"../../../Engine/Content/EngineMaterials/Substrate/Glints2/dict_0005_0156.uasset" 7840
"/Engine/EngineMaterials/Substrate/Glints2/dict_0005_0169" 7841
"/Engine/EngineMaterials/Substrate/Glints2/dict_0005_0170" 7842
"/Engine/EngineMaterials/Substrate/Glints2/dict_0005_0171" 7843
"/Engine/EngineMaterials/Substrate/Glints2/dict_0005_0172" 7844
"/Engine/EngineMaterials/Substrate/Glints2/dict_0005_0173" 7845
"/Engine/EngineMaterials/Substrate/Glints2/dict_0005_0174" 7846
"/Engine/EngineMaterials/Substrate/Glints2/dict_0005_0175" 7847
"/Engine/EngineMaterials/Substrate/Glints2/dict_0005_0176" 7848
"/Engine/EngineMaterials/Substrate/Glints2/dict_0005_0177" 7849
"/Engine/EngineMaterials/Substrate/Glints2/dict_0005_0178" 7850
"/Engine/EngineMaterials/Substrate/Glints2/dict_0005_0179" 7851
"/Engine/EngineMaterials/Substrate/Glints2/dict_0005_0180" 7852
"../../../Engine/Content/EngineMaterials/Substrate/Glints2/dict_0005_0146.uasset" 7853
"../../../Engine/Content/EngineMaterials/Substrate/Glints2/dict_0005_0143.uasset" 7854
"../../../Engine/Content/EngineMaterials/Substrate/Glints2/dict_0005_0140.uasset" 7855
"../../../Engine/Content/EngineMaterials/Substrate/Glints2/dict_0005_0147.uasset" 7856
"../../../Engine/Content/EngineMaterials/Substrate/Glints2/dict_0005_0137.uasset" 7857
"../../../Engine/Content/EngineMaterials/Substrate/Glints2/dict_0005_0136.uasset" 7858
"../../../Engine/Content/EngineMaterials/Substrate/Glints2/dict_0005_0144.uasset" 7859
"../../../Engine/Content/EngineMaterials/Substrate/Glints2/dict_0005_0141.uasset" 7860
"../../../Engine/Content/EngineMaterials/Substrate/Glints2/dict_0005_0138.uasset" 7861
"../../../Engine/Content/EngineMaterials/Substrate/Glints2/dict_0005_0145.uasset" 7862
"../../../Engine/Content/EngineMaterials/Substrate/Glints2/dict_0005_0148.uasset" 7863
"../../../Engine/Content/EngineMaterials/Substrate/Glints2/dict_0005_0142.uasset" 7864
"/Engine/EngineMaterials/Substrate/Glints2/dict_0005_0149" 7865
"../../../Engine/Content/EngineMaterials/Substrate/Glints2/dict_0005_0139.uasset" 7866
"/Engine/EngineMaterials/Substrate/Glints2/dict_0005_0150" 7867
"/Engine/EngineMaterials/Substrate/Glints2/dict_0005_0151" 7868
"/Engine/EngineMaterials/Substrate/Glints2/dict_0005_0152" 7869
"/Engine/EngineMaterials/Substrate/Glints2/dict_0005_0153" 7870
"/Engine/EngineMaterials/Substrate/Glints2/dict_0005_0154" 7871
"/Engine/EngineMaterials/Substrate/Glints2/dict_0005_0155" 7872
"/Engine/EngineMaterials/Substrate/Glints2/dict_0005_0156" 7873
"/Engine/EngineMaterials/Substrate/Glints2/dict_0005_0157" 7874
"/Engine/EngineMaterials/Substrate/Glints2/dict_0005_0158" 7875
"/Engine/EngineMaterials/Substrate/Glints2/dict_0005_0159" 7876
"/Engine/EngineMaterials/Substrate/Glints2/dict_0005_0160" 7877
"/Engine/EngineMaterials/Substrate/Glints2/dict_0005_0161" 7878
"/Engine/EngineMaterials/Substrate/Glints2/dict_0005_0162" 7879
"/Engine/EngineMaterials/Substrate/Glints2/dict_0005_0163" 7880
"/Engine/EngineMaterials/Substrate/Glints2/dict_0005_0164" 7881
"/Engine/EngineMaterials/Substrate/Glints2/dict_0005_0165" 7882
"/Engine/EngineMaterials/Substrate/Glints2/dict_0005_0166" 7883
"/Engine/EngineMaterials/Substrate/Glints2/dict_0005_0167" 7884
"../../../Engine/Content/EngineMaterials/Substrate/Glints2/dict_0005_0133.uasset" 7885
"../../../Engine/Content/EngineMaterials/Substrate/Glints2/dict_0005_0131.uasset" 7886
"../../../Engine/Content/EngineMaterials/Substrate/Glints2/dict_0005_0128.uasset" 7887
"../../../Engine/Content/EngineMaterials/Substrate/Glints2/dict_0005_0124.uasset" 7888
"../../../Engine/Content/EngineMaterials/Substrate/Glints2/dict_0005_0135.uasset" 7889
"../../../Engine/Content/EngineMaterials/Substrate/Glints2/dict_0005_0126.uasset" 7890
"../../../Engine/Content/EngineMaterials/Substrate/Glints2/dict_0005_0125.uasset" 7891
"../../../Engine/Content/EngineMaterials/Substrate/Glints2/dict_0005_0134.uasset" 7892
"/Engine/EngineMaterials/Substrate/Glints2/dict_0005_0136" 7893
"../../../Engine/Content/EngineMaterials/Substrate/Glints2/dict_0005_0130.uasset" 7894
"../../../Engine/Content/EngineMaterials/Substrate/Glints2/dict_0005_0119.uasset" 7895
"../../../Engine/Content/EngineMaterials/Substrate/Glints2/dict_0005_0120.uasset" 7896
"../../../Engine/Content/EngineMaterials/Substrate/Glints2/dict_0005_0127.uasset" 7897
"../../../Engine/Content/EngineMaterials/Substrate/Glints2/dict_0005_0122.uasset" 7898
"../../../Engine/Content/EngineMaterials/Substrate/Glints2/dict_0005_0117.uasset" 7899
"../../../Engine/Content/EngineMaterials/Substrate/Glints2/dict_0005_0118.uasset" 7900
"../../../Engine/Content/EngineMaterials/Substrate/Glints2/dict_0005_0129.uasset" 7901
"../../../Engine/Content/EngineMaterials/Substrate/Glints2/dict_0005_0132.uasset" 7902
"../../../Engine/Content/EngineMaterials/Substrate/Glints2/dict_0005_0121.uasset" 7903
"/Engine/EngineMaterials/Substrate/Glints2/dict_0005_0137" 7904
"../../../Engine/Content/EngineMaterials/Substrate/Glints2/dict_0005_0123.uasset" 7905
"/Engine/EngineMaterials/Substrate/Glints2/dict_0005_0138" 7906
"/Engine/EngineMaterials/Substrate/Glints2/dict_0005_0139" 7907
"/Engine/EngineMaterials/Substrate/Glints2/dict_0005_0140" 7908
"/Engine/EngineMaterials/Substrate/Glints2/dict_0005_0141" 7909
"/Engine/EngineMaterials/Substrate/Glints2/dict_0005_0142" 7910
"/Engine/EngineMaterials/Substrate/Glints2/dict_0005_0143" 7911
"/Engine/EngineMaterials/Substrate/Glints2/dict_0005_0144" 7912
"/Engine/EngineMaterials/Substrate/Glints2/dict_0005_0145" 7913
"/Engine/EngineMaterials/Substrate/Glints2/dict_0005_0146" 7914
"/Engine/EngineMaterials/Substrate/Glints2/dict_0005_0147" 7915
"/Engine/EngineMaterials/Substrate/Glints2/dict_0005_0148" 7916
"../../../Engine/Content/EngineMaterials/Substrate/Glints2/dict_0005_0114.uasset" 7917
"../../../Engine/Content/EngineMaterials/Substrate/Glints2/dict_0005_0115.uasset" 7918
"../../../Engine/Content/EngineMaterials/Substrate/Glints2/dict_0005_0113.uasset" 7919
"../../../Engine/Content/EngineMaterials/Substrate/Glints2/dict_0005_0112.uasset" 7920
"../../../Engine/Content/EngineMaterials/Substrate/Glints2/dict_0005_0108.uasset" 7921
"../../../Engine/Content/EngineMaterials/Substrate/Glints2/dict_0005_0109.uasset" 7922
"../../../Engine/Content/EngineMaterials/Substrate/Glints2/dict_0005_0111.uasset" 7923
"/Engine/EngineMaterials/Substrate/Glints2/dict_0005_0117" 7924
"../../../Engine/Content/EngineMaterials/Substrate/Glints2/dict_0005_0110.uasset" 7925
"../../../Engine/Content/EngineMaterials/Substrate/Glints2/dict_0005_0105.uasset" 7926
"../../../Engine/Content/EngineMaterials/Substrate/Glints2/dict_0005_0106.uasset" 7927
"../../../Engine/Content/EngineMaterials/Substrate/Glints2/dict_0005_0104.uasset" 7928
"../../../Engine/Content/EngineMaterials/Substrate/Glints2/dict_0005_0107.uasset" 7929
"../../../Engine/Content/EngineMaterials/Substrate/Glints2/dict_0005_0116.uasset" 7930
"/Engine/EngineMaterials/Substrate/Glints2/dict_0005_0118" 7931
"/Engine/EngineMaterials/Substrate/Glints2/dict_0005_0119" 7932
"/Engine/EngineMaterials/Substrate/Glints2/dict_0005_0120" 7933
"/Engine/EngineMaterials/Substrate/Glints2/dict_0005_0121" 7934
"/Engine/EngineMaterials/Substrate/Glints2/dict_0005_0122" 7935
"/Engine/EngineMaterials/Substrate/Glints2/dict_0005_0123" 7936
"/Engine/EngineMaterials/Substrate/Glints2/dict_0005_0124" 7937
"/Engine/EngineMaterials/Substrate/Glints2/dict_0005_0125" 7938
"/Engine/EngineMaterials/Substrate/Glints2/dict_0005_0126" 7939
"/Engine/EngineMaterials/Substrate/Glints2/dict_0005_0127" 7940
"/Engine/EngineMaterials/Substrate/Glints2/dict_0005_0128" 7941
"/Engine/EngineMaterials/Substrate/Glints2/dict_0005_0129" 7942
"/Engine/EngineMaterials/Substrate/Glints2/dict_0005_0130" 7943
"/Engine/EngineMaterials/Substrate/Glints2/dict_0005_0131" 7944
"/Engine/EngineMaterials/Substrate/Glints2/dict_0005_0132" 7945
"/Engine/EngineMaterials/Substrate/Glints2/dict_0005_0114" 7946
"/Engine/EngineMaterials/Substrate/Glints2/dict_0005_0115" 7947
"/Engine/EngineMaterials/Substrate/Glints2/dict_0005_0133" 7948
"/Engine/EngineMaterials/Substrate/Glints2/dict_0005_0134" 7949
"/Engine/EngineMaterials/Substrate/Glints2/dict_0005_0135" 7950
"../../../Engine/Content/EngineMaterials/Substrate/Glints2/dict_0005_0103.uasset" 7951
"../../../Engine/Content/EngineMaterials/Substrate/Glints2/dict_0005_0102.uasset" 7952
"../../../Engine/Content/EngineMaterials/Substrate/Glints2/dict_0005_0100.uasset" 7953
"../../../Engine/Content/EngineMaterials/Substrate/Glints2/dict_0005_0101.uasset" 7954
"../../../Engine/Content/EngineMaterials/Substrate/Glints2/dict_0005_0095.uasset" 7955
"../../../Engine/Content/EngineMaterials/Substrate/Glints2/dict_0005_0094.uasset" 7956
"../../../Engine/Content/EngineMaterials/Substrate/Glints2/dict_0005_0097.uasset" 7957
"../../../Engine/Content/EngineMaterials/Substrate/Glints2/dict_0005_0090.uasset" 7958
"../../../Engine/Content/EngineMaterials/Substrate/Glints2/dict_0005_0093.uasset" 7959
"../../../Engine/Content/EngineMaterials/Substrate/Glints2/dict_0005_0091.uasset" 7960
"../../../Engine/Content/EngineMaterials/Substrate/Glints2/dict_0005_0088.uasset" 7961
"../../../Engine/Content/EngineMaterials/Substrate/Glints2/dict_0005_0096.uasset" 7962
"../../../Engine/Content/EngineMaterials/Substrate/Glints2/dict_0005_0084.uasset" 7963
"../../../Engine/Content/EngineMaterials/Substrate/Glints2/dict_0005_0086.uasset" 7964
"../../../Engine/Content/EngineMaterials/Substrate/Glints2/dict_0005_0085.uasset" 7965
"../../../Engine/Content/EngineMaterials/Substrate/Glints2/dict_0005_0098.uasset" 7966
"/Engine/EngineMaterials/Substrate/Glints2/dict_0005_0090" 7967
"../../../Engine/Content/EngineMaterials/Substrate/Glints2/dict_0005_0099.uasset" 7968
"../../../Engine/Content/EngineMaterials/Substrate/Glints2/dict_0005_0087.uasset" 7969
"../../../Engine/Content/EngineMaterials/Substrate/Glints2/dict_0005_0092.uasset" 7970
"../../../Engine/Content/EngineMaterials/Substrate/Glints2/dict_0005_0083.uasset" 7971
"../../../Engine/Content/EngineMaterials/Substrate/Glints2/dict_0005_0089.uasset" 7972
"/Engine/EngineMaterials/Substrate/Glints2/dict_0005_0095" 7973
"/Engine/EngineMaterials/Substrate/Glints2/dict_0005_0104" 7974
"/Engine/EngineMaterials/Substrate/Glints2/dict_0005_0105" 7975
"/Engine/EngineMaterials/Substrate/Glints2/dict_0005_0106" 7976
"/Engine/EngineMaterials/Substrate/Glints2/dict_0005_0107" 7977
"/Engine/EngineMaterials/Substrate/Glints2/dict_0005_0108" 7978
"/Engine/EngineMaterials/Substrate/Glints2/dict_0005_0109" 7979
"/Engine/EngineMaterials/Substrate/Glints2/dict_0005_0110" 7980
"/Engine/EngineMaterials/Substrate/Glints2/dict_0005_0111" 7981
"/Engine/EngineMaterials/Substrate/Glints2/dict_0005_0112" 7982
"/Engine/EngineMaterials/Substrate/Glints2/dict_0005_0097" 7983
"/Engine/EngineMaterials/Substrate/Glints2/dict_0005_0113" 7984
"/Engine/EngineMaterials/Substrate/Glints2/dict_0005_0100" 7985
"/Engine/EngineMaterials/Substrate/Glints2/dict_0005_0101" 7986
"/Engine/EngineMaterials/Substrate/Glints2/dict_0005_0116" 7987
"/Engine/EngineMaterials/Substrate/Glints2/dict_0005_0102" 7988
"/Engine/EngineMaterials/Substrate/Glints2/dict_0005_0103" 7989
"../../../Engine/Content/EngineMaterials/Substrate/Glints2/dict_0005_0082.uasset" 7990
"../../../Engine/Content/EngineMaterials/Substrate/Glints2/dict_0005_0079.uasset" 7991
"../../../Engine/Content/EngineMaterials/Substrate/Glints2/dict_0005_0078.uasset" 7992
"../../../Engine/Content/EngineMaterials/Substrate/Glints2/dict_0005_0076.uasset" 7993
"../../../Engine/Content/EngineMaterials/Substrate/Glints2/dict_0005_0075.uasset" 7994
"../../../Engine/Content/EngineMaterials/Substrate/Glints2/dict_0005_0074.uasset" 7995
"../../../Engine/Content/EngineMaterials/Substrate/Glints2/dict_0005_0073.uasset" 7996
"../../../Engine/Content/EngineMaterials/Substrate/Glints2/dict_0005_0081.uasset" 7997
"../../../Engine/Content/EngineMaterials/Substrate/Glints2/dict_0005_0069.uasset" 7998
"../../../Engine/Content/EngineMaterials/Substrate/Glints2/dict_0005_0067.uasset" 7999
"../../../Engine/Content/EngineMaterials/Substrate/Glints2/dict_0005_0065.uasset" 8000
"../../../Engine/Content/EngineMaterials/Substrate/Glints2/dict_0005_0068.uasset" 8001
"../../../Engine/Content/EngineMaterials/Substrate/Glints2/dict_0005_0072.uasset" 8002
"../../../Engine/Content/EngineMaterials/Substrate/Glints2/dict_0005_0066.uasset" 8003
"../../../Engine/Content/EngineMaterials/Substrate/Glints2/dict_0005_0070.uasset" 8004
"../../../Engine/Content/EngineMaterials/Substrate/Glints2/dict_0005_0071.uasset" 8005
"/Engine/EngineMaterials/Substrate/Glints2/dict_0005_0083" 8006
"../../../Engine/Content/EngineMaterials/Substrate/Glints2/dict_0005_0077.uasset" 8007
"../../../Engine/Content/EngineMaterials/Substrate/Glints2/dict_0005_0080.uasset" 8008
"/Engine/EngineMaterials/Substrate/Glints2/dict_0005_0084" 8009
"/Engine/EngineMaterials/Substrate/Glints2/dict_0005_0085" 8010
"/Engine/EngineMaterials/Substrate/Glints2/dict_0005_0086" 8011
"/Engine/EngineMaterials/Substrate/Glints2/dict_0005_0087" 8012
"/Engine/EngineMaterials/Substrate/Glints2/dict_0005_0088" 8013
"/Engine/EngineMaterials/Substrate/Glints2/dict_0005_0089" 8014
"/Engine/EngineMaterials/Substrate/Glints2/dict_0005_0091" 8015
"/Engine/EngineMaterials/Substrate/Glints2/dict_0005_0092" 8016
"/Engine/EngineMaterials/Substrate/Glints2/dict_0005_0093" 8017
"/Engine/EngineMaterials/Substrate/Glints2/dict_0005_0094" 8018
"/Engine/EngineMaterials/Substrate/Glints2/dict_0005_0096" 8019
"/Engine/EngineMaterials/Substrate/Glints2/dict_0005_0075" 8020
"/Engine/EngineMaterials/Substrate/Glints2/dict_0005_0076" 8021
"/Engine/EngineMaterials/Substrate/Glints2/dict_0005_0098" 8022
"/Engine/EngineMaterials/Substrate/Glints2/dict_0005_0099" 8023
"/Engine/EngineMaterials/Substrate/Glints2/dict_0005_0078" 8024
"/Engine/EngineMaterials/Substrate/Glints2/dict_0005_0079" 8025
"/Engine/EngineMaterials/Substrate/Glints2/dict_0005_0082" 8026
"../../../Engine/Content/EngineMaterials/Substrate/Glints2/dict_0005_0059.uasset" 8027
"../../../Engine/Content/EngineMaterials/Substrate/Glints2/dict_0005_0063.uasset" 8028
"../../../Engine/Content/EngineMaterials/Substrate/Glints2/dict_0005_0060.uasset" 8029
"../../../Engine/Content/EngineMaterials/Substrate/Glints2/dict_0005_0058.uasset" 8030
"../../../Engine/Content/EngineMaterials/Substrate/Glints2/dict_0005_0057.uasset" 8031
"../../../Engine/Content/EngineMaterials/Substrate/Glints2/dict_0005_0062.uasset" 8032
"../../../Engine/Content/EngineMaterials/Substrate/Glints2/dict_0005_0056.uasset" 8033
"../../../Engine/Content/EngineMaterials/Substrate/Glints2/dict_0005_0052.uasset" 8034
"../../../Engine/Content/EngineMaterials/Substrate/Glints2/dict_0005_0055.uasset" 8035
"../../../Engine/Content/EngineMaterials/Substrate/Glints2/dict_0005_0053.uasset" 8036
"../../../Engine/Content/EngineMaterials/Substrate/Glints2/dict_0005_0064.uasset" 8037
"../../../Engine/Content/EngineMaterials/Substrate/Glints2/dict_0005_0054.uasset" 8038
"../../../Engine/Content/EngineMaterials/Substrate/Glints2/dict_0005_0050.uasset" 8039
"../../../Engine/Content/EngineMaterials/Substrate/Glints2/dict_0005_0048.uasset" 8040
"../../../Engine/Content/EngineMaterials/Substrate/Glints2/dict_0005_0051.uasset" 8041
"/Engine/EngineMaterials/Substrate/Glints2/dict_0005_0065" 8042
"../../../Engine/Content/EngineMaterials/Substrate/Glints2/dict_0005_0047.uasset" 8043
"../../../Engine/Content/EngineMaterials/Substrate/Glints2/dict_0005_0061.uasset" 8044
"../../../Engine/Content/EngineMaterials/Substrate/Glints2/dict_0005_0046.uasset" 8045
"../../../Engine/Content/EngineMaterials/Substrate/Glints2/dict_0005_0049.uasset" 8046
"/Engine/EngineMaterials/Substrate/Glints2/dict_0005_0066" 8047
"/Engine/EngineMaterials/Substrate/Glints2/dict_0005_0067" 8048
"/Engine/EngineMaterials/Substrate/Glints2/dict_0005_0068" 8049
"/Engine/EngineMaterials/Substrate/Glints2/dict_0005_0069" 8050
"/Engine/EngineMaterials/Substrate/Glints2/dict_0005_0070" 8051
"/Engine/EngineMaterials/Substrate/Glints2/dict_0005_0071" 8052
"/Engine/EngineMaterials/Substrate/Glints2/dict_0005_0072" 8053
"/Engine/EngineMaterials/Substrate/Glints2/dict_0005_0073" 8054
"/Engine/EngineMaterials/Substrate/Glints2/dict_0005_0074" 8055
"/Engine/EngineMaterials/Substrate/Glints2/dict_0005_0058" 8056
"/Engine/EngineMaterials/Substrate/Glints2/dict_0005_0059" 8057
"/Engine/EngineMaterials/Substrate/Glints2/dict_0005_0060" 8058
"/Engine/EngineMaterials/Substrate/Glints2/dict_0005_0077" 8059
"/Engine/EngineMaterials/Substrate/Glints2/dict_0005_0063" 8060
"/Engine/EngineMaterials/Substrate/Glints2/dict_0005_0080" 8061
"/Engine/EngineMaterials/Substrate/Glints2/dict_0005_0081" 8062
"../../../Engine/Content/EngineMaterials/Substrate/Glints2/dict_0005_0042.uasset" 8063
"../../../Engine/Content/EngineMaterials/Substrate/Glints2/dict_0005_0041.uasset" 8064
"../../../Engine/Content/EngineMaterials/Substrate/Glints2/dict_0005_0038.uasset" 8065
"../../../Engine/Content/EngineMaterials/Substrate/Glints2/dict_0005_0033.uasset" 8066
"../../../Engine/Content/EngineMaterials/Substrate/Glints2/dict_0005_0045.uasset" 8067
"../../../Engine/Content/EngineMaterials/Substrate/Glints2/dict_0005_0031.uasset" 8068
"../../../Engine/Content/EngineMaterials/Substrate/Glints2/dict_0005_0040.uasset" 8069
"../../../Engine/Content/EngineMaterials/Substrate/Glints2/dict_0005_0034.uasset" 8070
"../../../Engine/Content/EngineMaterials/Substrate/Glints2/dict_0005_0032.uasset" 8071
"../../../Engine/Content/EngineMaterials/Substrate/Glints2/dict_0005_0035.uasset" 8072
"../../../Engine/Content/EngineMaterials/Substrate/Glints2/dict_0005_0043.uasset" 8073
"../../../Engine/Content/EngineMaterials/Substrate/Glints2/dict_0005_0036.uasset" 8074
"../../../Engine/Content/EngineMaterials/Substrate/Glints2/dict_0005_0044.uasset" 8075
"../../../Engine/Content/EngineMaterials/Substrate/Glints2/dict_0005_0029.uasset" 8076
"../../../Engine/Content/EngineMaterials/Substrate/Glints2/dict_0005_0039.uasset" 8077
"/Engine/EngineMaterials/Substrate/Glints2/dict_0005_0046" 8078
"../../../Engine/Content/EngineMaterials/Substrate/Glints2/dict_0005_0037.uasset" 8079
"../../../Engine/Content/EngineMaterials/Substrate/Glints2/dict_0005_0030.uasset" 8080
"/Engine/EngineMaterials/Substrate/Glints2/dict_0005_0047" 8081
"/Engine/EngineMaterials/Substrate/Glints2/dict_0005_0048" 8082
"/Engine/EngineMaterials/Substrate/Glints2/dict_0005_0049" 8083
"/Engine/EngineMaterials/Substrate/Glints2/dict_0005_0050" 8084
"/Engine/EngineMaterials/Substrate/Glints2/dict_0005_0051" 8085
"/Engine/EngineMaterials/Substrate/Glints2/dict_0005_0052" 8086
"/Engine/EngineMaterials/Substrate/Glints2/dict_0005_0053" 8087
"/Engine/EngineMaterials/Substrate/Glints2/dict_0005_0054" 8088
"/Engine/EngineMaterials/Substrate/Glints2/dict_0005_0055" 8089
"/Engine/EngineMaterials/Substrate/Glints2/dict_0005_0056" 8090
"/Engine/EngineMaterials/Substrate/Glints2/dict_0005_0057" 8091
"/Engine/EngineMaterials/Substrate/Glints2/dict_0005_0042" 8092
"/Engine/EngineMaterials/Substrate/Glints2/dict_0005_0061" 8093
"/Engine/EngineMaterials/Substrate/Glints2/dict_0005_0062" 8094
"/Engine/EngineMaterials/Substrate/Glints2/dict_0005_0064" 8095
"../../../Engine/Content/EngineMaterials/Substrate/Glints2/dict_0005_0025.uasset" 8096
"../../../Engine/Content/EngineMaterials/Substrate/Glints2/dict_0005_0022.uasset" 8097
"../../../Engine/Content/EngineMaterials/Substrate/Glints2/dict_0005_0021.uasset" 8098
"../../../Engine/Content/EngineMaterials/Substrate/Glints2/dict_0005_0027.uasset" 8099
"/Engine/EngineMaterials/Substrate/Glints2/dict_0005_0029" 8100
"../../../Engine/Content/EngineMaterials/Substrate/Glints2/dict_0005_0019.uasset" 8101
"../../../Engine/Content/EngineMaterials/Substrate/Glints2/dict_0005_0023.uasset" 8102
"../../../Engine/Content/EngineMaterials/Substrate/Glints2/dict_0005_0017.uasset" 8103
"../../../Engine/Content/EngineMaterials/Substrate/Glints2/dict_0005_0018.uasset" 8104
"../../../Engine/Content/EngineMaterials/Substrate/Glints2/dict_0005_0024.uasset" 8105
"../../../Engine/Content/EngineMaterials/Substrate/Glints2/dict_0005_0026.uasset" 8106
"../../../Engine/Content/EngineMaterials/Substrate/Glints2/dict_0005_0013.uasset" 8107
"../../../Engine/Content/EngineMaterials/Substrate/Glints2/dict_0005_0020.uasset" 8108
"../../../Engine/Content/EngineMaterials/Substrate/Glints2/dict_0005_0015.uasset" 8109
"../../../Engine/Content/EngineMaterials/Substrate/Glints2/dict_0005_0014.uasset" 8110
"../../../Engine/Content/EngineMaterials/Substrate/Glints2/dict_0005_0028.uasset" 8111
"../../../Engine/Content/EngineMaterials/Substrate/Glints2/dict_0005_0016.uasset" 8112
"/Engine/EngineMaterials/Substrate/Glints2/dict_0005_0030" 8113
"/Engine/EngineMaterials/Substrate/Glints2/dict_0005_0031" 8114
"/Engine/EngineMaterials/Substrate/Glints2/dict_0005_0032" 8115
"/Engine/EngineMaterials/Substrate/Glints2/dict_0005_0033" 8116
"/Engine/EngineMaterials/Substrate/Glints2/dict_0005_0034" 8117
"/Engine/EngineMaterials/Substrate/Glints2/dict_0005_0035" 8118
"/Engine/EngineMaterials/Substrate/Glints2/dict_0005_0036" 8119
"/Engine/EngineMaterials/Substrate/Glints2/dict_0005_0037" 8120
"/Engine/EngineMaterials/Substrate/Glints2/dict_0005_0038" 8121
"/Engine/EngineMaterials/Substrate/Glints2/dict_0005_0039" 8122
"/Engine/EngineMaterials/Substrate/Glints2/dict_0005_0040" 8123
"/Engine/EngineMaterials/Substrate/Glints2/dict_0005_0041" 8124
"/Engine/EngineMaterials/Substrate/Glints2/dict_0005_0043" 8125
"/Engine/EngineMaterials/Substrate/Glints2/dict_0005_0044" 8126
"/Engine/EngineMaterials/Substrate/Glints2/dict_0005_0045" 8127
"../../../Engine/Content/EngineMaterials/Substrate/Glints2/dict_0005_0010.uasset" 8128
"../../../Engine/Content/EngineMaterials/Substrate/Glints2/dict_0005_0011.uasset" 8129
"../../../Engine/Content/EngineMaterials/Substrate/Glints2/dict_0005_0008.uasset" 8130
"../../../Engine/Content/EngineMaterials/Substrate/Glints2/dict_0005_0006.uasset" 8131
"../../../Engine/Content/EngineMaterials/Substrate/Glints2/dict_0005_0009.uasset" 8132
"../../../Engine/Content/EngineMaterials/Substrate/Glints2/dict_0005_0012.uasset" 8133
"../../../Engine/Content/EngineMaterials/Substrate/Glints2/dict_0005_0003.uasset" 8134
"../../../Engine/Content/EngineMaterials/Substrate/Glints2/dict_0005_0004.uasset" 8135
"../../../Engine/Content/EngineMaterials/Substrate/Glints2/dict_0005_0002.uasset" 8136
"../../../Engine/Content/EngineMaterials/Substrate/Glints2/dict_0004_0255.uasset" 8137
"../../../Engine/Content/EngineMaterials/Substrate/Glints2/dict_0005_0001.uasset" 8138
"../../../Engine/Content/EngineMaterials/Substrate/Glints2/dict_0004_0254.uasset" 8139
"../../../Engine/Content/EngineMaterials/Substrate/Glints2/dict_0005_0005.uasset" 8140
"../../../Engine/Content/EngineMaterials/Substrate/Glints2/dict_0004_0253.uasset" 8141
"../../../Engine/Content/EngineMaterials/Substrate/Glints2/dict_0005_0007.uasset" 8142
"../../../Engine/Content/EngineMaterials/Substrate/Glints2/dict_0005_0000.uasset" 8143
"/Engine/EngineMaterials/Substrate/Glints2/dict_0005_0013" 8144
"/Engine/EngineMaterials/Substrate/Glints2/dict_0005_0014" 8145
"/Engine/EngineMaterials/Substrate/Glints2/dict_0005_0015" 8146
"/Engine/EngineMaterials/Substrate/Glints2/dict_0005_0016" 8147
"/Engine/EngineMaterials/Substrate/Glints2/dict_0005_0017" 8148
"/Engine/EngineMaterials/Substrate/Glints2/dict_0005_0018" 8149
"/Engine/EngineMaterials/Substrate/Glints2/dict_0005_0019" 8150
"/Engine/EngineMaterials/Substrate/Glints2/dict_0005_0020" 8151
"/Engine/EngineMaterials/Substrate/Glints2/dict_0005_0021" 8152
"/Engine/EngineMaterials/Substrate/Glints2/dict_0005_0022" 8153
"/Engine/EngineMaterials/Substrate/Glints2/dict_0005_0023" 8154
"/Engine/EngineMaterials/Substrate/Glints2/dict_0005_0024" 8155
"/Engine/EngineMaterials/Substrate/Glints2/dict_0005_0003" 8156
"/Engine/EngineMaterials/Substrate/Glints2/dict_0005_0004" 8157
"/Engine/EngineMaterials/Substrate/Glints2/dict_0005_0006" 8158
"/Engine/EngineMaterials/Substrate/Glints2/dict_0005_0008" 8159
"/Engine/EngineMaterials/Substrate/Glints2/dict_0005_0009" 8160
"/Engine/EngineMaterials/Substrate/Glints2/dict_0005_0025" 8161
"/Engine/EngineMaterials/Substrate/Glints2/dict_0005_0026" 8162
"/Engine/EngineMaterials/Substrate/Glints2/dict_0005_0027" 8163
"/Engine/EngineMaterials/Substrate/Glints2/dict_0005_0010" 8164
"/Engine/EngineMaterials/Substrate/Glints2/dict_0005_0011" 8165
"/Engine/EngineMaterials/Substrate/Glints2/dict_0005_0012" 8166
"/Engine/EngineMaterials/Substrate/Glints2/dict_0005_0028" 8167
"../../../Engine/Content/EngineMaterials/Substrate/Glints2/dict_0004_0251.uasset" 8168
"../../../Engine/Content/EngineMaterials/Substrate/Glints2/dict_0004_0245.uasset" 8169
"../../../Engine/Content/EngineMaterials/Substrate/Glints2/dict_0004_0243.uasset" 8170
"../../../Engine/Content/EngineMaterials/Substrate/Glints2/dict_0004_0249.uasset" 8171
"../../../Engine/Content/EngineMaterials/Substrate/Glints2/dict_0004_0252.uasset" 8172
"../../../Engine/Content/EngineMaterials/Substrate/Glints2/dict_0004_0242.uasset" 8173
"../../../Engine/Content/EngineMaterials/Substrate/Glints2/dict_0004_0248.uasset" 8174
"../../../Engine/Content/EngineMaterials/Substrate/Glints2/dict_0004_0247.uasset" 8175
"../../../Engine/Content/EngineMaterials/Substrate/Glints2/dict_0004_0250.uasset" 8176
"../../../Engine/Content/EngineMaterials/Substrate/Glints2/dict_0004_0246.uasset" 8177
"../../../Engine/Content/EngineMaterials/Substrate/Glints2/dict_0004_0239.uasset" 8178
"../../../Engine/Content/EngineMaterials/Substrate/Glints2/dict_0004_0240.uasset" 8179
"../../../Engine/Content/EngineMaterials/Substrate/Glints2/dict_0004_0241.uasset" 8180
"../../../Engine/Content/EngineMaterials/Substrate/Glints2/dict_0004_0237.uasset" 8181
"../../../Engine/Content/EngineMaterials/Substrate/Glints2/dict_0004_0244.uasset" 8182
"../../../Engine/Content/EngineMaterials/Substrate/Glints2/dict_0004_0238.uasset" 8183
"../../../Engine/Content/EngineMaterials/Substrate/Glints2/dict_0004_0234.uasset" 8184
"../../../Engine/Content/EngineMaterials/Substrate/Glints2/dict_0004_0236.uasset" 8185
"../../../Engine/Content/EngineMaterials/Substrate/Glints2/dict_0004_0233.uasset" 8186
"../../../Engine/Content/EngineMaterials/Substrate/Glints2/dict_0004_0232.uasset" 8187
"../../../Engine/Content/EngineMaterials/Substrate/Glints2/dict_0004_0230.uasset" 8188
"../../../Engine/Content/EngineMaterials/Substrate/Glints2/dict_0004_0235.uasset" 8189
"../../../Engine/Content/EngineMaterials/Substrate/Glints2/dict_0004_0231.uasset" 8190
"/Engine/EngineMaterials/Substrate/Glints2/dict_0004_0253" 8191
"../../../Engine/Content/EngineMaterials/Substrate/Glints2/dict_0004_0229.uasset" 8192
"/Engine/EngineMaterials/Substrate/Glints2/dict_0004_0254" 8193
"/Engine/EngineMaterials/Substrate/Glints2/dict_0004_0255" 8194
"/Engine/EngineMaterials/Substrate/Glints2/dict_0005_0000" 8195
"/Engine/EngineMaterials/Substrate/Glints2/dict_0005_0001" 8196
"/Engine/EngineMaterials/Substrate/Glints2/dict_0005_0002" 8197
"/Engine/EngineMaterials/Substrate/Glints2/dict_0004_0242" 8198
"/Engine/EngineMaterials/Substrate/Glints2/dict_0005_0005" 8199
"/Engine/EngineMaterials/Substrate/Glints2/dict_0004_0243" 8200
"/Engine/EngineMaterials/Substrate/Glints2/dict_0005_0007" 8201
"/Engine/EngineMaterials/Substrate/Glints2/dict_0004_0245" 8202
"/Engine/EngineMaterials/Substrate/Glints2/dict_0004_0246" 8203
"/Engine/EngineMaterials/Substrate/Glints2/dict_0004_0247" 8204
"/Engine/EngineMaterials/Substrate/Glints2/dict_0004_0248" 8205
"/Engine/EngineMaterials/Substrate/Glints2/dict_0004_0249" 8206
"/Engine/EngineMaterials/Substrate/Glints2/dict_0004_0250" 8207
"/Engine/EngineMaterials/Substrate/Glints2/dict_0004_0251" 8208
"/Engine/EngineMaterials/Substrate/Glints2/dict_0004_0252" 8209
"../../../Engine/Content/EngineMaterials/Substrate/Glints2/dict_0004_0226.uasset" 8210
"../../../Engine/Content/EngineMaterials/Substrate/Glints2/dict_0004_0222.uasset" 8211
"../../../Engine/Content/EngineMaterials/Substrate/Glints2/dict_0004_0225.uasset" 8212
"../../../Engine/Content/EngineMaterials/Substrate/Glints2/dict_0004_0223.uasset" 8213
"../../../Engine/Content/EngineMaterials/Substrate/Glints2/dict_0004_0224.uasset" 8214
"../../../Engine/Content/EngineMaterials/Substrate/Glints2/dict_0004_0228.uasset" 8215
"../../../Engine/Content/EngineMaterials/Substrate/Glints2/dict_0004_0218.uasset" 8216
"../../../Engine/Content/EngineMaterials/Substrate/Glints2/dict_0004_0220.uasset" 8217
"../../../Engine/Content/EngineMaterials/Substrate/Glints2/dict_0004_0221.uasset" 8218
"../../../Engine/Content/EngineMaterials/Substrate/Glints2/dict_0004_0214.uasset" 8219
"../../../Engine/Content/EngineMaterials/Substrate/Glints2/dict_0004_0216.uasset" 8220
"../../../Engine/Content/EngineMaterials/Substrate/Glints2/dict_0004_0217.uasset" 8221
"../../../Engine/Content/EngineMaterials/Substrate/Glints2/dict_0004_0213.uasset" 8222
"../../../Engine/Content/EngineMaterials/Substrate/Glints2/dict_0004_0219.uasset" 8223
"../../../Engine/Content/EngineMaterials/Substrate/Glints2/dict_0004_0227.uasset" 8224
"../../../Engine/Content/EngineMaterials/Substrate/Glints2/dict_0004_0215.uasset" 8225
"../../../Engine/Content/EngineMaterials/Substrate/Glints2/dict_0004_0211.uasset" 8226
"../../../Engine/Content/EngineMaterials/Substrate/Glints2/dict_0004_0212.uasset" 8227
"/Engine/EngineMaterials/Substrate/Glints2/dict_0004_0229" 8228
"/Engine/EngineMaterials/Substrate/Glints2/dict_0004_0230" 8229
"/Engine/EngineMaterials/Substrate/Glints2/dict_0004_0231" 8230
"/Engine/EngineMaterials/Substrate/Glints2/dict_0004_0232" 8231
"/Engine/EngineMaterials/Substrate/Glints2/dict_0004_0233" 8232
"/Engine/EngineMaterials/Substrate/Glints2/dict_0004_0234" 8233
"/Engine/EngineMaterials/Substrate/Glints2/dict_0004_0235" 8234
"/Engine/EngineMaterials/Substrate/Glints2/dict_0004_0236" 8235
"/Engine/EngineMaterials/Substrate/Glints2/dict_0004_0237" 8236
"/Engine/EngineMaterials/Substrate/Glints2/dict_0004_0238" 8237
"/Engine/EngineMaterials/Substrate/Glints2/dict_0004_0239" 8238
"/Engine/EngineMaterials/Substrate/Glints2/dict_0004_0240" 8239
"/Engine/EngineMaterials/Substrate/Glints2/dict_0004_0241" 8240
"/Engine/EngineMaterials/Substrate/Glints2/dict_0004_0220" 8241
"/Engine/EngineMaterials/Substrate/Glints2/dict_0004_0244" 8242
"/Engine/EngineMaterials/Substrate/Glints2/dict_0004_0221" 8243
"/Engine/EngineMaterials/Substrate/Glints2/dict_0004_0224" 8244
"/Engine/EngineMaterials/Substrate/Glints2/dict_0004_0225" 8245
"/Engine/EngineMaterials/Substrate/Glints2/dict_0004_0226" 8246
"/Engine/EngineMaterials/Substrate/Glints2/dict_0004_0228" 8247
"../../../Engine/Content/EngineMaterials/Substrate/Glints2/dict_0004_0209.uasset" 8248
"../../../Engine/Content/EngineMaterials/Substrate/Glints2/dict_0004_0208.uasset" 8249
"../../../Engine/Content/EngineMaterials/Substrate/Glints2/dict_0004_0203.uasset" 8250
"../../../Engine/Content/EngineMaterials/Substrate/Glints2/dict_0004_0206.uasset" 8251
"../../../Engine/Content/EngineMaterials/Substrate/Glints2/dict_0004_0201.uasset" 8252
"../../../Engine/Content/EngineMaterials/Substrate/Glints2/dict_0004_0205.uasset" 8253
"../../../Engine/Content/EngineMaterials/Substrate/Glints2/dict_0004_0204.uasset" 8254
"../../../Engine/Content/EngineMaterials/Substrate/Glints2/dict_0004_0199.uasset" 8255
"../../../Engine/Content/EngineMaterials/Substrate/Glints2/dict_0004_0207.uasset" 8256
"../../../Engine/Content/EngineMaterials/Substrate/Glints2/dict_0004_0198.uasset" 8257
"../../../Engine/Content/EngineMaterials/Substrate/Glints2/dict_0004_0196.uasset" 8258
"../../../Engine/Content/EngineMaterials/Substrate/Glints2/dict_0004_0197.uasset" 8259
"../../../Engine/Content/EngineMaterials/Substrate/Glints2/dict_0004_0202.uasset" 8260
"../../../Engine/Content/EngineMaterials/Substrate/Glints2/dict_0004_0200.uasset" 8261
"../../../Engine/Content/EngineMaterials/Substrate/Glints2/dict_0004_0191.uasset" 8262
"../../../Engine/Content/EngineMaterials/Substrate/Glints2/dict_0004_0195.uasset" 8263
"../../../Engine/Content/EngineMaterials/Substrate/Glints2/dict_0004_0194.uasset" 8264
"../../../Engine/Content/EngineMaterials/Substrate/Glints2/dict_0004_0193.uasset" 8265
"../../../Engine/Content/EngineMaterials/Substrate/Glints2/dict_0004_0192.uasset" 8266
"../../../Engine/Content/EngineMaterials/Substrate/Glints2/dict_0004_0210.uasset" 8267
"/Engine/EngineMaterials/Substrate/Glints2/dict_0004_0211" 8268
"/Engine/EngineMaterials/Substrate/Glints2/dict_0004_0199" 8269
"/Engine/EngineMaterials/Substrate/Glints2/dict_0004_0201" 8270
"/Engine/EngineMaterials/Substrate/Glints2/dict_0004_0212" 8271
"/Engine/EngineMaterials/Substrate/Glints2/dict_0004_0213" 8272
"/Engine/EngineMaterials/Substrate/Glints2/dict_0004_0214" 8273
"/Engine/EngineMaterials/Substrate/Glints2/dict_0004_0215" 8274
"/Engine/EngineMaterials/Substrate/Glints2/dict_0004_0216" 8275
"/Engine/EngineMaterials/Substrate/Glints2/dict_0004_0203" 8276
"/Engine/EngineMaterials/Substrate/Glints2/dict_0004_0217" 8277
"/Engine/EngineMaterials/Substrate/Glints2/dict_0004_0218" 8278
"/Engine/EngineMaterials/Substrate/Glints2/dict_0004_0219" 8279
"/Engine/EngineMaterials/Substrate/Glints2/dict_0004_0204" 8280
"/Engine/EngineMaterials/Substrate/Glints2/dict_0004_0205" 8281
"/Engine/EngineMaterials/Substrate/Glints2/dict_0004_0206" 8282
"/Engine/EngineMaterials/Substrate/Glints2/dict_0004_0222" 8283
"/Engine/EngineMaterials/Substrate/Glints2/dict_0004_0223" 8284
"/Engine/EngineMaterials/Substrate/Glints2/dict_0004_0208" 8285
"/Engine/EngineMaterials/Substrate/Glints2/dict_0004_0209" 8286
"/Engine/EngineMaterials/Substrate/Glints2/dict_0004_0227" 8287
"../../../Engine/Content/EngineMaterials/Substrate/Glints2/dict_0004_0188.uasset" 8288
"../../../Engine/Content/EngineMaterials/Substrate/Glints2/dict_0004_0190.uasset" 8289
"../../../Engine/Content/EngineMaterials/Substrate/Glints2/dict_0004_0184.uasset" 8290
"../../../Engine/Content/EngineMaterials/Substrate/Glints2/dict_0004_0183.uasset" 8291
"../../../Engine/Content/EngineMaterials/Substrate/Glints2/dict_0004_0179.uasset" 8292
"../../../Engine/Content/EngineMaterials/Substrate/Glints2/dict_0004_0187.uasset" 8293
"../../../Engine/Content/EngineMaterials/Substrate/Glints2/dict_0004_0182.uasset" 8294
"../../../Engine/Content/EngineMaterials/Substrate/Glints2/dict_0004_0186.uasset" 8295
"../../../Engine/Content/EngineMaterials/Substrate/Glints2/dict_0004_0177.uasset" 8296
"../../../Engine/Content/EngineMaterials/Substrate/Glints2/dict_0004_0178.uasset" 8297
"../../../Engine/Content/EngineMaterials/Substrate/Glints2/dict_0004_0173.uasset" 8298
"../../../Engine/Content/EngineMaterials/Substrate/Glints2/dict_0004_0172.uasset" 8299
"../../../Engine/Content/EngineMaterials/Substrate/Glints2/dict_0004_0181.uasset" 8300
"../../../Engine/Content/EngineMaterials/Substrate/Glints2/dict_0004_0189.uasset" 8301
"../../../Engine/Content/EngineMaterials/Substrate/Glints2/dict_0004_0171.uasset" 8302
"/Engine/EngineMaterials/Substrate/Glints2/dict_0004_0191" 8303
"../../../Engine/Content/EngineMaterials/Substrate/Glints2/dict_0004_0176.uasset" 8304
"../../../Engine/Content/EngineMaterials/Substrate/Glints2/dict_0004_0180.uasset" 8305
"../../../Engine/Content/EngineMaterials/Substrate/Glints2/dict_0004_0185.uasset" 8306
"../../../Engine/Content/EngineMaterials/Substrate/Glints2/dict_0004_0174.uasset" 8307
"../../../Engine/Content/EngineMaterials/Substrate/Glints2/dict_0004_0175.uasset" 8308
"/Engine/EngineMaterials/Substrate/Glints2/dict_0004_0192" 8309
"/Engine/EngineMaterials/Substrate/Glints2/dict_0004_0193" 8310
"/Engine/EngineMaterials/Substrate/Glints2/dict_0004_0194" 8311
"/Engine/EngineMaterials/Substrate/Glints2/dict_0004_0195" 8312
"/Engine/EngineMaterials/Substrate/Glints2/dict_0004_0196" 8313
"/Engine/EngineMaterials/Substrate/Glints2/dict_0004_0197" 8314
"/Engine/EngineMaterials/Substrate/Glints2/dict_0004_0198" 8315
"/Engine/EngineMaterials/Substrate/Glints2/dict_0004_0200" 8316
"/Engine/EngineMaterials/Substrate/Glints2/dict_0004_0202" 8317
"/Engine/EngineMaterials/Substrate/Glints2/dict_0004_0179" 8318
"/Engine/EngineMaterials/Substrate/Glints2/dict_0004_0182" 8319
"/Engine/EngineMaterials/Substrate/Glints2/dict_0004_0183" 8320
"/Engine/EngineMaterials/Substrate/Glints2/dict_0004_0184" 8321
"/Engine/EngineMaterials/Substrate/Glints2/dict_0004_0187" 8322
"/Engine/EngineMaterials/Substrate/Glints2/dict_0004_0207" 8323
"/Engine/EngineMaterials/Substrate/Glints2/dict_0004_0188" 8324
"/Engine/EngineMaterials/Substrate/Glints2/dict_0004_0190" 8325
"/Engine/EngineMaterials/Substrate/Glints2/dict_0004_0210" 8326
"../../../Engine/Content/EngineMaterials/Substrate/Glints2/dict_0004_0170.uasset" 8327
"../../../Engine/Content/EngineMaterials/Substrate/Glints2/dict_0004_0163.uasset" 8328
"../../../Engine/Content/EngineMaterials/Substrate/Glints2/dict_0004_0169.uasset" 8329
"../../../Engine/Content/EngineMaterials/Substrate/Glints2/dict_0004_0161.uasset" 8330
"../../../Engine/Content/EngineMaterials/Substrate/Glints2/dict_0004_0168.uasset" 8331
"../../../Engine/Content/EngineMaterials/Substrate/Glints2/dict_0004_0166.uasset" 8332
"../../../Engine/Content/EngineMaterials/Substrate/Glints2/dict_0004_0164.uasset" 8333
"../../../Engine/Content/EngineMaterials/Substrate/Glints2/dict_0004_0165.uasset" 8334
"../../../Engine/Content/EngineMaterials/Substrate/Glints2/dict_0004_0162.uasset" 8335
"../../../Engine/Content/EngineMaterials/Substrate/Glints2/dict_0004_0160.uasset" 8336
"../../../Engine/Content/EngineMaterials/Substrate/Glints2/dict_0004_0158.uasset" 8337
"/Engine/EngineMaterials/Substrate/Glints2/dict_0004_0171" 8338
"../../../Engine/Content/EngineMaterials/Substrate/Glints2/dict_0004_0167.uasset" 8339
"../../../Engine/Content/EngineMaterials/Substrate/Glints2/dict_0004_0157.uasset" 8340
"../../../Engine/Content/EngineMaterials/Substrate/Glints2/dict_0004_0153.uasset" 8341
"../../../Engine/Content/EngineMaterials/Substrate/Glints2/dict_0004_0152.uasset" 8342
"../../../Engine/Content/EngineMaterials/Substrate/Glints2/dict_0004_0156.uasset" 8343
"../../../Engine/Content/EngineMaterials/Substrate/Glints2/dict_0004_0159.uasset" 8344
"../../../Engine/Content/EngineMaterials/Substrate/Glints2/dict_0004_0155.uasset" 8345
"../../../Engine/Content/EngineMaterials/Substrate/Glints2/dict_0004_0154.uasset" 8346
"/Engine/EngineMaterials/Substrate/Glints2/dict_0004_0172" 8347
"/Engine/EngineMaterials/Substrate/Glints2/dict_0004_0173" 8348
"/Engine/EngineMaterials/Substrate/Glints2/dict_0004_0174" 8349
"/Engine/EngineMaterials/Substrate/Glints2/dict_0004_0175" 8350
"/Engine/EngineMaterials/Substrate/Glints2/dict_0004_0176" 8351
"/Engine/EngineMaterials/Substrate/Glints2/dict_0004_0177" 8352
"/Engine/EngineMaterials/Substrate/Glints2/dict_0004_0178" 8353
"/Engine/EngineMaterials/Substrate/Glints2/dict_0004_0180" 8354
"/Engine/EngineMaterials/Substrate/Glints2/dict_0004_0181" 8355
"/Engine/EngineMaterials/Substrate/Glints2/dict_0004_0163" 8356
"/Engine/EngineMaterials/Substrate/Glints2/dict_0004_0185" 8357
"/Engine/EngineMaterials/Substrate/Glints2/dict_0004_0186" 8358
"/Engine/EngineMaterials/Substrate/Glints2/dict_0004_0189" 8359
"/Engine/EngineMaterials/Substrate/Glints2/dict_0004_0170" 8360
"../../../Engine/Content/EngineMaterials/Substrate/Glints2/dict_0004_0150.uasset" 8361
"../../../Engine/Content/EngineMaterials/Substrate/Glints2/dict_0004_0151.uasset" 8362
"../../../Engine/Content/EngineMaterials/Substrate/Glints2/dict_0004_0149.uasset" 8363
"../../../Engine/Content/EngineMaterials/Substrate/Glints2/dict_0004_0146.uasset" 8364
"../../../Engine/Content/EngineMaterials/Substrate/Glints2/dict_0004_0143.uasset" 8365
"../../../Engine/Content/EngineMaterials/Substrate/Glints2/dict_0004_0145.uasset" 8366
"../../../Engine/Content/EngineMaterials/Substrate/Glints2/dict_0004_0148.uasset" 8367
"../../../Engine/Content/EngineMaterials/Substrate/Glints2/dict_0004_0141.uasset" 8368
"../../../Engine/Content/EngineMaterials/Substrate/Glints2/dict_0004_0142.uasset" 8369
"../../../Engine/Content/EngineMaterials/Substrate/Glints2/dict_0004_0139.uasset" 8370
"../../../Engine/Content/EngineMaterials/Substrate/Glints2/dict_0004_0144.uasset" 8371
"../../../Engine/Content/EngineMaterials/Substrate/Glints2/dict_0004_0137.uasset" 8372
"../../../Engine/Content/EngineMaterials/Substrate/Glints2/dict_0004_0140.uasset" 8373
"../../../Engine/Content/EngineMaterials/Substrate/Glints2/dict_0004_0138.uasset" 8374
"../../../Engine/Content/EngineMaterials/Substrate/Glints2/dict_0004_0147.uasset" 8375
"/Engine/EngineMaterials/Substrate/Glints2/dict_0004_0152" 8376
"/Engine/EngineMaterials/Substrate/Glints2/dict_0004_0153" 8377
"/Engine/EngineMaterials/Substrate/Glints2/dict_0004_0154" 8378
"/Engine/EngineMaterials/Substrate/Glints2/dict_0004_0155" 8379
"/Engine/EngineMaterials/Substrate/Glints2/dict_0004_0156" 8380
"/Engine/EngineMaterials/Substrate/Glints2/dict_0004_0157" 8381
"/Engine/EngineMaterials/Substrate/Glints2/dict_0004_0158" 8382
"/Engine/EngineMaterials/Substrate/Glints2/dict_0004_0159" 8383
"/Engine/EngineMaterials/Substrate/Glints2/dict_0004_0160" 8384
"/Engine/EngineMaterials/Substrate/Glints2/dict_0004_0161" 8385
"/Engine/EngineMaterials/Substrate/Glints2/dict_0004_0162" 8386
"/Engine/EngineMaterials/Substrate/Glints2/dict_0004_0146" 8387
"/Engine/EngineMaterials/Substrate/Glints2/dict_0004_0164" 8388
"/Engine/EngineMaterials/Substrate/Glints2/dict_0004_0165" 8389
"/Engine/EngineMaterials/Substrate/Glints2/dict_0004_0149" 8390
"/Engine/EngineMaterials/Substrate/Glints2/dict_0004_0166" 8391
"/Engine/EngineMaterials/Substrate/Glints2/dict_0004_0167" 8392
"/Engine/EngineMaterials/Substrate/Glints2/dict_0004_0168" 8393
"/Engine/EngineMaterials/Substrate/Glints2/dict_0004_0150" 8394
"/Engine/EngineMaterials/Substrate/Glints2/dict_0004_0169" 8395
"/Engine/EngineMaterials/Substrate/Glints2/dict_0004_0151" 8396
"../../../Engine/Content/EngineMaterials/Substrate/Glints2/dict_0004_0133.uasset" 8397
"../../../Engine/Content/EngineMaterials/Substrate/Glints2/dict_0004_0136.uasset" 8398
"../../../Engine/Content/EngineMaterials/Substrate/Glints2/dict_0004_0129.uasset" 8399
"../../../Engine/Content/EngineMaterials/Substrate/Glints2/dict_0004_0130.uasset" 8400
"../../../Engine/Content/EngineMaterials/Substrate/Glints2/dict_0004_0134.uasset" 8401
"../../../Engine/Content/EngineMaterials/Substrate/Glints2/dict_0004_0132.uasset" 8402
"../../../Engine/Content/EngineMaterials/Substrate/Glints2/dict_0004_0127.uasset" 8403
"../../../Engine/Content/EngineMaterials/Substrate/Glints2/dict_0004_0131.uasset" 8404
"../../../Engine/Content/EngineMaterials/Substrate/Glints2/dict_0004_0124.uasset" 8405
"../../../Engine/Content/EngineMaterials/Substrate/Glints2/dict_0004_0123.uasset" 8406
"../../../Engine/Content/EngineMaterials/Substrate/Glints2/dict_0004_0122.uasset" 8407
"../../../Engine/Content/EngineMaterials/Substrate/Glints2/dict_0004_0126.uasset" 8408
"../../../Engine/Content/EngineMaterials/Substrate/Glints2/dict_0004_0135.uasset" 8409
"../../../Engine/Content/EngineMaterials/Substrate/Glints2/dict_0004_0119.uasset" 8410
"../../../Engine/Content/EngineMaterials/Substrate/Glints2/dict_0004_0120.uasset" 8411
"../../../Engine/Content/EngineMaterials/Substrate/Glints2/dict_0004_0117.uasset" 8412
"../../../Engine/Content/EngineMaterials/Substrate/Glints2/dict_0004_0121.uasset" 8413
"../../../Engine/Content/EngineMaterials/Substrate/Glints2/dict_0004_0118.uasset" 8414
"/Engine/EngineMaterials/Substrate/Glints2/dict_0004_0137" 8415
"../../../Engine/Content/EngineMaterials/Substrate/Glints2/dict_0004_0125.uasset" 8416
"../../../Engine/Content/EngineMaterials/Substrate/Glints2/dict_0004_0128.uasset" 8417
"../../../Engine/Content/EngineMaterials/Substrate/Glints2/dict_0004_0116.uasset" 8418
"/Engine/EngineMaterials/Substrate/Glints2/dict_0004_0138" 8419
"/Engine/EngineMaterials/Substrate/Glints2/dict_0004_0139" 8420
"/Engine/EngineMaterials/Substrate/Glints2/dict_0004_0140" 8421
"/Engine/EngineMaterials/Substrate/Glints2/dict_0004_0141" 8422
"/Engine/EngineMaterials/Substrate/Glints2/dict_0004_0142" 8423
"/Engine/EngineMaterials/Substrate/Glints2/dict_0004_0143" 8424
"/Engine/EngineMaterials/Substrate/Glints2/dict_0004_0144" 8425
"/Engine/EngineMaterials/Substrate/Glints2/dict_0004_0145" 8426
"/Engine/EngineMaterials/Substrate/Glints2/dict_0004_0147" 8427
"/Engine/EngineMaterials/Substrate/Glints2/dict_0004_0148" 8428
"/Engine/EngineMaterials/Substrate/Glints2/dict_0004_0133" 8429
"/Engine/EngineMaterials/Substrate/Glints2/dict_0004_0134" 8430
"/Engine/EngineMaterials/Substrate/Glints2/dict_0004_0136" 8431
"../../../Engine/Content/EngineMaterials/Substrate/Glints2/dict_0004_0115.uasset" 8432
"../../../Engine/Content/EngineMaterials/Substrate/Glints2/dict_0004_0114.uasset" 8433
"../../../Engine/Content/EngineMaterials/Substrate/Glints2/dict_0004_0113.uasset" 8434
"../../../Engine/Content/EngineMaterials/Substrate/Glints2/dict_0004_0112.uasset" 8435
"../../../Engine/Content/EngineMaterials/Substrate/Glints2/dict_0004_0110.uasset" 8436
"../../../Engine/Content/EngineMaterials/Substrate/Glints2/dict_0004_0111.uasset" 8437
"../../../Engine/Content/EngineMaterials/Substrate/Glints2/dict_0004_0105.uasset" 8438
"../../../Engine/Content/EngineMaterials/Substrate/Glints2/dict_0004_0103.uasset" 8439
"../../../Engine/Content/EngineMaterials/Substrate/Glints2/dict_0004_0107.uasset" 8440
"../../../Engine/Content/EngineMaterials/Substrate/Glints2/dict_0004_0102.uasset" 8441
"/Engine/EngineMaterials/Substrate/Glints2/dict_0004_0116" 8442
"../../../Engine/Content/EngineMaterials/Substrate/Glints2/dict_0004_0109.uasset" 8443
"../../../Engine/Content/EngineMaterials/Substrate/Glints2/dict_0004_0108.uasset" 8444
"../../../Engine/Content/EngineMaterials/Substrate/Glints2/dict_0004_0106.uasset" 8445
"../../../Engine/Content/EngineMaterials/Substrate/Glints2/dict_0004_0104.uasset" 8446
"/Engine/EngineMaterials/Substrate/Glints2/dict_0004_0117" 8447
"/Engine/EngineMaterials/Substrate/Glints2/dict_0004_0118" 8448
"/Engine/EngineMaterials/Substrate/Glints2/dict_0004_0119" 8449
"/Engine/EngineMaterials/Substrate/Glints2/dict_0004_0120" 8450
"/Engine/EngineMaterials/Substrate/Glints2/dict_0004_0121" 8451
"/Engine/EngineMaterials/Substrate/Glints2/dict_0004_0122" 8452
"/Engine/EngineMaterials/Substrate/Glints2/dict_0004_0123" 8453
"/Engine/EngineMaterials/Substrate/Glints2/dict_0004_0124" 8454
"/Engine/EngineMaterials/Substrate/Glints2/dict_0004_0125" 8455
"/Engine/EngineMaterials/Substrate/Glints2/dict_0004_0126" 8456
"/Engine/EngineMaterials/Substrate/Glints2/dict_0004_0127" 8457
"/Engine/EngineMaterials/Substrate/Glints2/dict_0004_0128" 8458
"/Engine/EngineMaterials/Substrate/Glints2/dict_0004_0129" 8459
"/Engine/EngineMaterials/Substrate/Glints2/dict_0004_0112" 8460
"/Engine/EngineMaterials/Substrate/Glints2/dict_0004_0130" 8461
"/Engine/EngineMaterials/Substrate/Glints2/dict_0004_0131" 8462
"/Engine/EngineMaterials/Substrate/Glints2/dict_0004_0132" 8463
"/Engine/EngineMaterials/Substrate/Glints2/dict_0004_0114" 8464
"/Engine/EngineMaterials/Substrate/Glints2/dict_0004_0135" 8465
"/Engine/EngineMaterials/Substrate/Glints2/dict_0004_0115" 8466
"../../../Engine/Content/EngineMaterials/Substrate/Glints2/dict_0004_0100.uasset" 8467
"../../../Engine/Content/EngineMaterials/Substrate/Glints2/dict_0004_0094.uasset" 8468
"../../../Engine/Content/EngineMaterials/Substrate/Glints2/dict_0004_0098.uasset" 8469
"../../../Engine/Content/EngineMaterials/Substrate/Glints2/dict_0004_0101.uasset" 8470
"../../../Engine/Content/EngineMaterials/Substrate/Glints2/dict_0004_0095.uasset" 8471
"../../../Engine/Content/EngineMaterials/Substrate/Glints2/dict_0004_0091.uasset" 8472
"../../../Engine/Content/EngineMaterials/Substrate/Glints2/dict_0004_0092.uasset" 8473
"../../../Engine/Content/EngineMaterials/Substrate/Glints2/dict_0004_0097.uasset" 8474
"../../../Engine/Content/EngineMaterials/Substrate/Glints2/dict_0004_0096.uasset" 8475
"../../../Engine/Content/EngineMaterials/Substrate/Glints2/dict_0004_0087.uasset" 8476
"../../../Engine/Content/EngineMaterials/Substrate/Glints2/dict_0004_0090.uasset" 8477
"../../../Engine/Content/EngineMaterials/Substrate/Glints2/dict_0004_0086.uasset" 8478
"../../../Engine/Content/EngineMaterials/Substrate/Glints2/dict_0004_0088.uasset" 8479
"../../../Engine/Content/EngineMaterials/Substrate/Glints2/dict_0004_0084.uasset" 8480
"../../../Engine/Content/EngineMaterials/Substrate/Glints2/dict_0004_0099.uasset" 8481
"../../../Engine/Content/EngineMaterials/Substrate/Glints2/dict_0004_0085.uasset" 8482
"../../../Engine/Content/EngineMaterials/Substrate/Glints2/dict_0004_0083.uasset" 8483
"../../../Engine/Content/EngineMaterials/Substrate/Glints2/dict_0004_0081.uasset" 8484
"../../../Engine/Content/EngineMaterials/Substrate/Glints2/dict_0004_0093.uasset" 8485
"../../../Engine/Content/EngineMaterials/Substrate/Glints2/dict_0004_0089.uasset" 8486
"../../../Engine/Content/EngineMaterials/Substrate/Glints2/dict_0004_0082.uasset" 8487
"/Engine/EngineMaterials/Substrate/Glints2/dict_0004_0102" 8488
"/Engine/EngineMaterials/Substrate/Glints2/dict_0004_0103" 8489
"/Engine/EngineMaterials/Substrate/Glints2/dict_0004_0104" 8490
"/Engine/EngineMaterials/Substrate/Glints2/dict_0004_0105" 8491
"/Engine/EngineMaterials/Substrate/Glints2/dict_0004_0106" 8492
"/Engine/EngineMaterials/Substrate/Glints2/dict_0004_0107" 8493
"/Engine/EngineMaterials/Substrate/Glints2/dict_0004_0108" 8494
"/Engine/EngineMaterials/Substrate/Glints2/dict_0004_0109" 8495
"/Engine/EngineMaterials/Substrate/Glints2/dict_0004_0091" 8496
"/Engine/EngineMaterials/Substrate/Glints2/dict_0004_0110" 8497
"/Engine/EngineMaterials/Substrate/Glints2/dict_0004_0111" 8498
"/Engine/EngineMaterials/Substrate/Glints2/dict_0004_0094" 8499
"/Engine/EngineMaterials/Substrate/Glints2/dict_0004_0098" 8500
"/Engine/EngineMaterials/Substrate/Glints2/dict_0004_0113" 8501
"/Engine/EngineMaterials/Substrate/Glints2/dict_0004_0100" 8502
"/Engine/EngineMaterials/Substrate/Glints2/dict_0004_0101" 8503
"../../../Engine/Content/EngineMaterials/Substrate/Glints2/dict_0004_0077.uasset" 8504
"../../../Engine/Content/EngineMaterials/Substrate/Glints2/dict_0004_0078.uasset" 8505
"../../../Engine/Content/EngineMaterials/Substrate/Glints2/dict_0004_0079.uasset" 8506
"../../../Engine/Content/EngineMaterials/Substrate/Glints2/dict_0004_0076.uasset" 8507
"../../../Engine/Content/EngineMaterials/Substrate/Glints2/dict_0004_0072.uasset" 8508
"../../../Engine/Content/EngineMaterials/Substrate/Glints2/dict_0004_0074.uasset" 8509
"../../../Engine/Content/EngineMaterials/Substrate/Glints2/dict_0004_0073.uasset" 8510
"../../../Engine/Content/EngineMaterials/Substrate/Glints2/dict_0004_0080.uasset" 8511
"../../../Engine/Content/EngineMaterials/Substrate/Glints2/dict_0004_0070.uasset" 8512
"../../../Engine/Content/EngineMaterials/Substrate/Glints2/dict_0004_0066.uasset" 8513
"../../../Engine/Content/EngineMaterials/Substrate/Glints2/dict_0004_0071.uasset" 8514
"../../../Engine/Content/EngineMaterials/Substrate/Glints2/dict_0004_0069.uasset" 8515
"/Engine/EngineMaterials/Substrate/Glints2/dict_0004_0081" 8516
"../../../Engine/Content/EngineMaterials/Substrate/Glints2/dict_0004_0075.uasset" 8517
"../../../Engine/Content/EngineMaterials/Substrate/Glints2/dict_0004_0065.uasset" 8518
"../../../Engine/Content/EngineMaterials/Substrate/Glints2/dict_0004_0068.uasset" 8519
"../../../Engine/Content/EngineMaterials/Substrate/Glints2/dict_0004_0067.uasset" 8520
"/Engine/EngineMaterials/Substrate/Glints2/dict_0004_0082" 8521
"/Engine/EngineMaterials/Substrate/Glints2/dict_0004_0083" 8522
"/Engine/EngineMaterials/Substrate/Glints2/dict_0004_0084" 8523
"/Engine/EngineMaterials/Substrate/Glints2/dict_0004_0085" 8524
"/Engine/EngineMaterials/Substrate/Glints2/dict_0004_0086" 8525
"/Engine/EngineMaterials/Substrate/Glints2/dict_0004_0087" 8526
"/Engine/EngineMaterials/Substrate/Glints2/dict_0004_0088" 8527
"/Engine/EngineMaterials/Substrate/Glints2/dict_0004_0089" 8528
"/Engine/EngineMaterials/Substrate/Glints2/dict_0004_0090" 8529
"/Engine/EngineMaterials/Substrate/Glints2/dict_0004_0092" 8530
"/Engine/EngineMaterials/Substrate/Glints2/dict_0004_0093" 8531
"/Engine/EngineMaterials/Substrate/Glints2/dict_0004_0076" 8532
"/Engine/EngineMaterials/Substrate/Glints2/dict_0004_0095" 8533
"/Engine/EngineMaterials/Substrate/Glints2/dict_0004_0096" 8534
"/Engine/EngineMaterials/Substrate/Glints2/dict_0004_0097" 8535
"/Engine/EngineMaterials/Substrate/Glints2/dict_0004_0077" 8536
"/Engine/EngineMaterials/Substrate/Glints2/dict_0004_0078" 8537
"/Engine/EngineMaterials/Substrate/Glints2/dict_0004_0099" 8538
"/Engine/EngineMaterials/Substrate/Glints2/dict_0004_0079" 8539
"../../../Engine/Content/EngineMaterials/Substrate/Glints2/dict_0004_0060.uasset" 8540
"../../../Engine/Content/EngineMaterials/Substrate/Glints2/dict_0004_0064.uasset" 8541
"../../../Engine/Content/EngineMaterials/Substrate/Glints2/dict_0004_0063.uasset" 8542
"../../../Engine/Content/EngineMaterials/Substrate/Glints2/dict_0004_0061.uasset" 8543
"../../../Engine/Content/EngineMaterials/Substrate/Glints2/dict_0004_0062.uasset" 8544
"../../../Engine/Content/EngineMaterials/Substrate/Glints2/dict_0004_0057.uasset" 8545
"../../../Engine/Content/EngineMaterials/Substrate/Glints2/dict_0004_0056.uasset" 8546
"../../../Engine/Content/EngineMaterials/Substrate/Glints2/dict_0004_0059.uasset" 8547
"../../../Engine/Content/EngineMaterials/Substrate/Glints2/dict_0004_0058.uasset" 8548
"../../../Engine/Content/EngineMaterials/Substrate/Glints2/dict_0004_0048.uasset" 8549
"../../../Engine/Content/EngineMaterials/Substrate/Glints2/dict_0004_0047.uasset" 8550
"../../../Engine/Content/EngineMaterials/Substrate/Glints2/dict_0004_0053.uasset" 8551
"../../../Engine/Content/EngineMaterials/Substrate/Glints2/dict_0004_0049.uasset" 8552
"../../../Engine/Content/EngineMaterials/Substrate/Glints2/dict_0004_0051.uasset" 8553
"../../../Engine/Content/EngineMaterials/Substrate/Glints2/dict_0004_0052.uasset" 8554
"../../../Engine/Content/EngineMaterials/Substrate/Glints2/dict_0004_0054.uasset" 8555
"../../../Engine/Content/EngineMaterials/Substrate/Glints2/dict_0004_0055.uasset" 8556
"../../../Engine/Content/EngineMaterials/Substrate/Glints2/dict_0004_0046.uasset" 8557
"../../../Engine/Content/EngineMaterials/Substrate/Glints2/dict_0004_0045.uasset" 8558
"/Engine/EngineMaterials/Substrate/Glints2/dict_0004_0065" 8559
"../../../Engine/Content/EngineMaterials/Substrate/Glints2/dict_0004_0050.uasset" 8560
"/Engine/EngineMaterials/Substrate/Glints2/dict_0004_0066" 8561
"/Engine/EngineMaterials/Substrate/Glints2/dict_0004_0067" 8562
"/Engine/EngineMaterials/Substrate/Glints2/dict_0004_0068" 8563
"/Engine/EngineMaterials/Substrate/Glints2/dict_0004_0069" 8564
"/Engine/EngineMaterials/Substrate/Glints2/dict_0004_0070" 8565
"/Engine/EngineMaterials/Substrate/Glints2/dict_0004_0071" 8566
"/Engine/EngineMaterials/Substrate/Glints2/dict_0004_0072" 8567
"/Engine/EngineMaterials/Substrate/Glints2/dict_0004_0073" 8568
"/Engine/EngineMaterials/Substrate/Glints2/dict_0004_0074" 8569
"/Engine/EngineMaterials/Substrate/Glints2/dict_0004_0075" 8570
"/Engine/EngineMaterials/Substrate/Glints2/dict_0004_0056" 8571
"/Engine/EngineMaterials/Substrate/Glints2/dict_0004_0057" 8572
"/Engine/EngineMaterials/Substrate/Glints2/dict_0004_0060" 8573
"/Engine/EngineMaterials/Substrate/Glints2/dict_0004_0061" 8574
"/Engine/EngineMaterials/Substrate/Glints2/dict_0004_0062" 8575
"/Engine/EngineMaterials/Substrate/Glints2/dict_0004_0063" 8576
"/Engine/EngineMaterials/Substrate/Glints2/dict_0004_0064" 8577
"/Engine/EngineMaterials/Substrate/Glints2/dict_0004_0080" 8578
"../../../Engine/Content/EngineMaterials/Substrate/Glints2/dict_0004_0042.uasset" 8579
"../../../Engine/Content/EngineMaterials/Substrate/Glints2/dict_0004_0044.uasset" 8580
"../../../Engine/Content/EngineMaterials/Substrate/Glints2/dict_0004_0043.uasset" 8581
"../../../Engine/Content/EngineMaterials/Substrate/Glints2/dict_0004_0040.uasset" 8582
"../../../Engine/Content/EngineMaterials/Substrate/Glints2/dict_0004_0037.uasset" 8583
"../../../Engine/Content/EngineMaterials/Substrate/Glints2/dict_0004_0035.uasset" 8584
"../../../Engine/Content/EngineMaterials/Substrate/Glints2/dict_0004_0039.uasset" 8585
"../../../Engine/Content/EngineMaterials/Substrate/Glints2/dict_0004_0031.uasset" 8586
"../../../Engine/Content/EngineMaterials/Substrate/Glints2/dict_0004_0030.uasset" 8587
"../../../Engine/Content/EngineMaterials/Substrate/Glints2/dict_0004_0034.uasset" 8588
"../../../Engine/Content/EngineMaterials/Substrate/Glints2/dict_0004_0032.uasset" 8589
"../../../Engine/Content/EngineMaterials/Substrate/Glints2/dict_0004_0038.uasset" 8590
"../../../Engine/Content/EngineMaterials/Substrate/Glints2/dict_0004_0036.uasset" 8591
"../../../Engine/Content/EngineMaterials/Substrate/Glints2/dict_0004_0027.uasset" 8592
"../../../Engine/Content/EngineMaterials/Substrate/Glints2/dict_0004_0033.uasset" 8593
"../../../Engine/Content/EngineMaterials/Substrate/Glints2/dict_0004_0041.uasset" 8594
"/Engine/EngineMaterials/Substrate/Glints2/dict_0004_0045" 8595
"../../../Engine/Content/EngineMaterials/Substrate/Glints2/dict_0004_0026.uasset" 8596
"../../../Engine/Content/EngineMaterials/Substrate/Glints2/dict_0004_0028.uasset" 8597
"../../../Engine/Content/EngineMaterials/Substrate/Glints2/dict_0004_0029.uasset" 8598
"/Engine/EngineMaterials/Substrate/Glints2/dict_0004_0046" 8599
"/Engine/EngineMaterials/Substrate/Glints2/dict_0004_0047" 8600
"/Engine/EngineMaterials/Substrate/Glints2/dict_0004_0048" 8601
"/Engine/EngineMaterials/Substrate/Glints2/dict_0004_0049" 8602
"/Engine/EngineMaterials/Substrate/Glints2/dict_0004_0050" 8603
"/Engine/EngineMaterials/Substrate/Glints2/dict_0004_0051" 8604
"/Engine/EngineMaterials/Substrate/Glints2/dict_0004_0052" 8605
"/Engine/EngineMaterials/Substrate/Glints2/dict_0004_0053" 8606
"/Engine/EngineMaterials/Substrate/Glints2/dict_0004_0054" 8607
"/Engine/EngineMaterials/Substrate/Glints2/dict_0004_0035" 8608
"/Engine/EngineMaterials/Substrate/Glints2/dict_0004_0055" 8609
"/Engine/EngineMaterials/Substrate/Glints2/dict_0004_0037" 8610
"/Engine/EngineMaterials/Substrate/Glints2/dict_0004_0058" 8611
"/Engine/EngineMaterials/Substrate/Glints2/dict_0004_0059" 8612
"/Engine/EngineMaterials/Substrate/Glints2/dict_0004_0039" 8613
"/Engine/EngineMaterials/Substrate/Glints2/dict_0004_0040" 8614
"/Engine/EngineMaterials/Substrate/Glints2/dict_0004_0042" 8615
"/Engine/EngineMaterials/Substrate/Glints2/dict_0004_0043" 8616
"/Engine/EngineMaterials/Substrate/Glints2/dict_0004_0044" 8617
"../../../Engine/Content/EngineMaterials/Substrate/Glints2/dict_0004_0024.uasset" 8618
"../../../Engine/Content/EngineMaterials/Substrate/Glints2/dict_0004_0025.uasset" 8619
"../../../Engine/Content/EngineMaterials/Substrate/Glints2/dict_0004_0022.uasset" 8620
"../../../Engine/Content/EngineMaterials/Substrate/Glints2/dict_0004_0011.uasset" 8621
"../../../Engine/Content/EngineMaterials/Substrate/Glints2/dict_0004_0020.uasset" 8622
"../../../Engine/Content/EngineMaterials/Substrate/Glints2/dict_0004_0013.uasset" 8623
"../../../Engine/Content/EngineMaterials/Substrate/Glints2/dict_0004_0007.uasset" 8624
"../../../Engine/Content/EngineMaterials/Substrate/Glints2/dict_0004_0006.uasset" 8625
"../../../Engine/Content/EngineMaterials/Substrate/Glints2/dict_0004_0017.uasset" 8626
"../../../Engine/Content/EngineMaterials/Substrate/Glints2/dict_0004_0008.uasset" 8627
"../../../Engine/Content/EngineMaterials/Substrate/Glints2/dict_0004_0014.uasset" 8628
"../../../Engine/Content/EngineMaterials/Substrate/Glints2/dict_0004_0015.uasset" 8629
"../../../Engine/Content/EngineMaterials/Substrate/Glints2/dict_0004_0016.uasset" 8630
"../../../Engine/Content/EngineMaterials/Substrate/Glints2/dict_0004_0012.uasset" 8631
"../../../Engine/Content/EngineMaterials/Substrate/Glints2/dict_0004_0010.uasset" 8632
"../../../Engine/Content/EngineMaterials/Substrate/Glints2/dict_0004_0023.uasset" 8633
"../../../Engine/Content/EngineMaterials/Substrate/Glints2/dict_0004_0021.uasset" 8634
"../../../Engine/Content/EngineMaterials/Substrate/Glints2/dict_0004_0009.uasset" 8635
"/Engine/EngineMaterials/Substrate/Glints2/dict_0004_0026" 8636
"../../../Engine/Content/EngineMaterials/Substrate/Glints2/dict_0004_0018.uasset" 8637
"../../../Engine/Content/EngineMaterials/Substrate/Glints2/dict_0004_0019.uasset" 8638
"/Engine/EngineMaterials/Substrate/Glints2/dict_0004_0027" 8639
"/Engine/EngineMaterials/Substrate/Glints2/dict_0004_0028" 8640
"/Engine/EngineMaterials/Substrate/Glints2/dict_0004_0029" 8641
"/Engine/EngineMaterials/Substrate/Glints2/dict_0004_0030" 8642
"/Engine/EngineMaterials/Substrate/Glints2/dict_0004_0031" 8643
"/Engine/EngineMaterials/Substrate/Glints2/dict_0004_0032" 8644
"/Engine/EngineMaterials/Substrate/Glints2/dict_0004_0033" 8645
"/Engine/EngineMaterials/Substrate/Glints2/dict_0004_0034" 8646
"/Engine/EngineMaterials/Substrate/Glints2/dict_0004_0036" 8647
"/Engine/EngineMaterials/Substrate/Glints2/dict_0004_0038" 8648
"/Engine/EngineMaterials/Substrate/Glints2/dict_0004_0041" 8649
"/Engine/EngineMaterials/Substrate/Glints2/dict_0004_0024" 8650
"/Engine/EngineMaterials/Substrate/Glints2/dict_0004_0025" 8651
"../../../Engine/Content/EngineMaterials/Substrate/Glints2/dict_0004_0005.uasset" 8652
"../../../Engine/Content/EngineMaterials/Substrate/Glints2/dict_0004_0004.uasset" 8653
"../../../Engine/Content/EngineMaterials/Substrate/Glints2/dict_0004_0002.uasset" 8654
"../../../Engine/Content/EngineMaterials/Substrate/Glints2/dict_0004_0000.uasset" 8655
"../../../Engine/Content/EngineMaterials/Substrate/Glints2/dict_0004_0001.uasset" 8656
"../../../Engine/Content/EngineMaterials/Substrate/Glints2/dict_0003_0254.uasset" 8657
"../../../Engine/Content/EngineMaterials/Substrate/Glints2/dict_0003_0255.uasset" 8658
"../../../Engine/Content/EngineMaterials/Substrate/Glints2/dict_0003_0252.uasset" 8659
"../../../Engine/Content/EngineMaterials/Substrate/Glints2/dict_0003_0249.uasset" 8660
"../../../Engine/Content/EngineMaterials/Substrate/Glints2/dict_0003_0250.uasset" 8661
"../../../Engine/Content/EngineMaterials/Substrate/Glints2/dict_0003_0253.uasset" 8662
"../../../Engine/Content/EngineMaterials/Substrate/Glints2/dict_0003_0251.uasset" 8663
"../../../Engine/Content/EngineMaterials/Substrate/Glints2/dict_0004_0003.uasset" 8664
"../../../Engine/Content/EngineMaterials/Substrate/Glints2/dict_0003_0248.uasset" 8665
"/Engine/EngineMaterials/Substrate/Glints2/dict_0004_0006" 8666
"/Engine/EngineMaterials/Substrate/Glints2/dict_0004_0007" 8667
"/Engine/EngineMaterials/Substrate/Glints2/dict_0004_0008" 8668
"/Engine/EngineMaterials/Substrate/Glints2/dict_0004_0009" 8669
"/Engine/EngineMaterials/Substrate/Glints2/dict_0004_0010" 8670
"/Engine/EngineMaterials/Substrate/Glints2/dict_0004_0011" 8671
"/Engine/EngineMaterials/Substrate/Glints2/dict_0004_0012" 8672
"/Engine/EngineMaterials/Substrate/Glints2/dict_0004_0013" 8673
"/Engine/EngineMaterials/Substrate/Glints2/dict_0004_0014" 8674
"/Engine/EngineMaterials/Substrate/Glints2/dict_0004_0015" 8675
"/Engine/EngineMaterials/Substrate/Glints2/dict_0004_0016" 8676
"/Engine/EngineMaterials/Substrate/Glints2/dict_0004_0017" 8677
"/Engine/EngineMaterials/Substrate/Glints2/dict_0004_0018" 8678
"/Engine/EngineMaterials/Substrate/Glints2/dict_0004_0002" 8679
"/Engine/EngineMaterials/Substrate/Glints2/dict_0004_0019" 8680
"/Engine/EngineMaterials/Substrate/Glints2/dict_0004_0020" 8681
"/Engine/EngineMaterials/Substrate/Glints2/dict_0004_0021" 8682
"/Engine/EngineMaterials/Substrate/Glints2/dict_0004_0022" 8683
"/Engine/EngineMaterials/Substrate/Glints2/dict_0004_0023" 8684
"/Engine/EngineMaterials/Substrate/Glints2/dict_0004_0004" 8685
"/Engine/EngineMaterials/Substrate/Glints2/dict_0004_0005" 8686
"../../../Engine/Content/EngineMaterials/Substrate/Glints2/dict_0003_0246.uasset" 8687
"../../../Engine/Content/EngineMaterials/Substrate/Glints2/dict_0003_0241.uasset" 8688
"../../../Engine/Content/EngineMaterials/Substrate/Glints2/dict_0003_0244.uasset" 8689
"../../../Engine/Content/EngineMaterials/Substrate/Glints2/dict_0003_0243.uasset" 8690
"../../../Engine/Content/EngineMaterials/Substrate/Glints2/dict_0003_0238.uasset" 8691
"../../../Engine/Content/EngineMaterials/Substrate/Glints2/dict_0003_0236.uasset" 8692
"../../../Engine/Content/EngineMaterials/Substrate/Glints2/dict_0003_0237.uasset" 8693
"../../../Engine/Content/EngineMaterials/Substrate/Glints2/dict_0003_0234.uasset" 8694
"../../../Engine/Content/EngineMaterials/Substrate/Glints2/dict_0003_0240.uasset" 8695
"../../../Engine/Content/EngineMaterials/Substrate/Glints2/dict_0003_0232.uasset" 8696
"../../../Engine/Content/EngineMaterials/Substrate/Glints2/dict_0003_0228.uasset" 8697
"../../../Engine/Content/EngineMaterials/Substrate/Glints2/dict_0003_0227.uasset" 8698
"../../../Engine/Content/EngineMaterials/Substrate/Glints2/dict_0003_0245.uasset" 8699
"../../../Engine/Content/EngineMaterials/Substrate/Glints2/dict_0003_0230.uasset" 8700
"../../../Engine/Content/EngineMaterials/Substrate/Glints2/dict_0003_0247.uasset" 8701
"../../../Engine/Content/EngineMaterials/Substrate/Glints2/dict_0003_0233.uasset" 8702
"../../../Engine/Content/EngineMaterials/Substrate/Glints2/dict_0003_0239.uasset" 8703
"/Engine/EngineMaterials/Substrate/Glints2/dict_0003_0248" 8704
"../../../Engine/Content/EngineMaterials/Substrate/Glints2/dict_0003_0242.uasset" 8705
"../../../Engine/Content/EngineMaterials/Substrate/Glints2/dict_0003_0235.uasset" 8706
"../../../Engine/Content/EngineMaterials/Substrate/Glints2/dict_0003_0231.uasset" 8707
"../../../Engine/Content/EngineMaterials/Substrate/Glints2/dict_0003_0229.uasset" 8708
"/Engine/EngineMaterials/Substrate/Glints2/dict_0003_0249" 8709
"/Engine/EngineMaterials/Substrate/Glints2/dict_0003_0250" 8710
"/Engine/EngineMaterials/Substrate/Glints2/dict_0003_0251" 8711
"/Engine/EngineMaterials/Substrate/Glints2/dict_0003_0252" 8712
"/Engine/EngineMaterials/Substrate/Glints2/dict_0003_0253" 8713
"/Engine/EngineMaterials/Substrate/Glints2/dict_0003_0254" 8714
"/Engine/EngineMaterials/Substrate/Glints2/dict_0003_0255" 8715
"/Engine/EngineMaterials/Substrate/Glints2/dict_0004_0000" 8716
"/Engine/EngineMaterials/Substrate/Glints2/dict_0003_0238" 8717
"/Engine/EngineMaterials/Substrate/Glints2/dict_0004_0001" 8718
"/Engine/EngineMaterials/Substrate/Glints2/dict_0003_0241" 8719
"/Engine/EngineMaterials/Substrate/Glints2/dict_0003_0243" 8720
"/Engine/EngineMaterials/Substrate/Glints2/dict_0003_0244" 8721
"/Engine/EngineMaterials/Substrate/Glints2/dict_0004_0003" 8722
"/Engine/EngineMaterials/Substrate/Glints2/dict_0003_0246" 8723
"../../../Engine/Content/EngineMaterials/Substrate/Glints2/dict_0003_0226.uasset" 8724
"../../../Engine/Content/EngineMaterials/Substrate/Glints2/dict_0003_0222.uasset" 8725
"../../../Engine/Content/EngineMaterials/Substrate/Glints2/dict_0003_0221.uasset" 8726
"../../../Engine/Content/EngineMaterials/Substrate/Glints2/dict_0003_0223.uasset" 8727
"../../../Engine/Content/EngineMaterials/Substrate/Glints2/dict_0003_0217.uasset" 8728
"../../../Engine/Content/EngineMaterials/Substrate/Glints2/dict_0003_0218.uasset" 8729
"../../../Engine/Content/EngineMaterials/Substrate/Glints2/dict_0003_0216.uasset" 8730
"/Engine/EngineMaterials/Substrate/Glints2/dict_0003_0227" 8731
"../../../Engine/Content/EngineMaterials/Substrate/Glints2/dict_0003_0214.uasset" 8732
"../../../Engine/Content/EngineMaterials/Substrate/Glints2/dict_0003_0225.uasset" 8733
"../../../Engine/Content/EngineMaterials/Substrate/Glints2/dict_0003_0215.uasset" 8734
"../../../Engine/Content/EngineMaterials/Substrate/Glints2/dict_0003_0224.uasset" 8735
"../../../Engine/Content/EngineMaterials/Substrate/Glints2/dict_0003_0212.uasset" 8736
"../../../Engine/Content/EngineMaterials/Substrate/Glints2/dict_0003_0219.uasset" 8737
"../../../Engine/Content/EngineMaterials/Substrate/Glints2/dict_0003_0220.uasset" 8738
"../../../Engine/Content/EngineMaterials/Substrate/Glints2/dict_0003_0211.uasset" 8739
"../../../Engine/Content/EngineMaterials/Substrate/Glints2/dict_0003_0213.uasset" 8740
"/Engine/EngineMaterials/Substrate/Glints2/dict_0003_0228" 8741
"/Engine/EngineMaterials/Substrate/Glints2/dict_0003_0229" 8742
"/Engine/EngineMaterials/Substrate/Glints2/dict_0003_0230" 8743
"/Engine/EngineMaterials/Substrate/Glints2/dict_0003_0231" 8744
"/Engine/EngineMaterials/Substrate/Glints2/dict_0003_0232" 8745
"/Engine/EngineMaterials/Substrate/Glints2/dict_0003_0233" 8746
"/Engine/EngineMaterials/Substrate/Glints2/dict_0003_0234" 8747
"/Engine/EngineMaterials/Substrate/Glints2/dict_0003_0235" 8748
"/Engine/EngineMaterials/Substrate/Glints2/dict_0003_0236" 8749
"/Engine/EngineMaterials/Substrate/Glints2/dict_0003_0237" 8750
"/Engine/EngineMaterials/Substrate/Glints2/dict_0003_0239" 8751
"/Engine/EngineMaterials/Substrate/Glints2/dict_0003_0240" 8752
"/Engine/EngineMaterials/Substrate/Glints2/dict_0003_0242" 8753
"/Engine/EngineMaterials/Substrate/Glints2/dict_0003_0245" 8754
"/Engine/EngineMaterials/Substrate/Glints2/dict_0003_0247" 8755
"../../../Engine/Content/EngineMaterials/Substrate/Glints2/dict_0003_0210.uasset" 8756
"../../../Engine/Content/EngineMaterials/Substrate/Glints2/dict_0003_0206.uasset" 8757
"../../../Engine/Content/EngineMaterials/Substrate/Glints2/dict_0003_0205.uasset" 8758
"../../../Engine/Content/EngineMaterials/Substrate/Glints2/dict_0003_0200.uasset" 8759
"../../../Engine/Content/EngineMaterials/Substrate/Glints2/dict_0003_0204.uasset" 8760
"../../../Engine/Content/EngineMaterials/Substrate/Glints2/dict_0003_0209.uasset" 8761
"/Engine/EngineMaterials/Substrate/Glints2/dict_0003_0211" 8762
"../../../Engine/Content/EngineMaterials/Substrate/Glints2/dict_0003_0199.uasset" 8763
"../../../Engine/Content/EngineMaterials/Substrate/Glints2/dict_0003_0195.uasset" 8764
"../../../Engine/Content/EngineMaterials/Substrate/Glints2/dict_0003_0203.uasset" 8765
"../../../Engine/Content/EngineMaterials/Substrate/Glints2/dict_0003_0208.uasset" 8766
"../../../Engine/Content/EngineMaterials/Substrate/Glints2/dict_0003_0196.uasset" 8767
"../../../Engine/Content/EngineMaterials/Substrate/Glints2/dict_0003_0202.uasset" 8768
"../../../Engine/Content/EngineMaterials/Substrate/Glints2/dict_0003_0197.uasset" 8769
"../../../Engine/Content/EngineMaterials/Substrate/Glints2/dict_0003_0201.uasset" 8770
"../../../Engine/Content/EngineMaterials/Substrate/Glints2/dict_0003_0207.uasset" 8771
"../../../Engine/Content/EngineMaterials/Substrate/Glints2/dict_0003_0198.uasset" 8772
"/Engine/EngineMaterials/Substrate/Glints2/dict_0003_0212" 8773
"/Engine/EngineMaterials/Substrate/Glints2/dict_0003_0213" 8774
"/Engine/EngineMaterials/Substrate/Glints2/dict_0003_0214" 8775
"/Engine/EngineMaterials/Substrate/Glints2/dict_0003_0215" 8776
"/Engine/EngineMaterials/Substrate/Glints2/dict_0003_0216" 8777
"/Engine/EngineMaterials/Substrate/Glints2/dict_0003_0217" 8778
"/Engine/EngineMaterials/Substrate/Glints2/dict_0003_0218" 8779
"/Engine/EngineMaterials/Substrate/Glints2/dict_0003_0219" 8780
"/Engine/EngineMaterials/Substrate/Glints2/dict_0003_0220" 8781
"/Engine/EngineMaterials/Substrate/Glints2/dict_0003_0221" 8782
"/Engine/EngineMaterials/Substrate/Glints2/dict_0003_0222" 8783
"/Engine/EngineMaterials/Substrate/Glints2/dict_0003_0223" 8784
"/Engine/EngineMaterials/Substrate/Glints2/dict_0003_0224" 8785
"/Engine/EngineMaterials/Substrate/Glints2/dict_0003_0225" 8786
"/Engine/EngineMaterials/Substrate/Glints2/dict_0003_0226" 8787
"../../../Engine/Content/EngineMaterials/Substrate/Glints2/dict_0003_0194.uasset" 8788
"../../../Engine/Content/EngineMaterials/Substrate/Glints2/dict_0003_0192.uasset" 8789
"../../../Engine/Content/EngineMaterials/Substrate/Glints2/dict_0003_0188.uasset" 8790
"../../../Engine/Content/EngineMaterials/Substrate/Glints2/dict_0003_0193.uasset" 8791
"../../../Engine/Content/EngineMaterials/Substrate/Glints2/dict_0003_0189.uasset" 8792
"../../../Engine/Content/EngineMaterials/Substrate/Glints2/dict_0003_0180.uasset" 8793
"../../../Engine/Content/EngineMaterials/Substrate/Glints2/dict_0003_0179.uasset" 8794
"../../../Engine/Content/EngineMaterials/Substrate/Glints2/dict_0003_0191.uasset" 8795
"../../../Engine/Content/EngineMaterials/Substrate/Glints2/dict_0003_0185.uasset" 8796
"/Engine/EngineMaterials/Substrate/Glints2/dict_0003_0195" 8797
"../../../Engine/Content/EngineMaterials/Substrate/Glints2/dict_0003_0187.uasset" 8798
"../../../Engine/Content/EngineMaterials/Substrate/Glints2/dict_0003_0186.uasset" 8799
"../../../Engine/Content/EngineMaterials/Substrate/Glints2/dict_0003_0182.uasset" 8800
"../../../Engine/Content/EngineMaterials/Substrate/Glints2/dict_0003_0190.uasset" 8801
"../../../Engine/Content/EngineMaterials/Substrate/Glints2/dict_0003_0183.uasset" 8802
"../../../Engine/Content/EngineMaterials/Substrate/Glints2/dict_0003_0184.uasset" 8803
"../../../Engine/Content/EngineMaterials/Substrate/Glints2/dict_0003_0181.uasset" 8804
"/Engine/EngineMaterials/Substrate/Glints2/dict_0003_0196" 8805
"/Engine/EngineMaterials/Substrate/Glints2/dict_0003_0197" 8806
"/Engine/EngineMaterials/Substrate/Glints2/dict_0003_0198" 8807
"/Engine/EngineMaterials/Substrate/Glints2/dict_0003_0199" 8808
"/Engine/EngineMaterials/Substrate/Glints2/dict_0003_0200" 8809
"/Engine/EngineMaterials/Substrate/Glints2/dict_0003_0201" 8810
"/Engine/EngineMaterials/Substrate/Glints2/dict_0003_0202" 8811
"/Engine/EngineMaterials/Substrate/Glints2/dict_0003_0203" 8812
"/Engine/EngineMaterials/Substrate/Glints2/dict_0003_0204" 8813
"/Engine/EngineMaterials/Substrate/Glints2/dict_0003_0205" 8814
"/Engine/EngineMaterials/Substrate/Glints2/dict_0003_0206" 8815
"/Engine/EngineMaterials/Substrate/Glints2/dict_0003_0207" 8816
"/Engine/EngineMaterials/Substrate/Glints2/dict_0003_0208" 8817
"/Engine/EngineMaterials/Substrate/Glints2/dict_0003_0209" 8818
"/Engine/EngineMaterials/Substrate/Glints2/dict_0003_0210" 8819
"../../../Engine/Content/EngineMaterials/Substrate/Glints2/dict_0003_0173.uasset" 8820
"../../../Engine/Content/EngineMaterials/Substrate/Glints2/dict_0003_0169.uasset" 8821
"../../../Engine/Content/EngineMaterials/Substrate/Glints2/dict_0003_0176.uasset" 8822
"../../../Engine/Content/EngineMaterials/Substrate/Glints2/dict_0003_0177.uasset" 8823
"../../../Engine/Content/EngineMaterials/Substrate/Glints2/dict_0003_0166.uasset" 8824
"../../../Engine/Content/EngineMaterials/Substrate/Glints2/dict_0003_0170.uasset" 8825
"../../../Engine/Content/EngineMaterials/Substrate/Glints2/dict_0003_0165.uasset" 8826
"../../../Engine/Content/EngineMaterials/Substrate/Glints2/dict_0003_0175.uasset" 8827
"../../../Engine/Content/EngineMaterials/Substrate/Glints2/dict_0003_0167.uasset" 8828
"../../../Engine/Content/EngineMaterials/Substrate/Glints2/dict_0003_0168.uasset" 8829
"../../../Engine/Content/EngineMaterials/Substrate/Glints2/dict_0003_0172.uasset" 8830
"../../../Engine/Content/EngineMaterials/Substrate/Glints2/dict_0003_0164.uasset" 8831
"../../../Engine/Content/EngineMaterials/Substrate/Glints2/dict_0003_0171.uasset" 8832
"/Engine/EngineMaterials/Substrate/Glints2/dict_0003_0179" 8833
"../../../Engine/Content/EngineMaterials/Substrate/Glints2/dict_0003_0178.uasset" 8834
"../../../Engine/Content/EngineMaterials/Substrate/Glints2/dict_0003_0174.uasset" 8835
"../../../Engine/Content/EngineMaterials/Substrate/Glints2/dict_0003_0163.uasset" 8836
"/Engine/EngineMaterials/Substrate/Glints2/dict_0003_0180" 8837
"/Engine/EngineMaterials/Substrate/Glints2/dict_0003_0181" 8838
"/Engine/EngineMaterials/Substrate/Glints2/dict_0003_0182" 8839
"/Engine/EngineMaterials/Substrate/Glints2/dict_0003_0183" 8840
"/Engine/EngineMaterials/Substrate/Glints2/dict_0003_0184" 8841
"/Engine/EngineMaterials/Substrate/Glints2/dict_0003_0185" 8842
"/Engine/EngineMaterials/Substrate/Glints2/dict_0003_0186" 8843
"/Engine/EngineMaterials/Substrate/Glints2/dict_0003_0187" 8844
"/Engine/EngineMaterials/Substrate/Glints2/dict_0003_0188" 8845
"/Engine/EngineMaterials/Substrate/Glints2/dict_0003_0189" 8846
"/Engine/EngineMaterials/Substrate/Glints2/dict_0003_0190" 8847
"/Engine/EngineMaterials/Substrate/Glints2/dict_0003_0191" 8848
"/Engine/EngineMaterials/Substrate/Glints2/dict_0003_0192" 8849
"/Engine/EngineMaterials/Substrate/Glints2/dict_0003_0193" 8850
"/Engine/EngineMaterials/Substrate/Glints2/dict_0003_0194" 8851
"../../../Engine/Content/EngineMaterials/Substrate/Glints2/dict_0003_0162.uasset" 8852
"../../../Engine/Content/EngineMaterials/Substrate/Glints2/dict_0003_0158.uasset" 8853
"../../../Engine/Content/EngineMaterials/Substrate/Glints2/dict_0003_0156.uasset" 8854
"../../../Engine/Content/EngineMaterials/Substrate/Glints2/dict_0003_0159.uasset" 8855
"../../../Engine/Content/EngineMaterials/Substrate/Glints2/dict_0003_0157.uasset" 8856
"../../../Engine/Content/EngineMaterials/Substrate/Glints2/dict_0003_0155.uasset" 8857
"../../../Engine/Content/EngineMaterials/Substrate/Glints2/dict_0003_0154.uasset" 8858
"../../../Engine/Content/EngineMaterials/Substrate/Glints2/dict_0003_0151.uasset" 8859
"../../../Engine/Content/EngineMaterials/Substrate/Glints2/dict_0003_0148.uasset" 8860
"../../../Engine/Content/EngineMaterials/Substrate/Glints2/dict_0003_0153.uasset" 8861
"../../../Engine/Content/EngineMaterials/Substrate/Glints2/dict_0003_0152.uasset" 8862
"../../../Engine/Content/EngineMaterials/Substrate/Glints2/dict_0003_0149.uasset" 8863
"../../../Engine/Content/EngineMaterials/Substrate/Glints2/dict_0003_0150.uasset" 8864
"../../../Engine/Content/EngineMaterials/Substrate/Glints2/dict_0003_0161.uasset" 8865
"../../../Engine/Content/EngineMaterials/Substrate/Glints2/dict_0003_0147.uasset" 8866
"../../../Engine/Content/EngineMaterials/Substrate/Glints2/dict_0003_0160.uasset" 8867
"/Engine/EngineMaterials/Substrate/Glints2/dict_0003_0163" 8868
"/Engine/EngineMaterials/Substrate/Glints2/dict_0003_0164" 8869
"/Engine/EngineMaterials/Substrate/Glints2/dict_0003_0165" 8870
"/Engine/EngineMaterials/Substrate/Glints2/dict_0003_0166" 8871
"/Engine/EngineMaterials/Substrate/Glints2/dict_0003_0167" 8872
"/Engine/EngineMaterials/Substrate/Glints2/dict_0003_0168" 8873
"/Engine/EngineMaterials/Substrate/Glints2/dict_0003_0169" 8874
"/Engine/EngineMaterials/Substrate/Glints2/dict_0003_0170" 8875
"/Engine/EngineMaterials/Substrate/Glints2/dict_0003_0171" 8876
"/Engine/EngineMaterials/Substrate/Glints2/dict_0003_0172" 8877
"/Engine/EngineMaterials/Substrate/Glints2/dict_0003_0173" 8878
"/Engine/EngineMaterials/Substrate/Glints2/dict_0003_0156" 8879
"/Engine/EngineMaterials/Substrate/Glints2/dict_0003_0157" 8880
"/Engine/EngineMaterials/Substrate/Glints2/dict_0003_0174" 8881
"/Engine/EngineMaterials/Substrate/Glints2/dict_0003_0175" 8882
"/Engine/EngineMaterials/Substrate/Glints2/dict_0003_0158" 8883
"/Engine/EngineMaterials/Substrate/Glints2/dict_0003_0176" 8884
"/Engine/EngineMaterials/Substrate/Glints2/dict_0003_0159" 8885
"/Engine/EngineMaterials/Substrate/Glints2/dict_0003_0177" 8886
"/Engine/EngineMaterials/Substrate/Glints2/dict_0003_0162" 8887
"/Engine/EngineMaterials/Substrate/Glints2/dict_0003_0178" 8888
"../../../Engine/Content/EngineMaterials/Substrate/Glints2/dict_0003_0146.uasset" 8889
"../../../Engine/Content/EngineMaterials/Substrate/Glints2/dict_0003_0144.uasset" 8890
"../../../Engine/Content/EngineMaterials/Substrate/Glints2/dict_0003_0143.uasset" 8891
"../../../Engine/Content/EngineMaterials/Substrate/Glints2/dict_0003_0141.uasset" 8892
"../../../Engine/Content/EngineMaterials/Substrate/Glints2/dict_0003_0142.uasset" 8893
"../../../Engine/Content/EngineMaterials/Substrate/Glints2/dict_0003_0140.uasset" 8894
"../../../Engine/Content/EngineMaterials/Substrate/Glints2/dict_0003_0136.uasset" 8895
"../../../Engine/Content/EngineMaterials/Substrate/Glints2/dict_0003_0138.uasset" 8896
"../../../Engine/Content/EngineMaterials/Substrate/Glints2/dict_0003_0132.uasset" 8897
"../../../Engine/Content/EngineMaterials/Substrate/Glints2/dict_0003_0145.uasset" 8898
"../../../Engine/Content/EngineMaterials/Substrate/Glints2/dict_0003_0135.uasset" 8899
"../../../Engine/Content/EngineMaterials/Substrate/Glints2/dict_0003_0133.uasset" 8900
"../../../Engine/Content/EngineMaterials/Substrate/Glints2/dict_0003_0128.uasset" 8901
"../../../Engine/Content/EngineMaterials/Substrate/Glints2/dict_0003_0126.uasset" 8902
"../../../Engine/Content/EngineMaterials/Substrate/Glints2/dict_0003_0139.uasset" 8903
"../../../Engine/Content/EngineMaterials/Substrate/Glints2/dict_0003_0127.uasset" 8904
"../../../Engine/Content/EngineMaterials/Substrate/Glints2/dict_0003_0137.uasset" 8905
"../../../Engine/Content/EngineMaterials/Substrate/Glints2/dict_0003_0130.uasset" 8906
"../../../Engine/Content/EngineMaterials/Substrate/Glints2/dict_0003_0134.uasset" 8907
"/Engine/EngineMaterials/Substrate/Glints2/dict_0003_0147" 8908
"../../../Engine/Content/EngineMaterials/Substrate/Glints2/dict_0003_0129.uasset" 8909
"../../../Engine/Content/EngineMaterials/Substrate/Glints2/dict_0003_0131.uasset" 8910
"/Engine/EngineMaterials/Substrate/Glints2/dict_0003_0148" 8911
"/Engine/EngineMaterials/Substrate/Glints2/dict_0003_0149" 8912
"/Engine/EngineMaterials/Substrate/Glints2/dict_0003_0150" 8913
"/Engine/EngineMaterials/Substrate/Glints2/dict_0003_0151" 8914
"/Engine/EngineMaterials/Substrate/Glints2/dict_0003_0152" 8915
"/Engine/EngineMaterials/Substrate/Glints2/dict_0003_0153" 8916
"/Engine/EngineMaterials/Substrate/Glints2/dict_0003_0154" 8917
"/Engine/EngineMaterials/Substrate/Glints2/dict_0003_0155" 8918
"/Engine/EngineMaterials/Substrate/Glints2/dict_0003_0138" 8919
"/Engine/EngineMaterials/Substrate/Glints2/dict_0003_0140" 8920
"/Engine/EngineMaterials/Substrate/Glints2/dict_0003_0141" 8921
"/Engine/EngineMaterials/Substrate/Glints2/dict_0003_0143" 8922
"/Engine/EngineMaterials/Substrate/Glints2/dict_0003_0160" 8923
"/Engine/EngineMaterials/Substrate/Glints2/dict_0003_0161" 8924
"/Engine/EngineMaterials/Substrate/Glints2/dict_0003_0144" 8925
"/Engine/EngineMaterials/Substrate/Glints2/dict_0003_0145" 8926
"/Engine/EngineMaterials/Substrate/Glints2/dict_0003_0146" 8927
"../../../Engine/Content/EngineMaterials/Substrate/Glints2/dict_0003_0125.uasset" 8928
"../../../Engine/Content/EngineMaterials/Substrate/Glints2/dict_0003_0120.uasset" 8929
"../../../Engine/Content/EngineMaterials/Substrate/Glints2/dict_0003_0119.uasset" 8930
"../../../Engine/Content/EngineMaterials/Substrate/Glints2/dict_0003_0123.uasset" 8931
"../../../Engine/Content/EngineMaterials/Substrate/Glints2/dict_0003_0122.uasset" 8932
"../../../Engine/Content/EngineMaterials/Substrate/Glints2/dict_0003_0118.uasset" 8933
"../../../Engine/Content/EngineMaterials/Substrate/Glints2/dict_0003_0121.uasset" 8934
"../../../Engine/Content/EngineMaterials/Substrate/Glints2/dict_0003_0116.uasset" 8935
"../../../Engine/Content/EngineMaterials/Substrate/Glints2/dict_0003_0114.uasset" 8936
"../../../Engine/Content/EngineMaterials/Substrate/Glints2/dict_0003_0108.uasset" 8937
"../../../Engine/Content/EngineMaterials/Substrate/Glints2/dict_0003_0115.uasset" 8938
"../../../Engine/Content/EngineMaterials/Substrate/Glints2/dict_0003_0112.uasset" 8939
"../../../Engine/Content/EngineMaterials/Substrate/Glints2/dict_0003_0111.uasset" 8940
"../../../Engine/Content/EngineMaterials/Substrate/Glints2/dict_0003_0113.uasset" 8941
"../../../Engine/Content/EngineMaterials/Substrate/Glints2/dict_0003_0110.uasset" 8942
"../../../Engine/Content/EngineMaterials/Substrate/Glints2/dict_0003_0117.uasset" 8943
"../../../Engine/Content/EngineMaterials/Substrate/Glints2/dict_0003_0109.uasset" 8944
"/Engine/EngineMaterials/Substrate/Glints2/dict_0003_0126" 8945
"../../../Engine/Content/EngineMaterials/Substrate/Glints2/dict_0003_0124.uasset" 8946
"/Engine/EngineMaterials/Substrate/Glints2/dict_0003_0127" 8947
"/Engine/EngineMaterials/Substrate/Glints2/dict_0003_0128" 8948
"/Engine/EngineMaterials/Substrate/Glints2/dict_0003_0129" 8949
"/Engine/EngineMaterials/Substrate/Glints2/dict_0003_0130" 8950
"/Engine/EngineMaterials/Substrate/Glints2/dict_0003_0131" 8951
"/Engine/EngineMaterials/Substrate/Glints2/dict_0003_0132" 8952
"/Engine/EngineMaterials/Substrate/Glints2/dict_0003_0133" 8953
"/Engine/EngineMaterials/Substrate/Glints2/dict_0003_0134" 8954
"/Engine/EngineMaterials/Substrate/Glints2/dict_0003_0135" 8955
"/Engine/EngineMaterials/Substrate/Glints2/dict_0003_0136" 8956
"/Engine/EngineMaterials/Substrate/Glints2/dict_0003_0137" 8957
"/Engine/EngineMaterials/Substrate/Glints2/dict_0003_0139" 8958
"/Engine/EngineMaterials/Substrate/Glints2/dict_0003_0119" 8959
"/Engine/EngineMaterials/Substrate/Glints2/dict_0003_0142" 8960
"/Engine/EngineMaterials/Substrate/Glints2/dict_0003_0120" 8961
"/Engine/EngineMaterials/Substrate/Glints2/dict_0003_0121" 8962
"/Engine/EngineMaterials/Substrate/Glints2/dict_0003_0122" 8963
"/Engine/EngineMaterials/Substrate/Glints2/dict_0003_0123" 8964
"/Engine/EngineMaterials/Substrate/Glints2/dict_0003_0125" 8965
"../../../Engine/Content/EngineMaterials/Substrate/Glints2/dict_0003_0106.uasset" 8966
"../../../Engine/Content/EngineMaterials/Substrate/Glints2/dict_0003_0105.uasset" 8967
"../../../Engine/Content/EngineMaterials/Substrate/Glints2/dict_0003_0099.uasset" 8968
"../../../Engine/Content/EngineMaterials/Substrate/Glints2/dict_0003_0096.uasset" 8969
"../../../Engine/Content/EngineMaterials/Substrate/Glints2/dict_0003_0097.uasset" 8970
"../../../Engine/Content/EngineMaterials/Substrate/Glints2/dict_0003_0094.uasset" 8971
"../../../Engine/Content/EngineMaterials/Substrate/Glints2/dict_0003_0091.uasset" 8972
"../../../Engine/Content/EngineMaterials/Substrate/Glints2/dict_0003_0089.uasset" 8973
"../../../Engine/Content/EngineMaterials/Substrate/Glints2/dict_0003_0107.uasset" 8974
"../../../Engine/Content/EngineMaterials/Substrate/Glints2/dict_0003_0095.uasset" 8975
"../../../Engine/Content/EngineMaterials/Substrate/Glints2/dict_0003_0101.uasset" 8976
"../../../Engine/Content/EngineMaterials/Substrate/Glints2/dict_0003_0098.uasset" 8977
"../../../Engine/Content/EngineMaterials/Substrate/Glints2/dict_0003_0100.uasset" 8978
"/Engine/EngineMaterials/Substrate/Glints2/dict_0003_0108" 8979
"../../../Engine/Content/EngineMaterials/Substrate/Glints2/dict_0003_0102.uasset" 8980
"../../../Engine/Content/EngineMaterials/Substrate/Glints2/dict_0003_0104.uasset" 8981
"../../../Engine/Content/EngineMaterials/Substrate/Glints2/dict_0003_0093.uasset" 8982
"../../../Engine/Content/EngineMaterials/Substrate/Glints2/dict_0003_0090.uasset" 8983
"../../../Engine/Content/EngineMaterials/Substrate/Glints2/dict_0003_0103.uasset" 8984
"../../../Engine/Content/EngineMaterials/Substrate/Glints2/dict_0003_0092.uasset" 8985
"../../../Engine/Content/EngineMaterials/Substrate/Glints2/dict_0003_0088.uasset" 8986
"/Engine/EngineMaterials/Substrate/Glints2/dict_0003_0109" 8987
"/Engine/EngineMaterials/Substrate/Glints2/dict_0003_0110" 8988
"/Engine/EngineMaterials/Substrate/Glints2/dict_0003_0111" 8989
"/Engine/EngineMaterials/Substrate/Glints2/dict_0003_0112" 8990
"/Engine/EngineMaterials/Substrate/Glints2/dict_0003_0113" 8991
"/Engine/EngineMaterials/Substrate/Glints2/dict_0003_0114" 8992
"/Engine/EngineMaterials/Substrate/Glints2/dict_0003_0115" 8993
"/Engine/EngineMaterials/Substrate/Glints2/dict_0003_0116" 8994
"/Engine/EngineMaterials/Substrate/Glints2/dict_0003_0117" 8995
"/Engine/EngineMaterials/Substrate/Glints2/dict_0003_0118" 8996
"/Engine/EngineMaterials/Substrate/Glints2/dict_0003_0105" 8997
"/Engine/EngineMaterials/Substrate/Glints2/dict_0003_0106" 8998
"/Engine/EngineMaterials/Substrate/Glints2/dict_0003_0124" 8999
"../../../Engine/Content/EngineMaterials/Substrate/Glints2/dict_0003_0087.uasset" 9000
"../../../Engine/Content/EngineMaterials/Substrate/Glints2/dict_0003_0084.uasset" 9001
"../../../Engine/Content/EngineMaterials/Substrate/Glints2/dict_0003_0081.uasset" 9002
"../../../Engine/Content/EngineMaterials/Substrate/Glints2/dict_0003_0085.uasset" 9003
"../../../Engine/Content/EngineMaterials/Substrate/Glints2/dict_0003_0086.uasset" 9004
"../../../Engine/Content/EngineMaterials/Substrate/Glints2/dict_0003_0080.uasset" 9005
"../../../Engine/Content/EngineMaterials/Substrate/Glints2/dict_0003_0083.uasset" 9006
"../../../Engine/Content/EngineMaterials/Substrate/Glints2/dict_0003_0075.uasset" 9007
"../../../Engine/Content/EngineMaterials/Substrate/Glints2/dict_0003_0077.uasset" 9008
"../../../Engine/Content/EngineMaterials/Substrate/Glints2/dict_0003_0074.uasset" 9009
"/Engine/EngineMaterials/Substrate/Glints2/dict_0003_0088" 9010
"../../../Engine/Content/EngineMaterials/Substrate/Glints2/dict_0003_0076.uasset" 9011
"../../../Engine/Content/EngineMaterials/Substrate/Glints2/dict_0003_0078.uasset" 9012
"../../../Engine/Content/EngineMaterials/Substrate/Glints2/dict_0003_0082.uasset" 9013
"../../../Engine/Content/EngineMaterials/Substrate/Glints2/dict_0003_0079.uasset" 9014
"/Engine/EngineMaterials/Substrate/Glints2/dict_0003_0089" 9015
"/Engine/EngineMaterials/Substrate/Glints2/dict_0003_0090" 9016
"/Engine/EngineMaterials/Substrate/Glints2/dict_0003_0091" 9017
"/Engine/EngineMaterials/Substrate/Glints2/dict_0003_0092" 9018
"/Engine/EngineMaterials/Substrate/Glints2/dict_0003_0093" 9019
"/Engine/EngineMaterials/Substrate/Glints2/dict_0003_0094" 9020
"/Engine/EngineMaterials/Substrate/Glints2/dict_0003_0095" 9021
"/Engine/EngineMaterials/Substrate/Glints2/dict_0003_0096" 9022
"/Engine/EngineMaterials/Substrate/Glints2/dict_0003_0097" 9023
"/Engine/EngineMaterials/Substrate/Glints2/dict_0003_0098" 9024
"/Engine/EngineMaterials/Substrate/Glints2/dict_0003_0099" 9025
"/Engine/EngineMaterials/Substrate/Glints2/dict_0003_0100" 9026
"/Engine/EngineMaterials/Substrate/Glints2/dict_0003_0084" 9027
"/Engine/EngineMaterials/Substrate/Glints2/dict_0003_0101" 9028
"/Engine/EngineMaterials/Substrate/Glints2/dict_0003_0102" 9029
"/Engine/EngineMaterials/Substrate/Glints2/dict_0003_0103" 9030
"/Engine/EngineMaterials/Substrate/Glints2/dict_0003_0104" 9031
"/Engine/EngineMaterials/Substrate/Glints2/dict_0003_0087" 9032
"/Engine/EngineMaterials/Substrate/Glints2/dict_0003_0107" 9033
"../../../Engine/Content/EngineMaterials/Substrate/Glints2/dict_0003_0070.uasset" 9034
"../../../Engine/Content/EngineMaterials/Substrate/Glints2/dict_0003_0069.uasset" 9035
"../../../Engine/Content/EngineMaterials/Substrate/Glints2/dict_0003_0068.uasset" 9036
"../../../Engine/Content/EngineMaterials/Substrate/Glints2/dict_0003_0073.uasset" 9037
"../../../Engine/Content/EngineMaterials/Substrate/Glints2/dict_0003_0065.uasset" 9038
"../../../Engine/Content/EngineMaterials/Substrate/Glints2/dict_0003_0067.uasset" 9039
"../../../Engine/Content/EngineMaterials/Substrate/Glints2/dict_0003_0066.uasset" 9040
"../../../Engine/Content/EngineMaterials/Substrate/Glints2/dict_0003_0064.uasset" 9041
"../../../Engine/Content/EngineMaterials/Substrate/Glints2/dict_0003_0063.uasset" 9042
"../../../Engine/Content/EngineMaterials/Substrate/Glints2/dict_0003_0059.uasset" 9043
"../../../Engine/Content/EngineMaterials/Substrate/Glints2/dict_0003_0058.uasset" 9044
"/Engine/EngineMaterials/Substrate/Glints2/dict_0003_0074" 9045
"../../../Engine/Content/EngineMaterials/Substrate/Glints2/dict_0003_0057.uasset" 9046
"../../../Engine/Content/EngineMaterials/Substrate/Glints2/dict_0003_0062.uasset" 9047
"../../../Engine/Content/EngineMaterials/Substrate/Glints2/dict_0003_0071.uasset" 9048
"../../../Engine/Content/EngineMaterials/Substrate/Glints2/dict_0003_0056.uasset" 9049
"../../../Engine/Content/EngineMaterials/Substrate/Glints2/dict_0003_0055.uasset" 9050
"../../../Engine/Content/EngineMaterials/Substrate/Glints2/dict_0003_0072.uasset" 9051
"../../../Engine/Content/EngineMaterials/Substrate/Glints2/dict_0003_0061.uasset" 9052
"../../../Engine/Content/EngineMaterials/Substrate/Glints2/dict_0003_0060.uasset" 9053
"../../../Engine/Content/EngineMaterials/Substrate/Glints2/dict_0003_0054.uasset" 9054
"/Engine/EngineMaterials/Substrate/Glints2/dict_0003_0075" 9055
"/Engine/EngineMaterials/Substrate/Glints2/dict_0003_0076" 9056
"/Engine/EngineMaterials/Substrate/Glints2/dict_0003_0077" 9057
"/Engine/EngineMaterials/Substrate/Glints2/dict_0003_0078" 9058
"/Engine/EngineMaterials/Substrate/Glints2/dict_0003_0079" 9059
"/Engine/EngineMaterials/Substrate/Glints2/dict_0003_0080" 9060
"/Engine/EngineMaterials/Substrate/Glints2/dict_0003_0081" 9061
"/Engine/EngineMaterials/Substrate/Glints2/dict_0003_0082" 9062
"/Engine/EngineMaterials/Substrate/Glints2/dict_0003_0083" 9063
"/Engine/EngineMaterials/Substrate/Glints2/dict_0003_0068" 9064
"/Engine/EngineMaterials/Substrate/Glints2/dict_0003_0069" 9065
"/Engine/EngineMaterials/Substrate/Glints2/dict_0003_0070" 9066
"/Engine/EngineMaterials/Substrate/Glints2/dict_0003_0085" 9067
"/Engine/EngineMaterials/Substrate/Glints2/dict_0003_0086" 9068
"../../../Engine/Content/EngineMaterials/Substrate/Glints2/dict_0003_0049.uasset" 9069
"../../../Engine/Content/EngineMaterials/Substrate/Glints2/dict_0003_0050.uasset" 9070
"../../../Engine/Content/EngineMaterials/Substrate/Glints2/dict_0003_0052.uasset" 9071
"../../../Engine/Content/EngineMaterials/Substrate/Glints2/dict_0003_0045.uasset" 9072
"../../../Engine/Content/EngineMaterials/Substrate/Glints2/dict_0003_0046.uasset" 9073
"../../../Engine/Content/EngineMaterials/Substrate/Glints2/dict_0003_0043.uasset" 9074
"../../../Engine/Content/EngineMaterials/Substrate/Glints2/dict_0003_0044.uasset" 9075
"../../../Engine/Content/EngineMaterials/Substrate/Glints2/dict_0003_0051.uasset" 9076
"/Engine/EngineMaterials/Substrate/Glints2/dict_0003_0054" 9077
"../../../Engine/Content/EngineMaterials/Substrate/Glints2/dict_0003_0048.uasset" 9078
"../../../Engine/Content/EngineMaterials/Substrate/Glints2/dict_0003_0053.uasset" 9079
"../../../Engine/Content/EngineMaterials/Substrate/Glints2/dict_0003_0040.uasset" 9080
"../../../Engine/Content/EngineMaterials/Substrate/Glints2/dict_0003_0042.uasset" 9081
"../../../Engine/Content/EngineMaterials/Substrate/Glints2/dict_0003_0039.uasset" 9082
"../../../Engine/Content/EngineMaterials/Substrate/Glints2/dict_0003_0047.uasset" 9083
"../../../Engine/Content/EngineMaterials/Substrate/Glints2/dict_0003_0041.uasset" 9084
"/Engine/EngineMaterials/Substrate/Glints2/dict_0003_0055" 9085
"/Engine/EngineMaterials/Substrate/Glints2/dict_0003_0056" 9086
"/Engine/EngineMaterials/Substrate/Glints2/dict_0003_0057" 9087
"/Engine/EngineMaterials/Substrate/Glints2/dict_0003_0058" 9088
"/Engine/EngineMaterials/Substrate/Glints2/dict_0003_0059" 9089
"/Engine/EngineMaterials/Substrate/Glints2/dict_0003_0060" 9090
"/Engine/EngineMaterials/Substrate/Glints2/dict_0003_0061" 9091
"/Engine/EngineMaterials/Substrate/Glints2/dict_0003_0062" 9092
"/Engine/EngineMaterials/Substrate/Glints2/dict_0003_0063" 9093
"/Engine/EngineMaterials/Substrate/Glints2/dict_0003_0064" 9094
"/Engine/EngineMaterials/Substrate/Glints2/dict_0003_0065" 9095
"/Engine/EngineMaterials/Substrate/Glints2/dict_0003_0066" 9096
"/Engine/EngineMaterials/Substrate/Glints2/dict_0003_0067" 9097
"/Engine/EngineMaterials/Substrate/Glints2/dict_0003_0049" 9098
"/Engine/EngineMaterials/Substrate/Glints2/dict_0003_0050" 9099
"/Engine/EngineMaterials/Substrate/Glints2/dict_0003_0071" 9100
"/Engine/EngineMaterials/Substrate/Glints2/dict_0003_0072" 9101
"/Engine/EngineMaterials/Substrate/Glints2/dict_0003_0073" 9102
"../../../Engine/Content/EngineMaterials/Substrate/Glints2/dict_0003_0036.uasset" 9103
"../../../Engine/Content/EngineMaterials/Substrate/Glints2/dict_0003_0028.uasset" 9104
"../../../Engine/Content/EngineMaterials/Substrate/Glints2/dict_0003_0027.uasset" 9105
"/Engine/EngineMaterials/Substrate/Glints2/dict_0003_0039" 9106
"../../../Engine/Content/EngineMaterials/Substrate/Glints2/dict_0003_0034.uasset" 9107
"../../../Engine/Content/EngineMaterials/Substrate/Glints2/dict_0003_0038.uasset" 9108
"../../../Engine/Content/EngineMaterials/Substrate/Glints2/dict_0003_0031.uasset" 9109
"../../../Engine/Content/EngineMaterials/Substrate/Glints2/dict_0003_0037.uasset" 9110
"../../../Engine/Content/EngineMaterials/Substrate/Glints2/dict_0003_0029.uasset" 9111
"../../../Engine/Content/EngineMaterials/Substrate/Glints2/dict_0003_0026.uasset" 9112
"../../../Engine/Content/EngineMaterials/Substrate/Glints2/dict_0003_0032.uasset" 9113
"../../../Engine/Content/EngineMaterials/Substrate/Glints2/dict_0003_0020.uasset" 9114
"../../../Engine/Content/EngineMaterials/Substrate/Glints2/dict_0003_0024.uasset" 9115
"../../../Engine/Content/EngineMaterials/Substrate/Glints2/dict_0003_0022.uasset" 9116
"../../../Engine/Content/EngineMaterials/Substrate/Glints2/dict_0003_0030.uasset" 9117
"../../../Engine/Content/EngineMaterials/Substrate/Glints2/dict_0003_0025.uasset" 9118
"../../../Engine/Content/EngineMaterials/Substrate/Glints2/dict_0003_0021.uasset" 9119
"../../../Engine/Content/EngineMaterials/Substrate/Glints2/dict_0003_0023.uasset" 9120
"../../../Engine/Content/EngineMaterials/Substrate/Glints2/dict_0003_0035.uasset" 9121
"../../../Engine/Content/EngineMaterials/Substrate/Glints2/dict_0003_0033.uasset" 9122
"/Engine/EngineMaterials/Substrate/Glints2/dict_0003_0040" 9123
"/Engine/EngineMaterials/Substrate/Glints2/dict_0003_0041" 9124
"/Engine/EngineMaterials/Substrate/Glints2/dict_0003_0042" 9125
"/Engine/EngineMaterials/Substrate/Glints2/dict_0003_0043" 9126
"/Engine/EngineMaterials/Substrate/Glints2/dict_0003_0044" 9127
"/Engine/EngineMaterials/Substrate/Glints2/dict_0003_0045" 9128
"/Engine/EngineMaterials/Substrate/Glints2/dict_0003_0046" 9129
"/Engine/EngineMaterials/Substrate/Glints2/dict_0003_0047" 9130
"/Engine/EngineMaterials/Substrate/Glints2/dict_0003_0048" 9131
"/Engine/EngineMaterials/Substrate/Glints2/dict_0003_0051" 9132
"/Engine/EngineMaterials/Substrate/Glints2/dict_0003_0052" 9133
"/Engine/EngineMaterials/Substrate/Glints2/dict_0003_0053" 9134
"../../../Engine/Content/EngineMaterials/Substrate/Glints2/dict_0003_0017.uasset" 9135
"../../../Engine/Content/EngineMaterials/Substrate/Glints2/dict_0003_0018.uasset" 9136
"../../../Engine/Content/EngineMaterials/Substrate/Glints2/dict_0003_0016.uasset" 9137
"../../../Engine/Content/EngineMaterials/Substrate/Glints2/dict_0003_0019.uasset" 9138
"../../../Engine/Content/EngineMaterials/Substrate/Glints2/dict_0003_0008.uasset" 9139
"../../../Engine/Content/EngineMaterials/Substrate/Glints2/dict_0003_0015.uasset" 9140
"../../../Engine/Content/EngineMaterials/Substrate/Glints2/dict_0003_0014.uasset" 9141
"../../../Engine/Content/EngineMaterials/Substrate/Glints2/dict_0003_0012.uasset" 9142
"../../../Engine/Content/EngineMaterials/Substrate/Glints2/dict_0003_0013.uasset" 9143
"../../../Engine/Content/EngineMaterials/Substrate/Glints2/dict_0003_0010.uasset" 9144
"../../../Engine/Content/EngineMaterials/Substrate/Glints2/dict_0003_0007.uasset" 9145
"/Engine/EngineMaterials/Substrate/Glints2/dict_0003_0020" 9146
"../../../Engine/Content/EngineMaterials/Substrate/Glints2/dict_0003_0009.uasset" 9147
"../../../Engine/Content/EngineMaterials/Substrate/Glints2/dict_0003_0011.uasset" 9148
"/Engine/EngineMaterials/Substrate/Glints2/dict_0003_0021" 9149
"/Engine/EngineMaterials/Substrate/Glints2/dict_0003_0022" 9150
"/Engine/EngineMaterials/Substrate/Glints2/dict_0003_0023" 9151
"/Engine/EngineMaterials/Substrate/Glints2/dict_0003_0024" 9152
"/Engine/EngineMaterials/Substrate/Glints2/dict_0003_0025" 9153
"/Engine/EngineMaterials/Substrate/Glints2/dict_0003_0026" 9154
"/Engine/EngineMaterials/Substrate/Glints2/dict_0003_0027" 9155
"/Engine/EngineMaterials/Substrate/Glints2/dict_0003_0028" 9156
"/Engine/EngineMaterials/Substrate/Glints2/dict_0003_0029" 9157
"/Engine/EngineMaterials/Substrate/Glints2/dict_0003_0030" 9158
"/Engine/EngineMaterials/Substrate/Glints2/dict_0003_0031" 9159
"/Engine/EngineMaterials/Substrate/Glints2/dict_0003_0016" 9160
"/Engine/EngineMaterials/Substrate/Glints2/dict_0003_0032" 9161
"/Engine/EngineMaterials/Substrate/Glints2/dict_0003_0033" 9162
"/Engine/EngineMaterials/Substrate/Glints2/dict_0003_0034" 9163
"/Engine/EngineMaterials/Substrate/Glints2/dict_0003_0035" 9164
"/Engine/EngineMaterials/Substrate/Glints2/dict_0003_0017" 9165
"/Engine/EngineMaterials/Substrate/Glints2/dict_0003_0036" 9166
"/Engine/EngineMaterials/Substrate/Glints2/dict_0003_0018" 9167
"/Engine/EngineMaterials/Substrate/Glints2/dict_0003_0037" 9168
"/Engine/EngineMaterials/Substrate/Glints2/dict_0003_0038" 9169
"../../../Engine/Content/EngineMaterials/Substrate/Glints2/dict_0003_0003.uasset" 9170
"../../../Engine/Content/EngineMaterials/Substrate/Glints2/dict_0003_0006.uasset" 9171
"../../../Engine/Content/EngineMaterials/Substrate/Glints2/dict_0003_0004.uasset" 9172
"../../../Engine/Content/EngineMaterials/Substrate/Glints2/dict_0002_0253.uasset" 9173
"../../../Engine/Content/EngineMaterials/Substrate/Glints2/dict_0003_0001.uasset" 9174
"../../../Engine/Content/EngineMaterials/Substrate/Glints2/dict_0002_0255.uasset" 9175
"../../../Engine/Content/EngineMaterials/Substrate/Glints2/dict_0002_0251.uasset" 9176
"../../../Engine/Content/EngineMaterials/Substrate/Glints2/dict_0002_0249.uasset" 9177
"/Engine/EngineMaterials/Substrate/Glints2/dict_0003_0007" 9178
"../../../Engine/Content/EngineMaterials/Substrate/Glints2/dict_0002_0246.uasset" 9179
"../../../Engine/Content/EngineMaterials/Substrate/Glints2/dict_0002_0247.uasset" 9180
"../../../Engine/Content/EngineMaterials/Substrate/Glints2/dict_0002_0245.uasset" 9181
"../../../Engine/Content/EngineMaterials/Substrate/Glints2/dict_0002_0244.uasset" 9182
"../../../Engine/Content/EngineMaterials/Substrate/Glints2/dict_0002_0248.uasset" 9183
"../../../Engine/Content/EngineMaterials/Substrate/Glints2/dict_0002_0250.uasset" 9184
"../../../Engine/Content/EngineMaterials/Substrate/Glints2/dict_0003_0000.uasset" 9185
"../../../Engine/Content/EngineMaterials/Substrate/Glints2/dict_0003_0002.uasset" 9186
"../../../Engine/Content/EngineMaterials/Substrate/Glints2/dict_0002_0252.uasset" 9187
"../../../Engine/Content/EngineMaterials/Substrate/Glints2/dict_0002_0243.uasset" 9188
"../../../Engine/Content/EngineMaterials/Substrate/Glints2/dict_0002_0242.uasset" 9189
"../../../Engine/Content/EngineMaterials/Substrate/Glints2/dict_0002_0241.uasset" 9190
"../../../Engine/Content/EngineMaterials/Substrate/Glints2/dict_0003_0005.uasset" 9191
"/Engine/EngineMaterials/Substrate/Glints2/dict_0003_0008" 9192
"../../../Engine/Content/EngineMaterials/Substrate/Glints2/dict_0002_0254.uasset" 9193
"/Engine/EngineMaterials/Substrate/Glints2/dict_0003_0009" 9194
"/Engine/EngineMaterials/Substrate/Glints2/dict_0003_0010" 9195
"/Engine/EngineMaterials/Substrate/Glints2/dict_0003_0011" 9196
"/Engine/EngineMaterials/Substrate/Glints2/dict_0003_0012" 9197
"/Engine/EngineMaterials/Substrate/Glints2/dict_0003_0013" 9198
"/Engine/EngineMaterials/Substrate/Glints2/dict_0003_0014" 9199
"/Engine/EngineMaterials/Substrate/Glints2/dict_0003_0015" 9200
"/Engine/EngineMaterials/Substrate/Glints2/dict_0003_0001" 9201
"/Engine/EngineMaterials/Substrate/Glints2/dict_0003_0003" 9202
"/Engine/EngineMaterials/Substrate/Glints2/dict_0003_0004" 9203
"/Engine/EngineMaterials/Substrate/Glints2/dict_0003_0019" 9204
"/Engine/EngineMaterials/Substrate/Glints2/dict_0003_0006" 9205
"../../../Engine/Content/EngineMaterials/Substrate/Glints2/dict_0002_0240.uasset" 9206
"../../../Engine/Content/EngineMaterials/Substrate/Glints2/dict_0002_0238.uasset" 9207
"../../../Engine/Content/EngineMaterials/Substrate/Glints2/dict_0002_0239.uasset" 9208
"../../../Engine/Content/EngineMaterials/Substrate/Glints2/dict_0002_0231.uasset" 9209
"../../../Engine/Content/EngineMaterials/Substrate/Glints2/dict_0002_0236.uasset" 9210
"../../../Engine/Content/EngineMaterials/Substrate/Glints2/dict_0002_0233.uasset" 9211
"../../../Engine/Content/EngineMaterials/Substrate/Glints2/dict_0002_0234.uasset" 9212
"/Engine/EngineMaterials/Substrate/Glints2/dict_0002_0241" 9213
"../../../Engine/Content/EngineMaterials/Substrate/Glints2/dict_0002_0230.uasset" 9214
"../../../Engine/Content/EngineMaterials/Substrate/Glints2/dict_0002_0229.uasset" 9215
"../../../Engine/Content/EngineMaterials/Substrate/Glints2/dict_0002_0237.uasset" 9216
"../../../Engine/Content/EngineMaterials/Substrate/Glints2/dict_0002_0227.uasset" 9217
"../../../Engine/Content/EngineMaterials/Substrate/Glints2/dict_0002_0232.uasset" 9218
"../../../Engine/Content/EngineMaterials/Substrate/Glints2/dict_0002_0235.uasset" 9219
"../../../Engine/Content/EngineMaterials/Substrate/Glints2/dict_0002_0228.uasset" 9220
"/Engine/EngineMaterials/Substrate/Glints2/dict_0002_0242" 9221
"/Engine/EngineMaterials/Substrate/Glints2/dict_0002_0243" 9222
"/Engine/EngineMaterials/Substrate/Glints2/dict_0002_0244" 9223
"/Engine/EngineMaterials/Substrate/Glints2/dict_0002_0245" 9224
"/Engine/EngineMaterials/Substrate/Glints2/dict_0002_0246" 9225
"/Engine/EngineMaterials/Substrate/Glints2/dict_0002_0247" 9226
"/Engine/EngineMaterials/Substrate/Glints2/dict_0002_0248" 9227
"/Engine/EngineMaterials/Substrate/Glints2/dict_0002_0249" 9228
"/Engine/EngineMaterials/Substrate/Glints2/dict_0002_0250" 9229
"/Engine/EngineMaterials/Substrate/Glints2/dict_0002_0251" 9230
"/Engine/EngineMaterials/Substrate/Glints2/dict_0002_0252" 9231
"/Engine/EngineMaterials/Substrate/Glints2/dict_0002_0253" 9232
"/Engine/EngineMaterials/Substrate/Glints2/dict_0002_0254" 9233
"/Engine/EngineMaterials/Substrate/Glints2/dict_0002_0255" 9234
"/Engine/EngineMaterials/Substrate/Glints2/dict_0003_0000" 9235
"/Engine/EngineMaterials/Substrate/Glints2/dict_0003_0002" 9236
"/Engine/EngineMaterials/Substrate/Glints2/dict_0003_0005" 9237
"../../../Engine/Content/EngineMaterials/Substrate/Glints2/dict_0002_0226.uasset" 9238
"../../../Engine/Content/EngineMaterials/Substrate/Glints2/dict_0002_0221.uasset" 9239
"../../../Engine/Content/EngineMaterials/Substrate/Glints2/dict_0002_0222.uasset" 9240
"../../../Engine/Content/EngineMaterials/Substrate/Glints2/dict_0002_0220.uasset" 9241
"../../../Engine/Content/EngineMaterials/Substrate/Glints2/dict_0002_0218.uasset" 9242
"../../../Engine/Content/EngineMaterials/Substrate/Glints2/dict_0002_0224.uasset" 9243
"/Engine/EngineMaterials/Substrate/Glints2/dict_0002_0227" 9244
"../../../Engine/Content/EngineMaterials/Substrate/Glints2/dict_0002_0213.uasset" 9245
"../../../Engine/Content/EngineMaterials/Substrate/Glints2/dict_0002_0214.uasset" 9246
"../../../Engine/Content/EngineMaterials/Substrate/Glints2/dict_0002_0217.uasset" 9247
"../../../Engine/Content/EngineMaterials/Substrate/Glints2/dict_0002_0215.uasset" 9248
"../../../Engine/Content/EngineMaterials/Substrate/Glints2/dict_0002_0210.uasset" 9249
"../../../Engine/Content/EngineMaterials/Substrate/Glints2/dict_0002_0219.uasset" 9250
"../../../Engine/Content/EngineMaterials/Substrate/Glints2/dict_0002_0211.uasset" 9251
"../../../Engine/Content/EngineMaterials/Substrate/Glints2/dict_0002_0223.uasset" 9252
"../../../Engine/Content/EngineMaterials/Substrate/Glints2/dict_0002_0209.uasset" 9253
"../../../Engine/Content/EngineMaterials/Substrate/Glints2/dict_0002_0212.uasset" 9254
"../../../Engine/Content/EngineMaterials/Substrate/Glints2/dict_0002_0216.uasset" 9255
"../../../Engine/Content/EngineMaterials/Substrate/Glints2/dict_0002_0225.uasset" 9256
"/Engine/EngineMaterials/Substrate/Glints2/dict_0002_0228" 9257
"/Engine/EngineMaterials/Substrate/Glints2/dict_0002_0229" 9258
"/Engine/EngineMaterials/Substrate/Glints2/dict_0002_0230" 9259
"/Engine/EngineMaterials/Substrate/Glints2/dict_0002_0231" 9260
"/Engine/EngineMaterials/Substrate/Glints2/dict_0002_0232" 9261
"/Engine/EngineMaterials/Substrate/Glints2/dict_0002_0233" 9262
"/Engine/EngineMaterials/Substrate/Glints2/dict_0002_0234" 9263
"/Engine/EngineMaterials/Substrate/Glints2/dict_0002_0235" 9264
"/Engine/EngineMaterials/Substrate/Glints2/dict_0002_0236" 9265
"/Engine/EngineMaterials/Substrate/Glints2/dict_0002_0237" 9266
"/Engine/EngineMaterials/Substrate/Glints2/dict_0002_0238" 9267
"/Engine/EngineMaterials/Substrate/Glints2/dict_0002_0239" 9268
"/Engine/EngineMaterials/Substrate/Glints2/dict_0002_0226" 9269
"/Engine/EngineMaterials/Substrate/Glints2/dict_0002_0240" 9270
"../../../Engine/Content/EngineMaterials/Substrate/Glints2/dict_0002_0208.uasset" 9271
"../../../Engine/Content/EngineMaterials/Substrate/Glints2/dict_0002_0206.uasset" 9272
"../../../Engine/Content/EngineMaterials/Substrate/Glints2/dict_0002_0205.uasset" 9273
"../../../Engine/Content/EngineMaterials/Substrate/Glints2/dict_0002_0207.uasset" 9274
"../../../Engine/Content/EngineMaterials/Substrate/Glints2/dict_0002_0198.uasset" 9275
"../../../Engine/Content/EngineMaterials/Substrate/Glints2/dict_0002_0203.uasset" 9276
"../../../Engine/Content/EngineMaterials/Substrate/Glints2/dict_0002_0204.uasset" 9277
"../../../Engine/Content/EngineMaterials/Substrate/Glints2/dict_0002_0194.uasset" 9278
"../../../Engine/Content/EngineMaterials/Substrate/Glints2/dict_0002_0196.uasset" 9279
"../../../Engine/Content/EngineMaterials/Substrate/Glints2/dict_0002_0195.uasset" 9280
"../../../Engine/Content/EngineMaterials/Substrate/Glints2/dict_0002_0202.uasset" 9281
"../../../Engine/Content/EngineMaterials/Substrate/Glints2/dict_0002_0201.uasset" 9282
"../../../Engine/Content/EngineMaterials/Substrate/Glints2/dict_0002_0197.uasset" 9283
"../../../Engine/Content/EngineMaterials/Substrate/Glints2/dict_0002_0200.uasset" 9284
"/Engine/EngineMaterials/Substrate/Glints2/dict_0002_0209" 9285
"../../../Engine/Content/EngineMaterials/Substrate/Glints2/dict_0002_0199.uasset" 9286
"/Engine/EngineMaterials/Substrate/Glints2/dict_0002_0210" 9287
"/Engine/EngineMaterials/Substrate/Glints2/dict_0002_0211" 9288
"/Engine/EngineMaterials/Substrate/Glints2/dict_0002_0212" 9289
"/Engine/EngineMaterials/Substrate/Glints2/dict_0002_0213" 9290
"/Engine/EngineMaterials/Substrate/Glints2/dict_0002_0214" 9291
"/Engine/EngineMaterials/Substrate/Glints2/dict_0002_0215" 9292
"/Engine/EngineMaterials/Substrate/Glints2/dict_0002_0216" 9293
"/Engine/EngineMaterials/Substrate/Glints2/dict_0002_0217" 9294
"/Engine/EngineMaterials/Substrate/Glints2/dict_0002_0218" 9295
"/Engine/EngineMaterials/Substrate/Glints2/dict_0002_0219" 9296
"/Engine/EngineMaterials/Substrate/Glints2/dict_0002_0220" 9297
"/Engine/EngineMaterials/Substrate/Glints2/dict_0002_0221" 9298
"/Engine/EngineMaterials/Substrate/Glints2/dict_0002_0222" 9299
"/Engine/EngineMaterials/Substrate/Glints2/dict_0002_0223" 9300
"/Engine/EngineMaterials/Substrate/Glints2/dict_0002_0224" 9301
"/Engine/EngineMaterials/Substrate/Glints2/dict_0002_0225" 9302
"/Engine/EngineMaterials/Substrate/Glints2/dict_0002_0208" 9303
"../../../Engine/Content/EngineMaterials/Substrate/Glints2/dict_0002_0193.uasset" 9304
"../../../Engine/Content/EngineMaterials/Substrate/Glints2/dict_0002_0191.uasset" 9305
"../../../Engine/Content/EngineMaterials/Substrate/Glints2/dict_0002_0192.uasset" 9306
"../../../Engine/Content/EngineMaterials/Substrate/Glints2/dict_0002_0187.uasset" 9307
"../../../Engine/Content/EngineMaterials/Substrate/Glints2/dict_0002_0186.uasset" 9308
"../../../Engine/Content/EngineMaterials/Substrate/Glints2/dict_0002_0183.uasset" 9309
"../../../Engine/Content/EngineMaterials/Substrate/Glints2/dict_0002_0182.uasset" 9310
"../../../Engine/Content/EngineMaterials/Substrate/Glints2/dict_0002_0178.uasset" 9311
"../../../Engine/Content/EngineMaterials/Substrate/Glints2/dict_0002_0177.uasset" 9312
"../../../Engine/Content/EngineMaterials/Substrate/Glints2/dict_0002_0190.uasset" 9313
"../../../Engine/Content/EngineMaterials/Substrate/Glints2/dict_0002_0185.uasset" 9314
"../../../Engine/Content/EngineMaterials/Substrate/Glints2/dict_0002_0189.uasset" 9315
"../../../Engine/Content/EngineMaterials/Substrate/Glints2/dict_0002_0184.uasset" 9316
"../../../Engine/Content/EngineMaterials/Substrate/Glints2/dict_0002_0180.uasset" 9317
"../../../Engine/Content/EngineMaterials/Substrate/Glints2/dict_0002_0188.uasset" 9318
"../../../Engine/Content/EngineMaterials/Substrate/Glints2/dict_0002_0181.uasset" 9319
"/Engine/EngineMaterials/Substrate/Glints2/dict_0002_0194" 9320
"../../../Engine/Content/EngineMaterials/Substrate/Glints2/dict_0002_0176.uasset" 9321
"../../../Engine/Content/EngineMaterials/Substrate/Glints2/dict_0002_0179.uasset" 9322
"/Engine/EngineMaterials/Substrate/Glints2/dict_0002_0195" 9323
"/Engine/EngineMaterials/Substrate/Glints2/dict_0002_0196" 9324
"/Engine/EngineMaterials/Substrate/Glints2/dict_0002_0197" 9325
"/Engine/EngineMaterials/Substrate/Glints2/dict_0002_0198" 9326
"/Engine/EngineMaterials/Substrate/Glints2/dict_0002_0199" 9327
"/Engine/EngineMaterials/Substrate/Glints2/dict_0002_0200" 9328
"/Engine/EngineMaterials/Substrate/Glints2/dict_0002_0201" 9329
"/Engine/EngineMaterials/Substrate/Glints2/dict_0002_0202" 9330
"/Engine/EngineMaterials/Substrate/Glints2/dict_0002_0191" 9331
"/Engine/EngineMaterials/Substrate/Glints2/dict_0002_0203" 9332
"/Engine/EngineMaterials/Substrate/Glints2/dict_0002_0204" 9333
"/Engine/EngineMaterials/Substrate/Glints2/dict_0002_0205" 9334
"/Engine/EngineMaterials/Substrate/Glints2/dict_0002_0206" 9335
"/Engine/EngineMaterials/Substrate/Glints2/dict_0002_0207" 9336
"/Engine/EngineMaterials/Substrate/Glints2/dict_0002_0193" 9337
"../../../Engine/Content/EngineMaterials/Substrate/Glints2/dict_0002_0172.uasset" 9338
"../../../Engine/Content/EngineMaterials/Substrate/Glints2/dict_0002_0174.uasset" 9339
"../../../Engine/Content/EngineMaterials/Substrate/Glints2/dict_0002_0171.uasset" 9340
"../../../Engine/Content/EngineMaterials/Substrate/Glints2/dict_0002_0170.uasset" 9341
"/Engine/EngineMaterials/Substrate/Glints2/dict_0002_0176" 9342
"../../../Engine/Content/EngineMaterials/Substrate/Glints2/dict_0002_0168.uasset" 9343
"../../../Engine/Content/EngineMaterials/Substrate/Glints2/dict_0002_0173.uasset" 9344
"../../../Engine/Content/EngineMaterials/Substrate/Glints2/dict_0002_0169.uasset" 9345
"../../../Engine/Content/EngineMaterials/Substrate/Glints2/dict_0002_0160.uasset" 9346
"../../../Engine/Content/EngineMaterials/Substrate/Glints2/dict_0002_0161.uasset" 9347
"../../../Engine/Content/EngineMaterials/Substrate/Glints2/dict_0002_0166.uasset" 9348
"../../../Engine/Content/EngineMaterials/Substrate/Glints2/dict_0002_0167.uasset" 9349
"../../../Engine/Content/EngineMaterials/Substrate/Glints2/dict_0002_0175.uasset" 9350
"../../../Engine/Content/EngineMaterials/Substrate/Glints2/dict_0002_0164.uasset" 9351
"../../../Engine/Content/EngineMaterials/Substrate/Glints2/dict_0002_0163.uasset" 9352
"../../../Engine/Content/EngineMaterials/Substrate/Glints2/dict_0002_0162.uasset" 9353
"/Engine/EngineMaterials/Substrate/Glints2/dict_0002_0177" 9354
"../../../Engine/Content/EngineMaterials/Substrate/Glints2/dict_0002_0165.uasset" 9355
"/Engine/EngineMaterials/Substrate/Glints2/dict_0002_0178" 9356
"/Engine/EngineMaterials/Substrate/Glints2/dict_0002_0179" 9357
"/Engine/EngineMaterials/Substrate/Glints2/dict_0002_0180" 9358
"/Engine/EngineMaterials/Substrate/Glints2/dict_0002_0181" 9359
"/Engine/EngineMaterials/Substrate/Glints2/dict_0002_0182" 9360
"/Engine/EngineMaterials/Substrate/Glints2/dict_0002_0183" 9361
"/Engine/EngineMaterials/Substrate/Glints2/dict_0002_0184" 9362
"/Engine/EngineMaterials/Substrate/Glints2/dict_0002_0185" 9363
"/Engine/EngineMaterials/Substrate/Glints2/dict_0002_0186" 9364
"/Engine/EngineMaterials/Substrate/Glints2/dict_0002_0187" 9365
"/Engine/EngineMaterials/Substrate/Glints2/dict_0002_0188" 9366
"/Engine/EngineMaterials/Substrate/Glints2/dict_0002_0189" 9367
"/Engine/EngineMaterials/Substrate/Glints2/dict_0002_0190" 9368
"/Engine/EngineMaterials/Substrate/Glints2/dict_0002_0192" 9369
"../../../Engine/Content/EngineMaterials/Substrate/Glints2/dict_0002_0157.uasset" 9370
"../../../Engine/Content/EngineMaterials/Substrate/Glints2/dict_0002_0159.uasset" 9371
"../../../Engine/Content/EngineMaterials/Substrate/Glints2/dict_0002_0151.uasset" 9372
"../../../Engine/Content/EngineMaterials/Substrate/Glints2/dict_0002_0158.uasset" 9373
"../../../Engine/Content/EngineMaterials/Substrate/Glints2/dict_0002_0149.uasset" 9374
"../../../Engine/Content/EngineMaterials/Substrate/Glints2/dict_0002_0155.uasset" 9375
"../../../Engine/Content/EngineMaterials/Substrate/Glints2/dict_0002_0150.uasset" 9376
"../../../Engine/Content/EngineMaterials/Substrate/Glints2/dict_0002_0148.uasset" 9377
"/Engine/EngineMaterials/Substrate/Glints2/dict_0002_0160" 9378
"../../../Engine/Content/EngineMaterials/Substrate/Glints2/dict_0002_0154.uasset" 9379
"../../../Engine/Content/EngineMaterials/Substrate/Glints2/dict_0002_0147.uasset" 9380
"../../../Engine/Content/EngineMaterials/Substrate/Glints2/dict_0002_0152.uasset" 9381
"../../../Engine/Content/EngineMaterials/Substrate/Glints2/dict_0002_0144.uasset" 9382
"../../../Engine/Content/EngineMaterials/Substrate/Glints2/dict_0002_0145.uasset" 9383
"../../../Engine/Content/EngineMaterials/Substrate/Glints2/dict_0002_0153.uasset" 9384
"../../../Engine/Content/EngineMaterials/Substrate/Glints2/dict_0002_0156.uasset" 9385
"../../../Engine/Content/EngineMaterials/Substrate/Glints2/dict_0002_0146.uasset" 9386
"/Engine/EngineMaterials/Substrate/Glints2/dict_0002_0161" 9387
"/Engine/EngineMaterials/Substrate/Glints2/dict_0002_0162" 9388
"/Engine/EngineMaterials/Substrate/Glints2/dict_0002_0163" 9389
"/Engine/EngineMaterials/Substrate/Glints2/dict_0002_0164" 9390
"/Engine/EngineMaterials/Substrate/Glints2/dict_0002_0165" 9391
"/Engine/EngineMaterials/Substrate/Glints2/dict_0002_0166" 9392
"/Engine/EngineMaterials/Substrate/Glints2/dict_0002_0167" 9393
"/Engine/EngineMaterials/Substrate/Glints2/dict_0002_0168" 9394
"/Engine/EngineMaterials/Substrate/Glints2/dict_0002_0169" 9395
"/Engine/EngineMaterials/Substrate/Glints2/dict_0002_0170" 9396
"/Engine/EngineMaterials/Substrate/Glints2/dict_0002_0171" 9397
"/Engine/EngineMaterials/Substrate/Glints2/dict_0002_0172" 9398
"/Engine/EngineMaterials/Substrate/Glints2/dict_0002_0173" 9399
"/Engine/EngineMaterials/Substrate/Glints2/dict_0002_0174" 9400
"/Engine/EngineMaterials/Substrate/Glints2/dict_0002_0175" 9401
"../../../Engine/Content/EngineMaterials/Substrate/Glints2/dict_0002_0142.uasset" 9402
"../../../Engine/Content/EngineMaterials/Substrate/Glints2/dict_0002_0140.uasset" 9403
"../../../Engine/Content/EngineMaterials/Substrate/Glints2/dict_0002_0141.uasset" 9404
"../../../Engine/Content/EngineMaterials/Substrate/Glints2/dict_0002_0136.uasset" 9405
"../../../Engine/Content/EngineMaterials/Substrate/Glints2/dict_0002_0134.uasset" 9406
"../../../Engine/Content/EngineMaterials/Substrate/Glints2/dict_0002_0132.uasset" 9407
"../../../Engine/Content/EngineMaterials/Substrate/Glints2/dict_0002_0143.uasset" 9408
"../../../Engine/Content/EngineMaterials/Substrate/Glints2/dict_0002_0133.uasset" 9409
"/Engine/EngineMaterials/Substrate/Glints2/dict_0002_0144" 9410
"../../../Engine/Content/EngineMaterials/Substrate/Glints2/dict_0002_0135.uasset" 9411
"../../../Engine/Content/EngineMaterials/Substrate/Glints2/dict_0002_0137.uasset" 9412
"../../../Engine/Content/EngineMaterials/Substrate/Glints2/dict_0002_0130.uasset" 9413
"../../../Engine/Content/EngineMaterials/Substrate/Glints2/dict_0002_0129.uasset" 9414
"../../../Engine/Content/EngineMaterials/Substrate/Glints2/dict_0002_0131.uasset" 9415
"../../../Engine/Content/EngineMaterials/Substrate/Glints2/dict_0002_0139.uasset" 9416
"../../../Engine/Content/EngineMaterials/Substrate/Glints2/dict_0002_0138.uasset" 9417
"../../../Engine/Content/EngineMaterials/Substrate/Glints2/dict_0002_0128.uasset" 9418
"/Engine/EngineMaterials/Substrate/Glints2/dict_0002_0145" 9419
"/Engine/EngineMaterials/Substrate/Glints2/dict_0002_0146" 9420
"/Engine/EngineMaterials/Substrate/Glints2/dict_0002_0147" 9421
"/Engine/EngineMaterials/Substrate/Glints2/dict_0002_0148" 9422
"/Engine/EngineMaterials/Substrate/Glints2/dict_0002_0149" 9423
"/Engine/EngineMaterials/Substrate/Glints2/dict_0002_0150" 9424
"/Engine/EngineMaterials/Substrate/Glints2/dict_0002_0151" 9425
"/Engine/EngineMaterials/Substrate/Glints2/dict_0002_0152" 9426
"/Engine/EngineMaterials/Substrate/Glints2/dict_0002_0153" 9427
"/Engine/EngineMaterials/Substrate/Glints2/dict_0002_0154" 9428
"/Engine/EngineMaterials/Substrate/Glints2/dict_0002_0155" 9429
"/Engine/EngineMaterials/Substrate/Glints2/dict_0002_0156" 9430
"/Engine/EngineMaterials/Substrate/Glints2/dict_0002_0157" 9431
"/Engine/EngineMaterials/Substrate/Glints2/dict_0002_0158" 9432
"/Engine/EngineMaterials/Substrate/Glints2/dict_0002_0159" 9433
"../../../Engine/Content/EngineMaterials/Substrate/Glints2/dict_0002_0127.uasset" 9434
"../../../Engine/Content/EngineMaterials/Substrate/Glints2/dict_0002_0122.uasset" 9435
"../../../Engine/Content/EngineMaterials/Substrate/Glints2/dict_0002_0125.uasset" 9436
"/Engine/EngineMaterials/Substrate/Glints2/dict_0002_0128" 9437
"../../../Engine/Content/EngineMaterials/Substrate/Glints2/dict_0002_0116.uasset" 9438
"../../../Engine/Content/EngineMaterials/Substrate/Glints2/dict_0002_0124.uasset" 9439
"../../../Engine/Content/EngineMaterials/Substrate/Glints2/dict_0002_0114.uasset" 9440
"../../../Engine/Content/EngineMaterials/Substrate/Glints2/dict_0002_0115.uasset" 9441
"../../../Engine/Content/EngineMaterials/Substrate/Glints2/dict_0002_0123.uasset" 9442
"../../../Engine/Content/EngineMaterials/Substrate/Glints2/dict_0002_0117.uasset" 9443
"../../../Engine/Content/EngineMaterials/Substrate/Glints2/dict_0002_0121.uasset" 9444
"../../../Engine/Content/EngineMaterials/Substrate/Glints2/dict_0002_0119.uasset" 9445
"../../../Engine/Content/EngineMaterials/Substrate/Glints2/dict_0002_0118.uasset" 9446
"../../../Engine/Content/EngineMaterials/Substrate/Glints2/dict_0002_0112.uasset" 9447
"../../../Engine/Content/EngineMaterials/Substrate/Glints2/dict_0002_0120.uasset" 9448
"../../../Engine/Content/EngineMaterials/Substrate/Glints2/dict_0002_0126.uasset" 9449
"../../../Engine/Content/EngineMaterials/Substrate/Glints2/dict_0002_0113.uasset" 9450
"/Engine/EngineMaterials/Substrate/Glints2/dict_0002_0129" 9451
"/Engine/EngineMaterials/Substrate/Glints2/dict_0002_0130" 9452
"/Engine/EngineMaterials/Substrate/Glints2/dict_0002_0131" 9453
"/Engine/EngineMaterials/Substrate/Glints2/dict_0002_0132" 9454
"/Engine/EngineMaterials/Substrate/Glints2/dict_0002_0133" 9455
"/Engine/EngineMaterials/Substrate/Glints2/dict_0002_0134" 9456
"/Engine/EngineMaterials/Substrate/Glints2/dict_0002_0135" 9457
"/Engine/EngineMaterials/Substrate/Glints2/dict_0002_0136" 9458
"/Engine/EngineMaterials/Substrate/Glints2/dict_0002_0137" 9459
"/Engine/EngineMaterials/Substrate/Glints2/dict_0002_0138" 9460
"/Engine/EngineMaterials/Substrate/Glints2/dict_0002_0139" 9461
"/Engine/EngineMaterials/Substrate/Glints2/dict_0002_0140" 9462
"/Engine/EngineMaterials/Substrate/Glints2/dict_0002_0141" 9463
"/Engine/EngineMaterials/Substrate/Glints2/dict_0002_0142" 9464
"/Engine/EngineMaterials/Substrate/Glints2/dict_0002_0143" 9465
"../../../Engine/Content/EngineMaterials/Substrate/Glints2/dict_0002_0111.uasset" 9466
"../../../Engine/Content/EngineMaterials/Substrate/Glints2/dict_0002_0110.uasset" 9467
"../../../Engine/Content/EngineMaterials/Substrate/Glints2/dict_0002_0105.uasset" 9468
"../../../Engine/Content/EngineMaterials/Substrate/Glints2/dict_0002_0108.uasset" 9469
"../../../Engine/Content/EngineMaterials/Substrate/Glints2/dict_0002_0104.uasset" 9470
"../../../Engine/Content/EngineMaterials/Substrate/Glints2/dict_0002_0103.uasset" 9471
"../../../Engine/Content/EngineMaterials/Substrate/Glints2/dict_0002_0106.uasset" 9472
"/Engine/EngineMaterials/Substrate/Glints2/dict_0002_0112" 9473
"../../../Engine/Content/EngineMaterials/Substrate/Glints2/dict_0002_0100.uasset" 9474
"../../../Engine/Content/EngineMaterials/Substrate/Glints2/dict_0002_0098.uasset" 9475
"../../../Engine/Content/EngineMaterials/Substrate/Glints2/dict_0002_0096.uasset" 9476
"../../../Engine/Content/EngineMaterials/Substrate/Glints2/dict_0002_0097.uasset" 9477
"../../../Engine/Content/EngineMaterials/Substrate/Glints2/dict_0002_0109.uasset" 9478
"../../../Engine/Content/EngineMaterials/Substrate/Glints2/dict_0002_0107.uasset" 9479
"../../../Engine/Content/EngineMaterials/Substrate/Glints2/dict_0002_0102.uasset" 9480
"../../../Engine/Content/EngineMaterials/Substrate/Glints2/dict_0002_0099.uasset" 9481
"../../../Engine/Content/EngineMaterials/Substrate/Glints2/dict_0002_0101.uasset" 9482
"/Engine/EngineMaterials/Substrate/Glints2/dict_0002_0113" 9483
"/Engine/EngineMaterials/Substrate/Glints2/dict_0002_0114" 9484
"/Engine/EngineMaterials/Substrate/Glints2/dict_0002_0115" 9485
"/Engine/EngineMaterials/Substrate/Glints2/dict_0002_0116" 9486
"/Engine/EngineMaterials/Substrate/Glints2/dict_0002_0117" 9487
"/Engine/EngineMaterials/Substrate/Glints2/dict_0002_0118" 9488
"/Engine/EngineMaterials/Substrate/Glints2/dict_0002_0119" 9489
"/Engine/EngineMaterials/Substrate/Glints2/dict_0002_0120" 9490
"/Engine/EngineMaterials/Substrate/Glints2/dict_0002_0121" 9491
"/Engine/EngineMaterials/Substrate/Glints2/dict_0002_0122" 9492
"/Engine/EngineMaterials/Substrate/Glints2/dict_0002_0123" 9493
"/Engine/EngineMaterials/Substrate/Glints2/dict_0002_0124" 9494
"/Engine/EngineMaterials/Substrate/Glints2/dict_0002_0125" 9495
"/Engine/EngineMaterials/Substrate/Glints2/dict_0002_0126" 9496
"/Engine/EngineMaterials/Substrate/Glints2/dict_0002_0127" 9497
"../../../Engine/Content/EngineMaterials/Substrate/Glints2/dict_0002_0094.uasset" 9498
"../../../Engine/Content/EngineMaterials/Substrate/Glints2/dict_0002_0095.uasset" 9499
"../../../Engine/Content/EngineMaterials/Substrate/Glints2/dict_0002_0089.uasset" 9500
"../../../Engine/Content/EngineMaterials/Substrate/Glints2/dict_0002_0092.uasset" 9501
"/Engine/EngineMaterials/Substrate/Glints2/dict_0002_0096" 9502
"../../../Engine/Content/EngineMaterials/Substrate/Glints2/dict_0002_0084.uasset" 9503
"../../../Engine/Content/EngineMaterials/Substrate/Glints2/dict_0002_0087.uasset" 9504
"../../../Engine/Content/EngineMaterials/Substrate/Glints2/dict_0002_0093.uasset" 9505
"../../../Engine/Content/EngineMaterials/Substrate/Glints2/dict_0002_0085.uasset" 9506
"../../../Engine/Content/EngineMaterials/Substrate/Glints2/dict_0002_0082.uasset" 9507
"../../../Engine/Content/EngineMaterials/Substrate/Glints2/dict_0002_0083.uasset" 9508
"../../../Engine/Content/EngineMaterials/Substrate/Glints2/dict_0002_0081.uasset" 9509
"../../../Engine/Content/EngineMaterials/Substrate/Glints2/dict_0002_0090.uasset" 9510
"../../../Engine/Content/EngineMaterials/Substrate/Glints2/dict_0002_0080.uasset" 9511
"../../../Engine/Content/EngineMaterials/Substrate/Glints2/dict_0002_0088.uasset" 9512
"../../../Engine/Content/EngineMaterials/Substrate/Glints2/dict_0002_0091.uasset" 9513
"../../../Engine/Content/EngineMaterials/Substrate/Glints2/dict_0002_0086.uasset" 9514
"/Engine/EngineMaterials/Substrate/Glints2/dict_0002_0097" 9515
"/Engine/EngineMaterials/Substrate/Glints2/dict_0002_0098" 9516
"/Engine/EngineMaterials/Substrate/Glints2/dict_0002_0099" 9517
"/Engine/EngineMaterials/Substrate/Glints2/dict_0002_0100" 9518
"/Engine/EngineMaterials/Substrate/Glints2/dict_0002_0101" 9519
"/Engine/EngineMaterials/Substrate/Glints2/dict_0002_0102" 9520
"/Engine/EngineMaterials/Substrate/Glints2/dict_0002_0103" 9521
"/Engine/EngineMaterials/Substrate/Glints2/dict_0002_0104" 9522
"/Engine/EngineMaterials/Substrate/Glints2/dict_0002_0105" 9523
"/Engine/EngineMaterials/Substrate/Glints2/dict_0002_0106" 9524
"/Engine/EngineMaterials/Substrate/Glints2/dict_0002_0107" 9525
"/Engine/EngineMaterials/Substrate/Glints2/dict_0002_0108" 9526
"/Engine/EngineMaterials/Substrate/Glints2/dict_0002_0109" 9527
"/Engine/EngineMaterials/Substrate/Glints2/dict_0002_0110" 9528
"/Engine/EngineMaterials/Substrate/Glints2/dict_0002_0111" 9529
"../../../Engine/Content/EngineMaterials/Substrate/Glints2/dict_0002_0079.uasset" 9530
"../../../Engine/Content/EngineMaterials/Substrate/Glints2/dict_0002_0078.uasset" 9531
"../../../Engine/Content/EngineMaterials/Substrate/Glints2/dict_0002_0073.uasset" 9532
"../../../Engine/Content/EngineMaterials/Substrate/Glints2/dict_0002_0071.uasset" 9533
"/Engine/EngineMaterials/Substrate/Glints2/dict_0002_0080" 9534
"../../../Engine/Content/EngineMaterials/Substrate/Glints2/dict_0002_0076.uasset" 9535
"../../../Engine/Content/EngineMaterials/Substrate/Glints2/dict_0002_0066.uasset" 9536
"../../../Engine/Content/EngineMaterials/Substrate/Glints2/dict_0002_0070.uasset" 9537
"../../../Engine/Content/EngineMaterials/Substrate/Glints2/dict_0002_0067.uasset" 9538
"../../../Engine/Content/EngineMaterials/Substrate/Glints2/dict_0002_0064.uasset" 9539
"../../../Engine/Content/EngineMaterials/Substrate/Glints2/dict_0002_0074.uasset" 9540
"../../../Engine/Content/EngineMaterials/Substrate/Glints2/dict_0002_0077.uasset" 9541
"../../../Engine/Content/EngineMaterials/Substrate/Glints2/dict_0002_0065.uasset" 9542
"../../../Engine/Content/EngineMaterials/Substrate/Glints2/dict_0002_0075.uasset" 9543
"../../../Engine/Content/EngineMaterials/Substrate/Glints2/dict_0002_0069.uasset" 9544
"../../../Engine/Content/EngineMaterials/Substrate/Glints2/dict_0002_0068.uasset" 9545
"../../../Engine/Content/EngineMaterials/Substrate/Glints2/dict_0002_0072.uasset" 9546
"/Engine/EngineMaterials/Substrate/Glints2/dict_0002_0081" 9547
"/Engine/EngineMaterials/Substrate/Glints2/dict_0002_0082" 9548
"/Engine/EngineMaterials/Substrate/Glints2/dict_0002_0083" 9549
"/Engine/EngineMaterials/Substrate/Glints2/dict_0002_0084" 9550
"/Engine/EngineMaterials/Substrate/Glints2/dict_0002_0085" 9551
"/Engine/EngineMaterials/Substrate/Glints2/dict_0002_0086" 9552
"/Engine/EngineMaterials/Substrate/Glints2/dict_0002_0087" 9553
"/Engine/EngineMaterials/Substrate/Glints2/dict_0002_0088" 9554
"/Engine/EngineMaterials/Substrate/Glints2/dict_0002_0089" 9555
"/Engine/EngineMaterials/Substrate/Glints2/dict_0002_0090" 9556
"/Engine/EngineMaterials/Substrate/Glints2/dict_0002_0091" 9557
"/Engine/EngineMaterials/Substrate/Glints2/dict_0002_0092" 9558
"/Engine/EngineMaterials/Substrate/Glints2/dict_0002_0093" 9559
"/Engine/EngineMaterials/Substrate/Glints2/dict_0002_0094" 9560
"/Engine/EngineMaterials/Substrate/Glints2/dict_0002_0095" 9561
"/Engine/EngineMaterials/Substrate/Glints2/dict_0002_0079" 9562
"../../../Engine/Content/EngineMaterials/Substrate/Glints2/dict_0002_0062.uasset" 9563
"../../../Engine/Content/EngineMaterials/Substrate/Glints2/dict_0002_0054.uasset" 9564
"../../../Engine/Content/EngineMaterials/Substrate/Glints2/dict_0002_0053.uasset" 9565
"../../../Engine/Content/EngineMaterials/Substrate/Glints2/dict_0002_0063.uasset" 9566
"../../../Engine/Content/EngineMaterials/Substrate/Glints2/dict_0002_0057.uasset" 9567
"../../../Engine/Content/EngineMaterials/Substrate/Glints2/dict_0002_0055.uasset" 9568
"../../../Engine/Content/EngineMaterials/Substrate/Glints2/dict_0002_0058.uasset" 9569
"../../../Engine/Content/EngineMaterials/Substrate/Glints2/dict_0002_0047.uasset" 9570
"../../../Engine/Content/EngineMaterials/Substrate/Glints2/dict_0002_0048.uasset" 9571
"../../../Engine/Content/EngineMaterials/Substrate/Glints2/dict_0002_0061.uasset" 9572
"../../../Engine/Content/EngineMaterials/Substrate/Glints2/dict_0002_0056.uasset" 9573
"../../../Engine/Content/EngineMaterials/Substrate/Glints2/dict_0002_0060.uasset" 9574
"../../../Engine/Content/EngineMaterials/Substrate/Glints2/dict_0002_0050.uasset" 9575
"../../../Engine/Content/EngineMaterials/Substrate/Glints2/dict_0002_0052.uasset" 9576
"../../../Engine/Content/EngineMaterials/Substrate/Glints2/dict_0002_0049.uasset" 9577
"../../../Engine/Content/EngineMaterials/Substrate/Glints2/dict_0002_0059.uasset" 9578
"/Engine/EngineMaterials/Substrate/Glints2/dict_0002_0064" 9579
"../../../Engine/Content/EngineMaterials/Substrate/Glints2/dict_0002_0051.uasset" 9580
"/Engine/EngineMaterials/Substrate/Glints2/dict_0002_0065" 9581
"/Engine/EngineMaterials/Substrate/Glints2/dict_0002_0066" 9582
"/Engine/EngineMaterials/Substrate/Glints2/dict_0002_0067" 9583
"/Engine/EngineMaterials/Substrate/Glints2/dict_0002_0068" 9584
"/Engine/EngineMaterials/Substrate/Glints2/dict_0002_0069" 9585
"/Engine/EngineMaterials/Substrate/Glints2/dict_0002_0070" 9586
"/Engine/EngineMaterials/Substrate/Glints2/dict_0002_0071" 9587
"/Engine/EngineMaterials/Substrate/Glints2/dict_0002_0072" 9588
"/Engine/EngineMaterials/Substrate/Glints2/dict_0002_0073" 9589
"/Engine/EngineMaterials/Substrate/Glints2/dict_0002_0074" 9590
"/Engine/EngineMaterials/Substrate/Glints2/dict_0002_0075" 9591
"/Engine/EngineMaterials/Substrate/Glints2/dict_0002_0076" 9592
"/Engine/EngineMaterials/Substrate/Glints2/dict_0002_0077" 9593
"/Engine/EngineMaterials/Substrate/Glints2/dict_0002_0078" 9594
"../../../Engine/Content/EngineMaterials/Substrate/Glints2/dict_0002_0044.uasset" 9595
"../../../Engine/Content/EngineMaterials/Substrate/Glints2/dict_0002_0041.uasset" 9596
"../../../Engine/Content/EngineMaterials/Substrate/Glints2/dict_0002_0035.uasset" 9597
"../../../Engine/Content/EngineMaterials/Substrate/Glints2/dict_0002_0036.uasset" 9598
"../../../Engine/Content/EngineMaterials/Substrate/Glints2/dict_0002_0034.uasset" 9599
"/Engine/EngineMaterials/Substrate/Glints2/dict_0002_0047" 9600
"../../../Engine/Content/EngineMaterials/Substrate/Glints2/dict_0002_0040.uasset" 9601
"../../../Engine/Content/EngineMaterials/Substrate/Glints2/dict_0002_0038.uasset" 9602
"../../../Engine/Content/EngineMaterials/Substrate/Glints2/dict_0002_0033.uasset" 9603
"../../../Engine/Content/EngineMaterials/Substrate/Glints2/dict_0002_0037.uasset" 9604
"../../../Engine/Content/EngineMaterials/Substrate/Glints2/dict_0002_0043.uasset" 9605
"../../../Engine/Content/EngineMaterials/Substrate/Glints2/dict_0002_0039.uasset" 9606
"../../../Engine/Content/EngineMaterials/Substrate/Glints2/dict_0002_0046.uasset" 9607
"../../../Engine/Content/EngineMaterials/Substrate/Glints2/dict_0002_0045.uasset" 9608
"../../../Engine/Content/EngineMaterials/Substrate/Glints2/dict_0002_0032.uasset" 9609
"../../../Engine/Content/EngineMaterials/Substrate/Glints2/dict_0002_0042.uasset" 9610
"/Engine/EngineMaterials/Substrate/Glints2/dict_0002_0048" 9611
"/Engine/EngineMaterials/Substrate/Glints2/dict_0002_0049" 9612
"/Engine/EngineMaterials/Substrate/Glints2/dict_0002_0050" 9613
"/Engine/EngineMaterials/Substrate/Glints2/dict_0002_0051" 9614
"/Engine/EngineMaterials/Substrate/Glints2/dict_0002_0052" 9615
"/Engine/EngineMaterials/Substrate/Glints2/dict_0002_0053" 9616
"/Engine/EngineMaterials/Substrate/Glints2/dict_0002_0054" 9617
"/Engine/EngineMaterials/Substrate/Glints2/dict_0002_0055" 9618
"/Engine/EngineMaterials/Substrate/Glints2/dict_0002_0056" 9619
"/Engine/EngineMaterials/Substrate/Glints2/dict_0002_0057" 9620
"/Engine/EngineMaterials/Substrate/Glints2/dict_0002_0058" 9621
"/Engine/EngineMaterials/Substrate/Glints2/dict_0002_0059" 9622
"/Engine/EngineMaterials/Substrate/Glints2/dict_0002_0060" 9623
"/Engine/EngineMaterials/Substrate/Glints2/dict_0002_0061" 9624
"/Engine/EngineMaterials/Substrate/Glints2/dict_0002_0062" 9625
"/Engine/EngineMaterials/Substrate/Glints2/dict_0002_0063" 9626
"../../../Engine/Content/EngineMaterials/Substrate/Glints2/dict_0002_0031.uasset" 9627
"../../../Engine/Content/EngineMaterials/Substrate/Glints2/dict_0002_0028.uasset" 9628
"../../../Engine/Content/EngineMaterials/Substrate/Glints2/dict_0002_0029.uasset" 9629
"../../../Engine/Content/EngineMaterials/Substrate/Glints2/dict_0002_0025.uasset" 9630
"../../../Engine/Content/EngineMaterials/Substrate/Glints2/dict_0002_0024.uasset" 9631
"../../../Engine/Content/EngineMaterials/Substrate/Glints2/dict_0002_0023.uasset" 9632
"../../../Engine/Content/EngineMaterials/Substrate/Glints2/dict_0002_0022.uasset" 9633
"../../../Engine/Content/EngineMaterials/Substrate/Glints2/dict_0002_0027.uasset" 9634
"../../../Engine/Content/EngineMaterials/Substrate/Glints2/dict_0002_0015.uasset" 9635
"../../../Engine/Content/EngineMaterials/Substrate/Glints2/dict_0002_0026.uasset" 9636
"../../../Engine/Content/EngineMaterials/Substrate/Glints2/dict_0002_0016.uasset" 9637
"../../../Engine/Content/EngineMaterials/Substrate/Glints2/dict_0002_0019.uasset" 9638
"../../../Engine/Content/EngineMaterials/Substrate/Glints2/dict_0002_0020.uasset" 9639
"/Engine/EngineMaterials/Substrate/Glints2/dict_0002_0032" 9640
"../../../Engine/Content/EngineMaterials/Substrate/Glints2/dict_0002_0021.uasset" 9641
"../../../Engine/Content/EngineMaterials/Substrate/Glints2/dict_0002_0017.uasset" 9642
"../../../Engine/Content/EngineMaterials/Substrate/Glints2/dict_0002_0030.uasset" 9643
"../../../Engine/Content/EngineMaterials/Substrate/Glints2/dict_0002_0018.uasset" 9644
"/Engine/EngineMaterials/Substrate/Glints2/dict_0002_0033" 9645
"/Engine/EngineMaterials/Substrate/Glints2/dict_0002_0034" 9646
"/Engine/EngineMaterials/Substrate/Glints2/dict_0002_0035" 9647
"/Engine/EngineMaterials/Substrate/Glints2/dict_0002_0036" 9648
"/Engine/EngineMaterials/Substrate/Glints2/dict_0002_0037" 9649
"/Engine/EngineMaterials/Substrate/Glints2/dict_0002_0038" 9650
"/Engine/EngineMaterials/Substrate/Glints2/dict_0002_0039" 9651
"/Engine/EngineMaterials/Substrate/Glints2/dict_0002_0040" 9652
"/Engine/EngineMaterials/Substrate/Glints2/dict_0002_0025" 9653
"/Engine/EngineMaterials/Substrate/Glints2/dict_0002_0028" 9654
"/Engine/EngineMaterials/Substrate/Glints2/dict_0002_0029" 9655
"/Engine/EngineMaterials/Substrate/Glints2/dict_0002_0041" 9656
"/Engine/EngineMaterials/Substrate/Glints2/dict_0002_0042" 9657
"/Engine/EngineMaterials/Substrate/Glints2/dict_0002_0043" 9658
"/Engine/EngineMaterials/Substrate/Glints2/dict_0002_0044" 9659
"/Engine/EngineMaterials/Substrate/Glints2/dict_0002_0045" 9660
"/Engine/EngineMaterials/Substrate/Glints2/dict_0002_0046" 9661
"/Engine/EngineMaterials/Substrate/Glints2/dict_0002_0031" 9662
"../../../Engine/Content/EngineMaterials/Substrate/Glints2/dict_0002_0010.uasset" 9663
"../../../Engine/Content/EngineMaterials/Substrate/Glints2/dict_0002_0009.uasset" 9664
"../../../Engine/Content/EngineMaterials/Substrate/Glints2/dict_0002_0013.uasset" 9665
"../../../Engine/Content/EngineMaterials/Substrate/Glints2/dict_0002_0003.uasset" 9666
"../../../Engine/Content/EngineMaterials/Substrate/Glints2/dict_0002_0008.uasset" 9667
"../../../Engine/Content/EngineMaterials/Substrate/Glints2/dict_0002_0014.uasset" 9668
"../../../Engine/Content/EngineMaterials/Substrate/Glints2/dict_0002_0004.uasset" 9669
"/Engine/EngineMaterials/Substrate/Glints2/dict_0002_0015" 9670
"../../../Engine/Content/EngineMaterials/Substrate/Glints2/dict_0002_0000.uasset" 9671
"../../../Engine/Content/EngineMaterials/Substrate/Glints2/dict_0002_0002.uasset" 9672
"../../../Engine/Content/EngineMaterials/Substrate/Glints2/dict_0002_0011.uasset" 9673
"../../../Engine/Content/EngineMaterials/Substrate/Glints2/dict_0002_0007.uasset" 9674
"../../../Engine/Content/EngineMaterials/Substrate/Glints2/dict_0001_0255.uasset" 9675
"../../../Engine/Content/EngineMaterials/Substrate/Glints2/dict_0001_0252.uasset" 9676
"../../../Engine/Content/EngineMaterials/Substrate/Glints2/dict_0001_0253.uasset" 9677
"../../../Engine/Content/EngineMaterials/Substrate/Glints2/dict_0002_0012.uasset" 9678
"../../../Engine/Content/EngineMaterials/Substrate/Glints2/dict_0002_0001.uasset" 9679
"../../../Engine/Content/EngineMaterials/Substrate/Glints2/dict_0001_0254.uasset" 9680
"../../../Engine/Content/EngineMaterials/Substrate/Glints2/dict_0002_0006.uasset" 9681
"../../../Engine/Content/EngineMaterials/Substrate/Glints2/dict_0002_0005.uasset" 9682
"/Engine/EngineMaterials/Substrate/Glints2/dict_0002_0016" 9683
"/Engine/EngineMaterials/Substrate/Glints2/dict_0002_0017" 9684
"/Engine/EngineMaterials/Substrate/Glints2/dict_0002_0018" 9685
"/Engine/EngineMaterials/Substrate/Glints2/dict_0002_0019" 9686
"/Engine/EngineMaterials/Substrate/Glints2/dict_0002_0020" 9687
"/Engine/EngineMaterials/Substrate/Glints2/dict_0002_0021" 9688
"/Engine/EngineMaterials/Substrate/Glints2/dict_0002_0022" 9689
"/Engine/EngineMaterials/Substrate/Glints2/dict_0002_0023" 9690
"/Engine/EngineMaterials/Substrate/Glints2/dict_0002_0024" 9691
"/Engine/EngineMaterials/Substrate/Glints2/dict_0002_0026" 9692
"/Engine/EngineMaterials/Substrate/Glints2/dict_0002_0027" 9693
"/Engine/EngineMaterials/Substrate/Glints2/dict_0002_0030" 9694
"../../../Engine/Content/EngineMaterials/Substrate/Glints2/dict_0001_0250.uasset" 9695
"../../../Engine/Content/EngineMaterials/Substrate/Glints2/dict_0001_0247.uasset" 9696
"../../../Engine/Content/EngineMaterials/Substrate/Glints2/dict_0001_0249.uasset" 9697
"../../../Engine/Content/EngineMaterials/Substrate/Glints2/dict_0001_0248.uasset" 9698
"../../../Engine/Content/EngineMaterials/Substrate/Glints2/dict_0001_0240.uasset" 9699
"../../../Engine/Content/EngineMaterials/Substrate/Glints2/dict_0001_0245.uasset" 9700
"../../../Engine/Content/EngineMaterials/Substrate/Glints2/dict_0001_0239.uasset" 9701
"../../../Engine/Content/EngineMaterials/Substrate/Glints2/dict_0001_0244.uasset" 9702
"../../../Engine/Content/EngineMaterials/Substrate/Glints2/dict_0001_0242.uasset" 9703
"../../../Engine/Content/EngineMaterials/Substrate/Glints2/dict_0001_0246.uasset" 9704
"/Engine/EngineMaterials/Substrate/Glints2/dict_0001_0252" 9705
"../../../Engine/Content/EngineMaterials/Substrate/Glints2/dict_0001_0241.uasset" 9706
"../../../Engine/Content/EngineMaterials/Substrate/Glints2/dict_0001_0251.uasset" 9707
"../../../Engine/Content/EngineMaterials/Substrate/Glints2/dict_0001_0243.uasset" 9708
"/Engine/EngineMaterials/Substrate/Glints2/dict_0001_0253" 9709
"/Engine/EngineMaterials/Substrate/Glints2/dict_0001_0254" 9710
"/Engine/EngineMaterials/Substrate/Glints2/dict_0001_0255" 9711
"/Engine/EngineMaterials/Substrate/Glints2/dict_0002_0000" 9712
"/Engine/EngineMaterials/Substrate/Glints2/dict_0002_0001" 9713
"/Engine/EngineMaterials/Substrate/Glints2/dict_0002_0002" 9714
"/Engine/EngineMaterials/Substrate/Glints2/dict_0002_0003" 9715
"/Engine/EngineMaterials/Substrate/Glints2/dict_0002_0004" 9716
"/Engine/EngineMaterials/Substrate/Glints2/dict_0002_0005" 9717
"/Engine/EngineMaterials/Substrate/Glints2/dict_0002_0006" 9718
"/Engine/EngineMaterials/Substrate/Glints2/dict_0002_0007" 9719
"/Engine/EngineMaterials/Substrate/Glints2/dict_0002_0008" 9720
"/Engine/EngineMaterials/Substrate/Glints2/dict_0002_0009" 9721
"/Engine/EngineMaterials/Substrate/Glints2/dict_0002_0010" 9722
"/Engine/EngineMaterials/Substrate/Glints2/dict_0002_0011" 9723
"/Engine/EngineMaterials/Substrate/Glints2/dict_0002_0012" 9724
"/Engine/EngineMaterials/Substrate/Glints2/dict_0002_0013" 9725
"/Engine/EngineMaterials/Substrate/Glints2/dict_0002_0014" 9726
"../../../Engine/Content/EngineMaterials/Substrate/Glints2/dict_0001_0236.uasset" 9727
"../../../Engine/Content/EngineMaterials/Substrate/Glints2/dict_0001_0230.uasset" 9728
"../../../Engine/Content/EngineMaterials/Substrate/Glints2/dict_0001_0231.uasset" 9729
"../../../Engine/Content/EngineMaterials/Substrate/Glints2/dict_0001_0237.uasset" 9730
"../../../Engine/Content/EngineMaterials/Substrate/Glints2/dict_0001_0227.uasset" 9731
"../../../Engine/Content/EngineMaterials/Substrate/Glints2/dict_0001_0223.uasset" 9732
"../../../Engine/Content/EngineMaterials/Substrate/Glints2/dict_0001_0238.uasset" 9733
"../../../Engine/Content/EngineMaterials/Substrate/Glints2/dict_0001_0232.uasset" 9734
"/Engine/EngineMaterials/Substrate/Glints2/dict_0001_0239" 9735
"../../../Engine/Content/EngineMaterials/Substrate/Glints2/dict_0001_0224.uasset" 9736
"../../../Engine/Content/EngineMaterials/Substrate/Glints2/dict_0001_0226.uasset" 9737
"../../../Engine/Content/EngineMaterials/Substrate/Glints2/dict_0001_0234.uasset" 9738
"../../../Engine/Content/EngineMaterials/Substrate/Glints2/dict_0001_0221.uasset" 9739
"../../../Engine/Content/EngineMaterials/Substrate/Glints2/dict_0001_0220.uasset" 9740
"../../../Engine/Content/EngineMaterials/Substrate/Glints2/dict_0001_0225.uasset" 9741
"../../../Engine/Content/EngineMaterials/Substrate/Glints2/dict_0001_0228.uasset" 9742
"../../../Engine/Content/EngineMaterials/Substrate/Glints2/dict_0001_0235.uasset" 9743
"../../../Engine/Content/EngineMaterials/Substrate/Glints2/dict_0001_0229.uasset" 9744
"../../../Engine/Content/EngineMaterials/Substrate/Glints2/dict_0001_0222.uasset" 9745
"../../../Engine/Content/EngineMaterials/Substrate/Glints2/dict_0001_0233.uasset" 9746
"/Engine/EngineMaterials/Substrate/Glints2/dict_0001_0240" 9747
"/Engine/EngineMaterials/Substrate/Glints2/dict_0001_0241" 9748
"/Engine/EngineMaterials/Substrate/Glints2/dict_0001_0242" 9749
"/Engine/EngineMaterials/Substrate/Glints2/dict_0001_0243" 9750
"/Engine/EngineMaterials/Substrate/Glints2/dict_0001_0244" 9751
"/Engine/EngineMaterials/Substrate/Glints2/dict_0001_0245" 9752
"/Engine/EngineMaterials/Substrate/Glints2/dict_0001_0246" 9753
"/Engine/EngineMaterials/Substrate/Glints2/dict_0001_0247" 9754
"/Engine/EngineMaterials/Substrate/Glints2/dict_0001_0248" 9755
"/Engine/EngineMaterials/Substrate/Glints2/dict_0001_0249" 9756
"/Engine/EngineMaterials/Substrate/Glints2/dict_0001_0250" 9757
"/Engine/EngineMaterials/Substrate/Glints2/dict_0001_0251" 9758
"/Engine/EngineMaterials/Substrate/Glints2/dict_0001_0236" 9759
"../../../Engine/Content/EngineMaterials/Substrate/Glints2/dict_0001_0219.uasset" 9760
"../../../Engine/Content/EngineMaterials/Substrate/Glints2/dict_0001_0218.uasset" 9761
"../../../Engine/Content/EngineMaterials/Substrate/Glints2/dict_0001_0209.uasset" 9762
"../../../Engine/Content/EngineMaterials/Substrate/Glints2/dict_0001_0211.uasset" 9763
"../../../Engine/Content/EngineMaterials/Substrate/Glints2/dict_0001_0208.uasset" 9764
"../../../Engine/Content/EngineMaterials/Substrate/Glints2/dict_0001_0216.uasset" 9765
"../../../Engine/Content/EngineMaterials/Substrate/Glints2/dict_0001_0212.uasset" 9766
"../../../Engine/Content/EngineMaterials/Substrate/Glints2/dict_0001_0217.uasset" 9767
"../../../Engine/Content/EngineMaterials/Substrate/Glints2/dict_0001_0210.uasset" 9768
"../../../Engine/Content/EngineMaterials/Substrate/Glints2/dict_0001_0207.uasset" 9769
"../../../Engine/Content/EngineMaterials/Substrate/Glints2/dict_0001_0215.uasset" 9770
"../../../Engine/Content/EngineMaterials/Substrate/Glints2/dict_0001_0214.uasset" 9771
"../../../Engine/Content/EngineMaterials/Substrate/Glints2/dict_0001_0206.uasset" 9772
"../../../Engine/Content/EngineMaterials/Substrate/Glints2/dict_0001_0213.uasset" 9773
"/Engine/EngineMaterials/Substrate/Glints2/dict_0001_0220" 9774
"/Engine/EngineMaterials/Substrate/Glints2/dict_0001_0221" 9775
"/Engine/EngineMaterials/Substrate/Glints2/dict_0001_0222" 9776
"/Engine/EngineMaterials/Substrate/Glints2/dict_0001_0223" 9777
"/Engine/EngineMaterials/Substrate/Glints2/dict_0001_0224" 9778
"/Engine/EngineMaterials/Substrate/Glints2/dict_0001_0225" 9779
"/Engine/EngineMaterials/Substrate/Glints2/dict_0001_0226" 9780
"/Engine/EngineMaterials/Substrate/Glints2/dict_0001_0227" 9781
"/Engine/EngineMaterials/Substrate/Glints2/dict_0001_0228" 9782
"/Engine/EngineMaterials/Substrate/Glints2/dict_0001_0229" 9783
"/Engine/EngineMaterials/Substrate/Glints2/dict_0001_0230" 9784
"/Engine/EngineMaterials/Substrate/Glints2/dict_0001_0231" 9785
"/Engine/EngineMaterials/Substrate/Glints2/dict_0001_0232" 9786
"/Engine/EngineMaterials/Substrate/Glints2/dict_0001_0233" 9787
"/Engine/EngineMaterials/Substrate/Glints2/dict_0001_0234" 9788
"/Engine/EngineMaterials/Substrate/Glints2/dict_0001_0235" 9789
"/Engine/EngineMaterials/Substrate/Glints2/dict_0001_0237" 9790
"/Engine/EngineMaterials/Substrate/Glints2/dict_0001_0238" 9791
"../../../Engine/Content/EngineMaterials/Substrate/Glints2/dict_0001_0205.uasset" 9792
"../../../Engine/Content/EngineMaterials/Substrate/Glints2/dict_0001_0203.uasset" 9793
"../../../Engine/Content/EngineMaterials/Substrate/Glints2/dict_0001_0200.uasset" 9794
"../../../Engine/Content/EngineMaterials/Substrate/Glints2/dict_0001_0197.uasset" 9795
"../../../Engine/Content/EngineMaterials/Substrate/Glints2/dict_0001_0198.uasset" 9796
"../../../Engine/Content/EngineMaterials/Substrate/Glints2/dict_0001_0194.uasset" 9797
"../../../Engine/Content/EngineMaterials/Substrate/Glints2/dict_0001_0196.uasset" 9798
"/Engine/EngineMaterials/Substrate/Glints2/dict_0001_0206" 9799
"../../../Engine/Content/EngineMaterials/Substrate/Glints2/dict_0001_0195.uasset" 9800
"../../../Engine/Content/EngineMaterials/Substrate/Glints2/dict_0001_0192.uasset" 9801
"../../../Engine/Content/EngineMaterials/Substrate/Glints2/dict_0001_0191.uasset" 9802
"../../../Engine/Content/EngineMaterials/Substrate/Glints2/dict_0001_0202.uasset" 9803
"../../../Engine/Content/EngineMaterials/Substrate/Glints2/dict_0001_0193.uasset" 9804
"../../../Engine/Content/EngineMaterials/Substrate/Glints2/dict_0001_0190.uasset" 9805
"../../../Engine/Content/EngineMaterials/Substrate/Glints2/dict_0001_0189.uasset" 9806
"../../../Engine/Content/EngineMaterials/Substrate/Glints2/dict_0001_0201.uasset" 9807
"../../../Engine/Content/EngineMaterials/Substrate/Glints2/dict_0001_0188.uasset" 9808
"../../../Engine/Content/EngineMaterials/Substrate/Glints2/dict_0001_0199.uasset" 9809
"../../../Engine/Content/EngineMaterials/Substrate/Glints2/dict_0001_0204.uasset" 9810
"/Engine/EngineMaterials/Substrate/Glints2/dict_0001_0207" 9811
"/Engine/EngineMaterials/Substrate/Glints2/dict_0001_0208" 9812
"/Engine/EngineMaterials/Substrate/Glints2/dict_0001_0209" 9813
"/Engine/EngineMaterials/Substrate/Glints2/dict_0001_0210" 9814
"/Engine/EngineMaterials/Substrate/Glints2/dict_0001_0211" 9815
"/Engine/EngineMaterials/Substrate/Glints2/dict_0001_0212" 9816
"/Engine/EngineMaterials/Substrate/Glints2/dict_0001_0213" 9817
"/Engine/EngineMaterials/Substrate/Glints2/dict_0001_0214" 9818
"/Engine/EngineMaterials/Substrate/Glints2/dict_0001_0215" 9819
"/Engine/EngineMaterials/Substrate/Glints2/dict_0001_0216" 9820
"/Engine/EngineMaterials/Substrate/Glints2/dict_0001_0217" 9821
"/Engine/EngineMaterials/Substrate/Glints2/dict_0001_0218" 9822
"/Engine/EngineMaterials/Substrate/Glints2/dict_0001_0219" 9823
"../../../Engine/Content/EngineMaterials/Substrate/Glints2/dict_0001_0185.uasset" 9824
"../../../Engine/Content/EngineMaterials/Substrate/Glints2/dict_0001_0187.uasset" 9825
"../../../Engine/Content/EngineMaterials/Substrate/Glints2/dict_0001_0182.uasset" 9826
"../../../Engine/Content/EngineMaterials/Substrate/Glints2/dict_0001_0181.uasset" 9827
"../../../Engine/Content/EngineMaterials/Substrate/Glints2/dict_0001_0178.uasset" 9828
"../../../Engine/Content/EngineMaterials/Substrate/Glints2/dict_0001_0180.uasset" 9829
"/Engine/EngineMaterials/Substrate/Glints2/dict_0001_0188" 9830
"../../../Engine/Content/EngineMaterials/Substrate/Glints2/dict_0001_0184.uasset" 9831
"../../../Engine/Content/EngineMaterials/Substrate/Glints2/dict_0001_0174.uasset" 9832
"../../../Engine/Content/EngineMaterials/Substrate/Glints2/dict_0001_0186.uasset" 9833
"../../../Engine/Content/EngineMaterials/Substrate/Glints2/dict_0001_0177.uasset" 9834
"../../../Engine/Content/EngineMaterials/Substrate/Glints2/dict_0001_0176.uasset" 9835
"../../../Engine/Content/EngineMaterials/Substrate/Glints2/dict_0001_0179.uasset" 9836
"../../../Engine/Content/EngineMaterials/Substrate/Glints2/dict_0001_0183.uasset" 9837
"../../../Engine/Content/EngineMaterials/Substrate/Glints2/dict_0001_0175.uasset" 9838
"/Engine/EngineMaterials/Substrate/Glints2/dict_0001_0189" 9839
"/Engine/EngineMaterials/Substrate/Glints2/dict_0001_0190" 9840
"/Engine/EngineMaterials/Substrate/Glints2/dict_0001_0191" 9841
"/Engine/EngineMaterials/Substrate/Glints2/dict_0001_0192" 9842
"/Engine/EngineMaterials/Substrate/Glints2/dict_0001_0193" 9843
"/Engine/EngineMaterials/Substrate/Glints2/dict_0001_0194" 9844
"/Engine/EngineMaterials/Substrate/Glints2/dict_0001_0195" 9845
"/Engine/EngineMaterials/Substrate/Glints2/dict_0001_0196" 9846
"/Engine/EngineMaterials/Substrate/Glints2/dict_0001_0197" 9847
"/Engine/EngineMaterials/Substrate/Glints2/dict_0001_0198" 9848
"/Engine/EngineMaterials/Substrate/Glints2/dict_0001_0199" 9849
"/Engine/EngineMaterials/Substrate/Glints2/dict_0001_0200" 9850
"/Engine/EngineMaterials/Substrate/Glints2/dict_0001_0201" 9851
"/Engine/EngineMaterials/Substrate/Glints2/dict_0001_0202" 9852
"/Engine/EngineMaterials/Substrate/Glints2/dict_0001_0203" 9853
"/Engine/EngineMaterials/Substrate/Glints2/dict_0001_0204" 9854
"/Engine/EngineMaterials/Substrate/Glints2/dict_0001_0205" 9855
"../../../Engine/Content/EngineMaterials/Substrate/Glints2/dict_0001_0172.uasset" 9856
"../../../Engine/Content/EngineMaterials/Substrate/Glints2/dict_0001_0171.uasset" 9857
"../../../Engine/Content/EngineMaterials/Substrate/Glints2/dict_0001_0173.uasset" 9858
"../../../Engine/Content/EngineMaterials/Substrate/Glints2/dict_0001_0169.uasset" 9859
"../../../Engine/Content/EngineMaterials/Substrate/Glints2/dict_0001_0167.uasset" 9860
"../../../Engine/Content/EngineMaterials/Substrate/Glints2/dict_0001_0168.uasset" 9861
"/Engine/EngineMaterials/Substrate/Glints2/dict_0001_0174" 9862
"../../../Engine/Content/EngineMaterials/Substrate/Glints2/dict_0001_0160.uasset" 9863
"../../../Engine/Content/EngineMaterials/Substrate/Glints2/dict_0001_0166.uasset" 9864
"../../../Engine/Content/EngineMaterials/Substrate/Glints2/dict_0001_0158.uasset" 9865
"../../../Engine/Content/EngineMaterials/Substrate/Glints2/dict_0001_0159.uasset" 9866
"../../../Engine/Content/EngineMaterials/Substrate/Glints2/dict_0001_0162.uasset" 9867
"../../../Engine/Content/EngineMaterials/Substrate/Glints2/dict_0001_0161.uasset" 9868
"../../../Engine/Content/EngineMaterials/Substrate/Glints2/dict_0001_0165.uasset" 9869
"../../../Engine/Content/EngineMaterials/Substrate/Glints2/dict_0001_0157.uasset" 9870
"../../../Engine/Content/EngineMaterials/Substrate/Glints2/dict_0001_0164.uasset" 9871
"../../../Engine/Content/EngineMaterials/Substrate/Glints2/dict_0001_0156.uasset" 9872
"../../../Engine/Content/EngineMaterials/Substrate/Glints2/dict_0001_0163.uasset" 9873
"../../../Engine/Content/EngineMaterials/Substrate/Glints2/dict_0001_0170.uasset" 9874
"/Engine/EngineMaterials/Substrate/Glints2/dict_0001_0175" 9875
"/Engine/EngineMaterials/Substrate/Glints2/dict_0001_0176" 9876
"/Engine/EngineMaterials/Substrate/Glints2/dict_0001_0177" 9877
"/Engine/EngineMaterials/Substrate/Glints2/dict_0001_0178" 9878
"/Engine/EngineMaterials/Substrate/Glints2/dict_0001_0179" 9879
"/Engine/EngineMaterials/Substrate/Glints2/dict_0001_0180" 9880
"/Engine/EngineMaterials/Substrate/Glints2/dict_0001_0181" 9881
"/Engine/EngineMaterials/Substrate/Glints2/dict_0001_0182" 9882
"/Engine/EngineMaterials/Substrate/Glints2/dict_0001_0183" 9883
"/Engine/EngineMaterials/Substrate/Glints2/dict_0001_0184" 9884
"/Engine/EngineMaterials/Substrate/Glints2/dict_0001_0185" 9885
"/Engine/EngineMaterials/Substrate/Glints2/dict_0001_0186" 9886
"/Engine/EngineMaterials/Substrate/Glints2/dict_0001_0187" 9887
"/Engine/EngineMaterials/Substrate/Glints2/dict_0001_0172" 9888
"../../../Engine/Content/EngineMaterials/Substrate/Glints2/dict_0001_0155.uasset" 9889
"../../../Engine/Content/EngineMaterials/Substrate/Glints2/dict_0001_0152.uasset" 9890
"../../../Engine/Content/EngineMaterials/Substrate/Glints2/dict_0001_0151.uasset" 9891
"../../../Engine/Content/EngineMaterials/Substrate/Glints2/dict_0001_0150.uasset" 9892
"../../../Engine/Content/EngineMaterials/Substrate/Glints2/dict_0001_0146.uasset" 9893
"/Engine/EngineMaterials/Substrate/Glints2/dict_0001_0156" 9894
"../../../Engine/Content/EngineMaterials/Substrate/Glints2/dict_0001_0145.uasset" 9895
"../../../Engine/Content/EngineMaterials/Substrate/Glints2/dict_0001_0148.uasset" 9896
"../../../Engine/Content/EngineMaterials/Substrate/Glints2/dict_0001_0143.uasset" 9897
"../../../Engine/Content/EngineMaterials/Substrate/Glints2/dict_0001_0144.uasset" 9898
"../../../Engine/Content/EngineMaterials/Substrate/Glints2/dict_0001_0153.uasset" 9899
"../../../Engine/Content/EngineMaterials/Substrate/Glints2/dict_0001_0141.uasset" 9900
"../../../Engine/Content/EngineMaterials/Substrate/Glints2/dict_0001_0154.uasset" 9901
"../../../Engine/Content/EngineMaterials/Substrate/Glints2/dict_0001_0149.uasset" 9902
"../../../Engine/Content/EngineMaterials/Substrate/Glints2/dict_0001_0142.uasset" 9903
"../../../Engine/Content/EngineMaterials/Substrate/Glints2/dict_0001_0147.uasset" 9904
"/Engine/EngineMaterials/Substrate/Glints2/dict_0001_0157" 9905
"/Engine/EngineMaterials/Substrate/Glints2/dict_0001_0158" 9906
"/Engine/EngineMaterials/Substrate/Glints2/dict_0001_0159" 9907
"/Engine/EngineMaterials/Substrate/Glints2/dict_0001_0160" 9908
"/Engine/EngineMaterials/Substrate/Glints2/dict_0001_0161" 9909
"/Engine/EngineMaterials/Substrate/Glints2/dict_0001_0162" 9910
"/Engine/EngineMaterials/Substrate/Glints2/dict_0001_0163" 9911
"/Engine/EngineMaterials/Substrate/Glints2/dict_0001_0164" 9912
"/Engine/EngineMaterials/Substrate/Glints2/dict_0001_0165" 9913
"/Engine/EngineMaterials/Substrate/Glints2/dict_0001_0166" 9914
"/Engine/EngineMaterials/Substrate/Glints2/dict_0001_0167" 9915
"/Engine/EngineMaterials/Substrate/Glints2/dict_0001_0168" 9916
"/Engine/EngineMaterials/Substrate/Glints2/dict_0001_0169" 9917
"/Engine/EngineMaterials/Substrate/Glints2/dict_0001_0170" 9918
"/Engine/EngineMaterials/Substrate/Glints2/dict_0001_0171" 9919
"/Engine/EngineMaterials/Substrate/Glints2/dict_0001_0173" 9920
"../../../Engine/Content/EngineMaterials/Substrate/Glints2/dict_0001_0138.uasset" 9921
"../../../Engine/Content/EngineMaterials/Substrate/Glints2/dict_0001_0139.uasset" 9922
"../../../Engine/Content/EngineMaterials/Substrate/Glints2/dict_0001_0136.uasset" 9923
"../../../Engine/Content/EngineMaterials/Substrate/Glints2/dict_0001_0127.uasset" 9924
"../../../Engine/Content/EngineMaterials/Substrate/Glints2/dict_0001_0126.uasset" 9925
"../../../Engine/Content/EngineMaterials/Substrate/Glints2/dict_0001_0137.uasset" 9926
"/Engine/EngineMaterials/Substrate/Glints2/dict_0001_0141" 9927
"../../../Engine/Content/EngineMaterials/Substrate/Glints2/dict_0001_0128.uasset" 9928
"../../../Engine/Content/EngineMaterials/Substrate/Glints2/dict_0001_0135.uasset" 9929
"../../../Engine/Content/EngineMaterials/Substrate/Glints2/dict_0001_0140.uasset" 9930
"../../../Engine/Content/EngineMaterials/Substrate/Glints2/dict_0001_0132.uasset" 9931
"../../../Engine/Content/EngineMaterials/Substrate/Glints2/dict_0001_0133.uasset" 9932
"../../../Engine/Content/EngineMaterials/Substrate/Glints2/dict_0001_0134.uasset" 9933
"../../../Engine/Content/EngineMaterials/Substrate/Glints2/dict_0001_0129.uasset" 9934
"../../../Engine/Content/EngineMaterials/Substrate/Glints2/dict_0001_0124.uasset" 9935
"../../../Engine/Content/EngineMaterials/Substrate/Glints2/dict_0001_0131.uasset" 9936
"../../../Engine/Content/EngineMaterials/Substrate/Glints2/dict_0001_0130.uasset" 9937
"../../../Engine/Content/EngineMaterials/Substrate/Glints2/dict_0001_0125.uasset" 9938
"/Engine/EngineMaterials/Substrate/Glints2/dict_0001_0142" 9939
"/Engine/EngineMaterials/Substrate/Glints2/dict_0001_0143" 9940
"/Engine/EngineMaterials/Substrate/Glints2/dict_0001_0144" 9941
"/Engine/EngineMaterials/Substrate/Glints2/dict_0001_0145" 9942
"/Engine/EngineMaterials/Substrate/Glints2/dict_0001_0146" 9943
"/Engine/EngineMaterials/Substrate/Glints2/dict_0001_0147" 9944
"/Engine/EngineMaterials/Substrate/Glints2/dict_0001_0148" 9945
"/Engine/EngineMaterials/Substrate/Glints2/dict_0001_0149" 9946
"/Engine/EngineMaterials/Substrate/Glints2/dict_0001_0150" 9947
"/Engine/EngineMaterials/Substrate/Glints2/dict_0001_0151" 9948
"/Engine/EngineMaterials/Substrate/Glints2/dict_0001_0152" 9949
"/Engine/EngineMaterials/Substrate/Glints2/dict_0001_0153" 9950
"/Engine/EngineMaterials/Substrate/Glints2/dict_0001_0138" 9951
"/Engine/EngineMaterials/Substrate/Glints2/dict_0001_0154" 9952
"/Engine/EngineMaterials/Substrate/Glints2/dict_0001_0155" 9953
"../../../Engine/Content/EngineMaterials/Substrate/Glints2/dict_0001_0123.uasset" 9954
"../../../Engine/Content/EngineMaterials/Substrate/Glints2/dict_0001_0122.uasset" 9955
"../../../Engine/Content/EngineMaterials/Substrate/Glints2/dict_0001_0120.uasset" 9956
"../../../Engine/Content/EngineMaterials/Substrate/Glints2/dict_0001_0116.uasset" 9957
"../../../Engine/Content/EngineMaterials/Substrate/Glints2/dict_0001_0119.uasset" 9958
"../../../Engine/Content/EngineMaterials/Substrate/Glints2/dict_0001_0114.uasset" 9959
"/Engine/EngineMaterials/Substrate/Glints2/dict_0001_0124" 9960
"../../../Engine/Content/EngineMaterials/Substrate/Glints2/dict_0001_0110.uasset" 9961
"../../../Engine/Content/EngineMaterials/Substrate/Glints2/dict_0001_0118.uasset" 9962
"../../../Engine/Content/EngineMaterials/Substrate/Glints2/dict_0001_0111.uasset" 9963
"../../../Engine/Content/EngineMaterials/Substrate/Glints2/dict_0001_0109.uasset" 9964
"../../../Engine/Content/EngineMaterials/Substrate/Glints2/dict_0001_0121.uasset" 9965
"../../../Engine/Content/EngineMaterials/Substrate/Glints2/dict_0001_0112.uasset" 9966
"../../../Engine/Content/EngineMaterials/Substrate/Glints2/dict_0001_0117.uasset" 9967
"../../../Engine/Content/EngineMaterials/Substrate/Glints2/dict_0001_0115.uasset" 9968
"../../../Engine/Content/EngineMaterials/Substrate/Glints2/dict_0001_0113.uasset" 9969
"../../../Engine/Content/EngineMaterials/Substrate/Glints2/dict_0001_0108.uasset" 9970
"/Engine/EngineMaterials/Substrate/Glints2/dict_0001_0125" 9971
"/Engine/EngineMaterials/Substrate/Glints2/dict_0001_0126" 9972
"/Engine/EngineMaterials/Substrate/Glints2/dict_0001_0127" 9973
"/Engine/EngineMaterials/Substrate/Glints2/dict_0001_0128" 9974
"/Engine/EngineMaterials/Substrate/Glints2/dict_0001_0129" 9975
"/Engine/EngineMaterials/Substrate/Glints2/dict_0001_0130" 9976
"/Engine/EngineMaterials/Substrate/Glints2/dict_0001_0131" 9977
"/Engine/EngineMaterials/Substrate/Glints2/dict_0001_0132" 9978
"/Engine/EngineMaterials/Substrate/Glints2/dict_0001_0133" 9979
"/Engine/EngineMaterials/Substrate/Glints2/dict_0001_0134" 9980
"/Engine/EngineMaterials/Substrate/Glints2/dict_0001_0135" 9981
"/Engine/EngineMaterials/Substrate/Glints2/dict_0001_0136" 9982
"/Engine/EngineMaterials/Substrate/Glints2/dict_0001_0137" 9983
"/Engine/EngineMaterials/Substrate/Glints2/dict_0001_0139" 9984
"/Engine/EngineMaterials/Substrate/Glints2/dict_0001_0140" 9985
"../../../Engine/Content/EngineMaterials/Substrate/Glints2/dict_0001_0101.uasset" 9986
"../../../Engine/Content/EngineMaterials/Substrate/Glints2/dict_0001_0106.uasset" 9987
"../../../Engine/Content/EngineMaterials/Substrate/Glints2/dict_0001_0104.uasset" 9988
"../../../Engine/Content/EngineMaterials/Substrate/Glints2/dict_0001_0095.uasset" 9989
"../../../Engine/Content/EngineMaterials/Substrate/Glints2/dict_0001_0099.uasset" 9990
"../../../Engine/Content/EngineMaterials/Substrate/Glints2/dict_0001_0097.uasset" 9991
"/Engine/EngineMaterials/Substrate/Glints2/dict_0001_0108" 9992
"../../../Engine/Content/EngineMaterials/Substrate/Glints2/dict_0001_0096.uasset" 9993
"../../../Engine/Content/EngineMaterials/Substrate/Glints2/dict_0001_0098.uasset" 9994
"../../../Engine/Content/EngineMaterials/Substrate/Glints2/dict_0001_0094.uasset" 9995
"../../../Engine/Content/EngineMaterials/Substrate/Glints2/dict_0001_0092.uasset" 9996
"../../../Engine/Content/EngineMaterials/Substrate/Glints2/dict_0001_0093.uasset" 9997
"../../../Engine/Content/EngineMaterials/Substrate/Glints2/dict_0001_0105.uasset" 9998
"../../../Engine/Content/EngineMaterials/Substrate/Glints2/dict_0001_0102.uasset" 9999
"../../../Engine/Content/EngineMaterials/Substrate/Glints2/dict_0001_0103.uasset" 10000
"../../../Engine/Content/EngineMaterials/Substrate/Glints2/dict_0001_0107.uasset" 10001
"../../../Engine/Content/EngineMaterials/Substrate/Glints2/dict_0001_0100.uasset" 10002
"/Engine/EngineMaterials/Substrate/Glints2/dict_0001_0109" 10003
"/Engine/EngineMaterials/Substrate/Glints2/dict_0001_0110" 10004
"/Engine/EngineMaterials/Substrate/Glints2/dict_0001_0111" 10005
"/Engine/EngineMaterials/Substrate/Glints2/dict_0001_0112" 10006
"/Engine/EngineMaterials/Substrate/Glints2/dict_0001_0113" 10007
"/Engine/EngineMaterials/Substrate/Glints2/dict_0001_0114" 10008
"/Engine/EngineMaterials/Substrate/Glints2/dict_0001_0115" 10009
"/Engine/EngineMaterials/Substrate/Glints2/dict_0001_0116" 10010
"/Engine/EngineMaterials/Substrate/Glints2/dict_0001_0117" 10011
"/Engine/EngineMaterials/Substrate/Glints2/dict_0001_0118" 10012
"/Engine/EngineMaterials/Substrate/Glints2/dict_0001_0119" 10013
"/Engine/EngineMaterials/Substrate/Glints2/dict_0001_0120" 10014
"/Engine/EngineMaterials/Substrate/Glints2/dict_0001_0121" 10015
"/Engine/EngineMaterials/Substrate/Glints2/dict_0001_0122" 10016
"/Engine/EngineMaterials/Substrate/Glints2/dict_0001_0123" 10017
"../../../Engine/Content/EngineMaterials/Substrate/Glints2/dict_0001_0091.uasset" 10018
"../../../Engine/Content/EngineMaterials/Substrate/Glints2/dict_0001_0090.uasset" 10019
"../../../Engine/Content/EngineMaterials/Substrate/Glints2/dict_0001_0086.uasset" 10020
"../../../Engine/Content/EngineMaterials/Substrate/Glints2/dict_0001_0085.uasset" 10021
"../../../Engine/Content/EngineMaterials/Substrate/Glints2/dict_0001_0087.uasset" 10022
"../../../Engine/Content/EngineMaterials/Substrate/Glints2/dict_0001_0088.uasset" 10023
"/Engine/EngineMaterials/Substrate/Glints2/dict_0001_0092" 10024
"../../../Engine/Content/EngineMaterials/Substrate/Glints2/dict_0001_0082.uasset" 10025
"../../../Engine/Content/EngineMaterials/Substrate/Glints2/dict_0001_0080.uasset" 10026
"../../../Engine/Content/EngineMaterials/Substrate/Glints2/dict_0001_0084.uasset" 10027
"../../../Engine/Content/EngineMaterials/Substrate/Glints2/dict_0001_0089.uasset" 10028
"../../../Engine/Content/EngineMaterials/Substrate/Glints2/dict_0001_0079.uasset" 10029
"../../../Engine/Content/EngineMaterials/Substrate/Glints2/dict_0001_0078.uasset" 10030
"../../../Engine/Content/EngineMaterials/Substrate/Glints2/dict_0001_0081.uasset" 10031
"../../../Engine/Content/EngineMaterials/Substrate/Glints2/dict_0001_0083.uasset" 10032
"../../../Engine/Content/EngineMaterials/Substrate/Glints2/dict_0001_0077.uasset" 10033
"../../../Engine/Content/EngineMaterials/Substrate/Glints2/dict_0001_0076.uasset" 10034
"/Engine/EngineMaterials/Substrate/Glints2/dict_0001_0093" 10035
"/Engine/EngineMaterials/Substrate/Glints2/dict_0001_0094" 10036
"/Engine/EngineMaterials/Substrate/Glints2/dict_0001_0095" 10037
"/Engine/EngineMaterials/Substrate/Glints2/dict_0001_0096" 10038
"/Engine/EngineMaterials/Substrate/Glints2/dict_0001_0097" 10039
"/Engine/EngineMaterials/Substrate/Glints2/dict_0001_0098" 10040
"/Engine/EngineMaterials/Substrate/Glints2/dict_0001_0099" 10041
"/Engine/EngineMaterials/Substrate/Glints2/dict_0001_0100" 10042
"/Engine/EngineMaterials/Substrate/Glints2/dict_0001_0101" 10043
"/Engine/EngineMaterials/Substrate/Glints2/dict_0001_0102" 10044
"/Engine/EngineMaterials/Substrate/Glints2/dict_0001_0103" 10045
"/Engine/EngineMaterials/Substrate/Glints2/dict_0001_0104" 10046
"/Engine/EngineMaterials/Substrate/Glints2/dict_0001_0105" 10047
"/Engine/EngineMaterials/Substrate/Glints2/dict_0001_0106" 10048
"/Engine/EngineMaterials/Substrate/Glints2/dict_0001_0091" 10049
"/Engine/EngineMaterials/Substrate/Glints2/dict_0001_0107" 10050
"../../../Engine/Content/EngineMaterials/Substrate/Glints2/dict_0001_0075.uasset" 10051
"../../../Engine/Content/EngineMaterials/Substrate/Glints2/dict_0001_0073.uasset" 10052
"../../../Engine/Content/EngineMaterials/Substrate/Glints2/dict_0001_0074.uasset" 10053
"../../../Engine/Content/EngineMaterials/Substrate/Glints2/dict_0001_0069.uasset" 10054
"../../../Engine/Content/EngineMaterials/Substrate/Glints2/dict_0001_0072.uasset" 10055
"../../../Engine/Content/EngineMaterials/Substrate/Glints2/dict_0001_0066.uasset" 10056
"../../../Engine/Content/EngineMaterials/Substrate/Glints2/dict_0001_0063.uasset" 10057
"/Engine/EngineMaterials/Substrate/Glints2/dict_0001_0076" 10058
"../../../Engine/Content/EngineMaterials/Substrate/Glints2/dict_0001_0064.uasset" 10059
"../../../Engine/Content/EngineMaterials/Substrate/Glints2/dict_0001_0060.uasset" 10060
"../../../Engine/Content/EngineMaterials/Substrate/Glints2/dict_0001_0067.uasset" 10061
"../../../Engine/Content/EngineMaterials/Substrate/Glints2/dict_0001_0059.uasset" 10062
"../../../Engine/Content/EngineMaterials/Substrate/Glints2/dict_0001_0065.uasset" 10063
"../../../Engine/Content/EngineMaterials/Substrate/Glints2/dict_0001_0062.uasset" 10064
"../../../Engine/Content/EngineMaterials/Substrate/Glints2/dict_0001_0061.uasset" 10065
"../../../Engine/Content/EngineMaterials/Substrate/Glints2/dict_0001_0071.uasset" 10066
"../../../Engine/Content/EngineMaterials/Substrate/Glints2/dict_0001_0068.uasset" 10067
"../../../Engine/Content/EngineMaterials/Substrate/Glints2/dict_0001_0070.uasset" 10068
"/Engine/EngineMaterials/Substrate/Glints2/dict_0001_0077" 10069
"/Engine/EngineMaterials/Substrate/Glints2/dict_0001_0078" 10070
"/Engine/EngineMaterials/Substrate/Glints2/dict_0001_0079" 10071
"/Engine/EngineMaterials/Substrate/Glints2/dict_0001_0080" 10072
"/Engine/EngineMaterials/Substrate/Glints2/dict_0001_0081" 10073
"/Engine/EngineMaterials/Substrate/Glints2/dict_0001_0082" 10074
"/Engine/EngineMaterials/Substrate/Glints2/dict_0001_0083" 10075
"/Engine/EngineMaterials/Substrate/Glints2/dict_0001_0084" 10076
"/Engine/EngineMaterials/Substrate/Glints2/dict_0001_0085" 10077
"/Engine/EngineMaterials/Substrate/Glints2/dict_0001_0086" 10078
"/Engine/EngineMaterials/Substrate/Glints2/dict_0001_0087" 10079
"/Engine/EngineMaterials/Substrate/Glints2/dict_0001_0088" 10080
"/Engine/EngineMaterials/Substrate/Glints2/dict_0001_0089" 10081
"/Engine/EngineMaterials/Substrate/Glints2/dict_0001_0090" 10082
"../../../Engine/Content/EngineMaterials/Substrate/Glints2/dict_0001_0057.uasset" 10083
"../../../Engine/Content/EngineMaterials/Substrate/Glints2/dict_0001_0056.uasset" 10084
"../../../Engine/Content/EngineMaterials/Substrate/Glints2/dict_0001_0053.uasset" 10085
"../../../Engine/Content/EngineMaterials/Substrate/Glints2/dict_0001_0054.uasset" 10086
"../../../Engine/Content/EngineMaterials/Substrate/Glints2/dict_0001_0051.uasset" 10087
"../../../Engine/Content/EngineMaterials/Substrate/Glints2/dict_0001_0052.uasset" 10088
"/Engine/EngineMaterials/Substrate/Glints2/dict_0001_0059" 10089
"../../../Engine/Content/EngineMaterials/Substrate/Glints2/dict_0001_0050.uasset" 10090
"../../../Engine/Content/EngineMaterials/Substrate/Glints2/dict_0001_0055.uasset" 10091
"../../../Engine/Content/EngineMaterials/Substrate/Glints2/dict_0001_0048.uasset" 10092
"../../../Engine/Content/EngineMaterials/Substrate/Glints2/dict_0001_0049.uasset" 10093
"../../../Engine/Content/EngineMaterials/Substrate/Glints2/dict_0001_0046.uasset" 10094
"../../../Engine/Content/EngineMaterials/Substrate/Glints2/dict_0001_0045.uasset" 10095
"../../../Engine/Content/EngineMaterials/Substrate/Glints2/dict_0001_0044.uasset" 10096
"../../../Engine/Content/EngineMaterials/Substrate/Glints2/dict_0001_0058.uasset" 10097
"../../../Engine/Content/EngineMaterials/Substrate/Glints2/dict_0001_0047.uasset" 10098
"/Engine/EngineMaterials/Substrate/Glints2/dict_0001_0060" 10099
"/Engine/EngineMaterials/Substrate/Glints2/dict_0001_0061" 10100
"/Engine/EngineMaterials/Substrate/Glints2/dict_0001_0062" 10101
"/Engine/EngineMaterials/Substrate/Glints2/dict_0001_0063" 10102
"/Engine/EngineMaterials/Substrate/Glints2/dict_0001_0064" 10103
"/Engine/EngineMaterials/Substrate/Glints2/dict_0001_0065" 10104
"/Engine/EngineMaterials/Substrate/Glints2/dict_0001_0066" 10105
"/Engine/EngineMaterials/Substrate/Glints2/dict_0001_0067" 10106
"/Engine/EngineMaterials/Substrate/Glints2/dict_0001_0068" 10107
"/Engine/EngineMaterials/Substrate/Glints2/dict_0001_0069" 10108
"/Engine/EngineMaterials/Substrate/Glints2/dict_0001_0070" 10109
"/Engine/EngineMaterials/Substrate/Glints2/dict_0001_0071" 10110
"/Engine/EngineMaterials/Substrate/Glints2/dict_0001_0072" 10111
"/Engine/EngineMaterials/Substrate/Glints2/dict_0001_0073" 10112
"/Engine/EngineMaterials/Substrate/Glints2/dict_0001_0074" 10113
"/Engine/EngineMaterials/Substrate/Glints2/dict_0001_0075" 10114
"../../../Engine/Content/EngineMaterials/Substrate/Glints2/dict_0001_0041.uasset" 10115
"../../../Engine/Content/EngineMaterials/Substrate/Glints2/dict_0001_0043.uasset" 10116
"../../../Engine/Content/EngineMaterials/Substrate/Glints2/dict_0001_0038.uasset" 10117
"../../../Engine/Content/EngineMaterials/Substrate/Glints2/dict_0001_0037.uasset" 10118
"../../../Engine/Content/EngineMaterials/Substrate/Glints2/dict_0001_0035.uasset" 10119
"../../../Engine/Content/EngineMaterials/Substrate/Glints2/dict_0001_0034.uasset" 10120
"../../../Engine/Content/EngineMaterials/Substrate/Glints2/dict_0001_0033.uasset" 10121
"../../../Engine/Content/EngineMaterials/Substrate/Glints2/dict_0001_0042.uasset" 10122
"../../../Engine/Content/EngineMaterials/Substrate/Glints2/dict_0001_0027.uasset" 10123
"/Engine/EngineMaterials/Substrate/Glints2/dict_0001_0044" 10124
"../../../Engine/Content/EngineMaterials/Substrate/Glints2/dict_0001_0028.uasset" 10125
"../../../Engine/Content/EngineMaterials/Substrate/Glints2/dict_0001_0032.uasset" 10126
"../../../Engine/Content/EngineMaterials/Substrate/Glints2/dict_0001_0030.uasset" 10127
"../../../Engine/Content/EngineMaterials/Substrate/Glints2/dict_0001_0040.uasset" 10128
"../../../Engine/Content/EngineMaterials/Substrate/Glints2/dict_0001_0029.uasset" 10129
"../../../Engine/Content/EngineMaterials/Substrate/Glints2/dict_0001_0039.uasset" 10130
"../../../Engine/Content/EngineMaterials/Substrate/Glints2/dict_0001_0036.uasset" 10131
"../../../Engine/Content/EngineMaterials/Substrate/Glints2/dict_0001_0031.uasset" 10132
"/Engine/EngineMaterials/Substrate/Glints2/dict_0001_0045" 10133
"/Engine/EngineMaterials/Substrate/Glints2/dict_0001_0046" 10134
"/Engine/EngineMaterials/Substrate/Glints2/dict_0001_0047" 10135
"/Engine/EngineMaterials/Substrate/Glints2/dict_0001_0048" 10136
"/Engine/EngineMaterials/Substrate/Glints2/dict_0001_0049" 10137
"/Engine/EngineMaterials/Substrate/Glints2/dict_0001_0050" 10138
"/Engine/EngineMaterials/Substrate/Glints2/dict_0001_0051" 10139
"/Engine/EngineMaterials/Substrate/Glints2/dict_0001_0052" 10140
"/Engine/EngineMaterials/Substrate/Glints2/dict_0001_0053" 10141
"/Engine/EngineMaterials/Substrate/Glints2/dict_0001_0054" 10142
"/Engine/EngineMaterials/Substrate/Glints2/dict_0001_0055" 10143
"/Engine/EngineMaterials/Substrate/Glints2/dict_0001_0056" 10144
"/Engine/EngineMaterials/Substrate/Glints2/dict_0001_0057" 10145
"/Engine/EngineMaterials/Substrate/Glints2/dict_0001_0058" 10146
"../../../Engine/Content/EngineMaterials/Substrate/Glints2/dict_0001_0026.uasset" 10147
"../../../Engine/Content/EngineMaterials/Substrate/Glints2/dict_0001_0022.uasset" 10148
"../../../Engine/Content/EngineMaterials/Substrate/Glints2/dict_0001_0019.uasset" 10149
"../../../Engine/Content/EngineMaterials/Substrate/Glints2/dict_0001_0023.uasset" 10150
"../../../Engine/Content/EngineMaterials/Substrate/Glints2/dict_0001_0017.uasset" 10151
"../../../Engine/Content/EngineMaterials/Substrate/Glints2/dict_0001_0013.uasset" 10152
"../../../Engine/Content/EngineMaterials/Substrate/Glints2/dict_0001_0024.uasset" 10153
"../../../Engine/Content/EngineMaterials/Substrate/Glints2/dict_0001_0014.uasset" 10154
"../../../Engine/Content/EngineMaterials/Substrate/Glints2/dict_0001_0021.uasset" 10155
"../../../Engine/Content/EngineMaterials/Substrate/Glints2/dict_0001_0018.uasset" 10156
"../../../Engine/Content/EngineMaterials/Substrate/Glints2/dict_0001_0012.uasset" 10157
"/Engine/EngineMaterials/Substrate/Glints2/dict_0001_0027" 10158
"../../../Engine/Content/EngineMaterials/Substrate/Glints2/dict_0001_0025.uasset" 10159
"../../../Engine/Content/EngineMaterials/Substrate/Glints2/dict_0001_0020.uasset" 10160
"../../../Engine/Content/EngineMaterials/Substrate/Glints2/dict_0001_0015.uasset" 10161
"../../../Engine/Content/EngineMaterials/Substrate/Glints2/dict_0001_0016.uasset" 10162
"/Engine/EngineMaterials/Substrate/Glints2/dict_0001_0028" 10163
"/Engine/EngineMaterials/Substrate/Glints2/dict_0001_0029" 10164
"/Engine/EngineMaterials/Substrate/Glints2/dict_0001_0030" 10165
"/Engine/EngineMaterials/Substrate/Glints2/dict_0001_0031" 10166
"/Engine/EngineMaterials/Substrate/Glints2/dict_0001_0032" 10167
"/Engine/EngineMaterials/Substrate/Glints2/dict_0001_0033" 10168
"/Engine/EngineMaterials/Substrate/Glints2/dict_0001_0034" 10169
"/Engine/EngineMaterials/Substrate/Glints2/dict_0001_0035" 10170
"/Engine/EngineMaterials/Substrate/Glints2/dict_0001_0036" 10171
"/Engine/EngineMaterials/Substrate/Glints2/dict_0001_0037" 10172
"/Engine/EngineMaterials/Substrate/Glints2/dict_0001_0038" 10173
"/Engine/EngineMaterials/Substrate/Glints2/dict_0001_0039" 10174
"/Engine/EngineMaterials/Substrate/Glints2/dict_0001_0040" 10175
"/Engine/EngineMaterials/Substrate/Glints2/dict_0001_0041" 10176
"/Engine/EngineMaterials/Substrate/Glints2/dict_0001_0026" 10177
"/Engine/EngineMaterials/Substrate/Glints2/dict_0001_0042" 10178
"/Engine/EngineMaterials/Substrate/Glints2/dict_0001_0043" 10179
"../../../Engine/Content/EngineMaterials/Substrate/Glints2/dict_0001_0009.uasset" 10180
"../../../Engine/Content/EngineMaterials/Substrate/Glints2/dict_0001_0008.uasset" 10181
"../../../Engine/Content/EngineMaterials/Substrate/Glints2/dict_0001_0011.uasset" 10182
"../../../Engine/Content/EngineMaterials/Substrate/Glints2/dict_0001_0006.uasset" 10183
"../../../Engine/Content/EngineMaterials/Substrate/Glints2/dict_0001_0003.uasset" 10184
"/Engine/EngineMaterials/Substrate/Glints2/dict_0001_0012" 10185
"../../../Engine/Content/EngineMaterials/Substrate/Glints2/dict_0000_0253.uasset" 10186
"../../../Engine/Content/EngineMaterials/Substrate/Glints2/dict_0001_0005.uasset" 10187
"../../../Engine/Content/EngineMaterials/Substrate/Glints2/dict_0001_0010.uasset" 10188
"../../../Engine/Content/EngineMaterials/Substrate/Glints2/dict_0001_0007.uasset" 10189
"../../../Engine/Content/EngineMaterials/Substrate/Glints2/dict_0000_0250.uasset" 10190
"../../../Engine/Content/EngineMaterials/Substrate/Glints2/dict_0001_0001.uasset" 10191
"../../../Engine/Content/EngineMaterials/Substrate/Glints2/dict_0001_0004.uasset" 10192
"../../../Engine/Content/EngineMaterials/Substrate/Glints2/dict_0000_0255.uasset" 10193
"../../../Engine/Content/EngineMaterials/Substrate/Glints2/dict_0001_0000.uasset" 10194
"../../../Engine/Content/EngineMaterials/Substrate/Glints2/dict_0000_0252.uasset" 10195
"../../../Engine/Content/EngineMaterials/Substrate/Glints2/dict_0000_0254.uasset" 10196
"../../../Engine/Content/EngineMaterials/Substrate/Glints2/dict_0000_0251.uasset" 10197
"../../../Engine/Content/EngineMaterials/Substrate/Glints2/dict_0001_0002.uasset" 10198
"/Engine/EngineMaterials/Substrate/Glints2/dict_0001_0013" 10199
"/Engine/EngineMaterials/Substrate/Glints2/dict_0001_0014" 10200
"/Engine/EngineMaterials/Substrate/Glints2/dict_0001_0015" 10201
"/Engine/EngineMaterials/Substrate/Glints2/dict_0001_0016" 10202
"/Engine/EngineMaterials/Substrate/Glints2/dict_0001_0017" 10203
"/Engine/EngineMaterials/Substrate/Glints2/dict_0001_0018" 10204
"/Engine/EngineMaterials/Substrate/Glints2/dict_0001_0019" 10205
"/Engine/EngineMaterials/Substrate/Glints2/dict_0001_0020" 10206
"/Engine/EngineMaterials/Substrate/Glints2/dict_0001_0021" 10207
"/Engine/EngineMaterials/Substrate/Glints2/dict_0001_0022" 10208
"/Engine/EngineMaterials/Substrate/Glints2/dict_0001_0023" 10209
"/Engine/EngineMaterials/Substrate/Glints2/dict_0001_0024" 10210
"/Engine/EngineMaterials/Substrate/Glints2/dict_0001_0025" 10211
"/Engine/EngineMaterials/Substrate/Glints2/dict_0001_0008" 10212
"/Engine/EngineMaterials/Substrate/Glints2/dict_0001_0009" 10213
"../../../Engine/Content/EngineMaterials/Substrate/Glints2/dict_0000_0248.uasset" 10214
"../../../Engine/Content/EngineMaterials/Substrate/Glints2/dict_0000_0247.uasset" 10215
"../../../Engine/Content/EngineMaterials/Substrate/Glints2/dict_0000_0245.uasset" 10216
"../../../Engine/Content/EngineMaterials/Substrate/Glints2/dict_0000_0243.uasset" 10217
"../../../Engine/Content/EngineMaterials/Substrate/Glints2/dict_0000_0240.uasset" 10218
"../../../Engine/Content/EngineMaterials/Substrate/Glints2/dict_0000_0241.uasset" 10219
"../../../Engine/Content/EngineMaterials/Substrate/Glints2/dict_0000_0238.uasset" 10220
"../../../Engine/Content/EngineMaterials/Substrate/Glints2/dict_0000_0235.uasset" 10221
"/Engine/EngineMaterials/Substrate/Glints2/dict_0000_0250" 10222
"../../../Engine/Content/EngineMaterials/Substrate/Glints2/dict_0000_0249.uasset" 10223
"../../../Engine/Content/EngineMaterials/Substrate/Glints2/dict_0000_0234.uasset" 10224
"../../../Engine/Content/EngineMaterials/Substrate/Glints2/dict_0000_0237.uasset" 10225
"../../../Engine/Content/EngineMaterials/Substrate/Glints2/dict_0000_0239.uasset" 10226
"../../../Engine/Content/EngineMaterials/Substrate/Glints2/dict_0000_0244.uasset" 10227
"../../../Engine/Content/EngineMaterials/Substrate/Glints2/dict_0000_0236.uasset" 10228
"../../../Engine/Content/EngineMaterials/Substrate/Glints2/dict_0000_0242.uasset" 10229
"../../../Engine/Content/EngineMaterials/Substrate/Glints2/dict_0000_0246.uasset" 10230
"/Engine/EngineMaterials/Substrate/Glints2/dict_0000_0251" 10231
"/Engine/EngineMaterials/Substrate/Glints2/dict_0000_0252" 10232
"/Engine/EngineMaterials/Substrate/Glints2/dict_0000_0253" 10233
"/Engine/EngineMaterials/Substrate/Glints2/dict_0000_0254" 10234
"/Engine/EngineMaterials/Substrate/Glints2/dict_0000_0255" 10235
"/Engine/EngineMaterials/Substrate/Glints2/dict_0001_0000" 10236
"/Engine/EngineMaterials/Substrate/Glints2/dict_0001_0001" 10237
"/Engine/EngineMaterials/Substrate/Glints2/dict_0001_0002" 10238
"/Engine/EngineMaterials/Substrate/Glints2/dict_0001_0003" 10239
"/Engine/EngineMaterials/Substrate/Glints2/dict_0001_0004" 10240
"/Engine/EngineMaterials/Substrate/Glints2/dict_0001_0005" 10241
"/Engine/EngineMaterials/Substrate/Glints2/dict_0001_0006" 10242
"/Engine/EngineMaterials/Substrate/Glints2/dict_0001_0007" 10243
"/Engine/EngineMaterials/Substrate/Glints2/dict_0000_0248" 10244
"/Engine/EngineMaterials/Substrate/Glints2/dict_0001_0010" 10245
"/Engine/EngineMaterials/Substrate/Glints2/dict_0001_0011" 10246
"../../../Engine/Content/EngineMaterials/Substrate/Glints2/dict_0000_0232.uasset" 10247
"../../../Engine/Content/EngineMaterials/Substrate/Glints2/dict_0000_0228.uasset" 10248
"../../../Engine/Content/EngineMaterials/Substrate/Glints2/dict_0000_0233.uasset" 10249
"../../../Engine/Content/EngineMaterials/Substrate/Glints2/dict_0000_0230.uasset" 10250
"../../../Engine/Content/EngineMaterials/Substrate/Glints2/dict_0000_0226.uasset" 10251
"../../../Engine/Content/EngineMaterials/Substrate/Glints2/dict_0000_0222.uasset" 10252
"../../../Engine/Content/EngineMaterials/Substrate/Glints2/dict_0000_0223.uasset" 10253
"../../../Engine/Content/EngineMaterials/Substrate/Glints2/dict_0000_0221.uasset" 10254
"../../../Engine/Content/EngineMaterials/Substrate/Glints2/dict_0000_0231.uasset" 10255
"../../../Engine/Content/EngineMaterials/Substrate/Glints2/dict_0000_0218.uasset" 10256
"../../../Engine/Content/EngineMaterials/Substrate/Glints2/dict_0000_0217.uasset" 10257
"/Engine/EngineMaterials/Substrate/Glints2/dict_0000_0234" 10258
"../../../Engine/Content/EngineMaterials/Substrate/Glints2/dict_0000_0220.uasset" 10259
"../../../Engine/Content/EngineMaterials/Substrate/Glints2/dict_0000_0225.uasset" 10260
"../../../Engine/Content/EngineMaterials/Substrate/Glints2/dict_0000_0227.uasset" 10261
"../../../Engine/Content/EngineMaterials/Substrate/Glints2/dict_0000_0229.uasset" 10262
"../../../Engine/Content/EngineMaterials/Substrate/Glints2/dict_0000_0224.uasset" 10263
"../../../Engine/Content/EngineMaterials/Substrate/Glints2/dict_0000_0219.uasset" 10264
"/Engine/EngineMaterials/Substrate/Glints2/dict_0000_0235" 10265
"/Engine/EngineMaterials/Substrate/Glints2/dict_0000_0236" 10266
"/Engine/EngineMaterials/Substrate/Glints2/dict_0000_0237" 10267
"/Engine/EngineMaterials/Substrate/Glints2/dict_0000_0238" 10268
"/Engine/EngineMaterials/Substrate/Glints2/dict_0000_0239" 10269
"/Engine/EngineMaterials/Substrate/Glints2/dict_0000_0240" 10270
"/Engine/EngineMaterials/Substrate/Glints2/dict_0000_0241" 10271
"/Engine/EngineMaterials/Substrate/Glints2/dict_0000_0242" 10272
"/Engine/EngineMaterials/Substrate/Glints2/dict_0000_0243" 10273
"/Engine/EngineMaterials/Substrate/Glints2/dict_0000_0244" 10274
"/Engine/EngineMaterials/Substrate/Glints2/dict_0000_0245" 10275
"/Engine/EngineMaterials/Substrate/Glints2/dict_0000_0246" 10276
"/Engine/EngineMaterials/Substrate/Glints2/dict_0000_0247" 10277
"/Engine/EngineMaterials/Substrate/Glints2/dict_0000_0249" 10278
"/Engine/EngineMaterials/Substrate/Glints2/dict_0000_0232" 10279
"../../../Engine/Content/EngineMaterials/Substrate/Glints2/dict_0000_0215.uasset" 10280
"../../../Engine/Content/EngineMaterials/Substrate/Glints2/dict_0000_0208.uasset" 10281
"../../../Engine/Content/EngineMaterials/Substrate/Glints2/dict_0000_0212.uasset" 10282
"../../../Engine/Content/EngineMaterials/Substrate/Glints2/dict_0000_0210.uasset" 10283
"../../../Engine/Content/EngineMaterials/Substrate/Glints2/dict_0000_0216.uasset" 10284
"../../../Engine/Content/EngineMaterials/Substrate/Glints2/dict_0000_0211.uasset" 10285
"/Engine/EngineMaterials/Substrate/Glints2/dict_0000_0217" 10286
"../../../Engine/Content/EngineMaterials/Substrate/Glints2/dict_0000_0201.uasset" 10287
"../../../Engine/Content/EngineMaterials/Substrate/Glints2/dict_0000_0204.uasset" 10288
"../../../Engine/Content/EngineMaterials/Substrate/Glints2/dict_0000_0202.uasset" 10289
"../../../Engine/Content/EngineMaterials/Substrate/Glints2/dict_0000_0205.uasset" 10290
"../../../Engine/Content/EngineMaterials/Substrate/Glints2/dict_0000_0214.uasset" 10291
"../../../Engine/Content/EngineMaterials/Substrate/Glints2/dict_0000_0206.uasset" 10292
"../../../Engine/Content/EngineMaterials/Substrate/Glints2/dict_0000_0213.uasset" 10293
"../../../Engine/Content/EngineMaterials/Substrate/Glints2/dict_0000_0209.uasset" 10294
"../../../Engine/Content/EngineMaterials/Substrate/Glints2/dict_0000_0203.uasset" 10295
"../../../Engine/Content/EngineMaterials/Substrate/Glints2/dict_0000_0207.uasset" 10296
"/Engine/EngineMaterials/Substrate/Glints2/dict_0000_0218" 10297
"/Engine/EngineMaterials/Substrate/Glints2/dict_0000_0219" 10298
"/Engine/EngineMaterials/Substrate/Glints2/dict_0000_0220" 10299
"/Engine/EngineMaterials/Substrate/Glints2/dict_0000_0221" 10300
"/Engine/EngineMaterials/Substrate/Glints2/dict_0000_0222" 10301
"/Engine/EngineMaterials/Substrate/Glints2/dict_0000_0223" 10302
"/Engine/EngineMaterials/Substrate/Glints2/dict_0000_0224" 10303
"/Engine/EngineMaterials/Substrate/Glints2/dict_0000_0225" 10304
"/Engine/EngineMaterials/Substrate/Glints2/dict_0000_0226" 10305
"/Engine/EngineMaterials/Substrate/Glints2/dict_0000_0227" 10306
"/Engine/EngineMaterials/Substrate/Glints2/dict_0000_0228" 10307
"/Engine/EngineMaterials/Substrate/Glints2/dict_0000_0229" 10308
"/Engine/EngineMaterials/Substrate/Glints2/dict_0000_0230" 10309
"/Engine/EngineMaterials/Substrate/Glints2/dict_0000_0231" 10310
"/Engine/EngineMaterials/Substrate/Glints2/dict_0000_0233" 10311
"../../../Engine/Content/EngineMaterials/Substrate/Glints2/dict_0000_0200.uasset" 10312
"../../../Engine/Content/EngineMaterials/Substrate/Glints2/dict_0000_0194.uasset" 10313
"../../../Engine/Content/EngineMaterials/Substrate/Glints2/dict_0000_0195.uasset" 10314
"../../../Engine/Content/EngineMaterials/Substrate/Glints2/dict_0000_0198.uasset" 10315
"../../../Engine/Content/EngineMaterials/Substrate/Glints2/dict_0000_0199.uasset" 10316
"../../../Engine/Content/EngineMaterials/Substrate/Glints2/dict_0000_0190.uasset" 10317
"../../../Engine/Content/EngineMaterials/Substrate/Glints2/dict_0000_0192.uasset" 10318
"/Engine/EngineMaterials/Substrate/Glints2/dict_0000_0201" 10319
"../../../Engine/Content/EngineMaterials/Substrate/Glints2/dict_0000_0196.uasset" 10320
"../../../Engine/Content/EngineMaterials/Substrate/Glints2/dict_0000_0189.uasset" 10321
"../../../Engine/Content/EngineMaterials/Substrate/Glints2/dict_0000_0188.uasset" 10322
"../../../Engine/Content/EngineMaterials/Substrate/Glints2/dict_0000_0185.uasset" 10323
"../../../Engine/Content/EngineMaterials/Substrate/Glints2/dict_0000_0187.uasset" 10324
"../../../Engine/Content/EngineMaterials/Substrate/Glints2/dict_0000_0197.uasset" 10325
"../../../Engine/Content/EngineMaterials/Substrate/Glints2/dict_0000_0191.uasset" 10326
"../../../Engine/Content/EngineMaterials/Substrate/Glints2/dict_0000_0186.uasset" 10327
"../../../Engine/Content/EngineMaterials/Substrate/Glints2/dict_0000_0193.uasset" 10328
"/Engine/EngineMaterials/Substrate/Glints2/dict_0000_0202" 10329
"/Engine/EngineMaterials/Substrate/Glints2/dict_0000_0203" 10330
"/Engine/EngineMaterials/Substrate/Glints2/dict_0000_0204" 10331
"/Engine/EngineMaterials/Substrate/Glints2/dict_0000_0205" 10332
"/Engine/EngineMaterials/Substrate/Glints2/dict_0000_0206" 10333
"/Engine/EngineMaterials/Substrate/Glints2/dict_0000_0207" 10334
"/Engine/EngineMaterials/Substrate/Glints2/dict_0000_0208" 10335
"/Engine/EngineMaterials/Substrate/Glints2/dict_0000_0209" 10336
"/Engine/EngineMaterials/Substrate/Glints2/dict_0000_0210" 10337
"/Engine/EngineMaterials/Substrate/Glints2/dict_0000_0211" 10338
"/Engine/EngineMaterials/Substrate/Glints2/dict_0000_0212" 10339
"/Engine/EngineMaterials/Substrate/Glints2/dict_0000_0213" 10340
"/Engine/EngineMaterials/Substrate/Glints2/dict_0000_0214" 10341
"/Engine/EngineMaterials/Substrate/Glints2/dict_0000_0215" 10342
"/Engine/EngineMaterials/Substrate/Glints2/dict_0000_0216" 10343
"/Engine/EngineMaterials/Substrate/Glints2/dict_0000_0200" 10344
"../../../Engine/Content/EngineMaterials/Substrate/Glints2/dict_0000_0183.uasset" 10345
"../../../Engine/Content/EngineMaterials/Substrate/Glints2/dict_0000_0184.uasset" 10346
"../../../Engine/Content/EngineMaterials/Substrate/Glints2/dict_0000_0175.uasset" 10347
"../../../Engine/Content/EngineMaterials/Substrate/Glints2/dict_0000_0173.uasset" 10348
"../../../Engine/Content/EngineMaterials/Substrate/Glints2/dict_0000_0172.uasset" 10349
"../../../Engine/Content/EngineMaterials/Substrate/Glints2/dict_0000_0170.uasset" 10350
"../../../Engine/Content/EngineMaterials/Substrate/Glints2/dict_0000_0169.uasset" 10351
"/Engine/EngineMaterials/Substrate/Glints2/dict_0000_0185" 10352
"../../../Engine/Content/EngineMaterials/Substrate/Glints2/dict_0000_0182.uasset" 10353
"../../../Engine/Content/EngineMaterials/Substrate/Glints2/dict_0000_0171.uasset" 10354
"../../../Engine/Content/EngineMaterials/Substrate/Glints2/dict_0000_0180.uasset" 10355
"../../../Engine/Content/EngineMaterials/Substrate/Glints2/dict_0000_0177.uasset" 10356
"../../../Engine/Content/EngineMaterials/Substrate/Glints2/dict_0000_0174.uasset" 10357
"../../../Engine/Content/EngineMaterials/Substrate/Glints2/dict_0000_0181.uasset" 10358
"../../../Engine/Content/EngineMaterials/Substrate/Glints2/dict_0000_0176.uasset" 10359
"../../../Engine/Content/EngineMaterials/Substrate/Glints2/dict_0000_0179.uasset" 10360
"../../../Engine/Content/EngineMaterials/Substrate/Glints2/dict_0000_0178.uasset" 10361
"../../../Engine/Content/EngineMaterials/Substrate/Glints2/dict_0000_0168.uasset" 10362
"/Engine/EngineMaterials/Substrate/Glints2/dict_0000_0186" 10363
"/Engine/EngineMaterials/Substrate/Glints2/dict_0000_0187" 10364
"/Engine/EngineMaterials/Substrate/Glints2/dict_0000_0188" 10365
"/Engine/EngineMaterials/Substrate/Glints2/dict_0000_0189" 10366
"/Engine/EngineMaterials/Substrate/Glints2/dict_0000_0190" 10367
"/Engine/EngineMaterials/Substrate/Glints2/dict_0000_0191" 10368
"/Engine/EngineMaterials/Substrate/Glints2/dict_0000_0192" 10369
"/Engine/EngineMaterials/Substrate/Glints2/dict_0000_0193" 10370
"/Engine/EngineMaterials/Substrate/Glints2/dict_0000_0194" 10371
"/Engine/EngineMaterials/Substrate/Glints2/dict_0000_0195" 10372
"/Engine/EngineMaterials/Substrate/Glints2/dict_0000_0196" 10373
"/Engine/EngineMaterials/Substrate/Glints2/dict_0000_0197" 10374
"/Engine/EngineMaterials/Substrate/Glints2/dict_0000_0198" 10375
"/Engine/EngineMaterials/Substrate/Glints2/dict_0000_0199" 10376
"/Engine/EngineMaterials/Substrate/Glints2/dict_0000_0183" 10377
"../../../Engine/Content/EngineMaterials/Substrate/Glints2/dict_0000_0167.uasset" 10378
"../../../Engine/Content/EngineMaterials/Substrate/Glints2/dict_0000_0164.uasset" 10379
"../../../Engine/Content/EngineMaterials/Substrate/Glints2/dict_0000_0165.uasset" 10380
"../../../Engine/Content/EngineMaterials/Substrate/Glints2/dict_0000_0161.uasset" 10381
"../../../Engine/Content/EngineMaterials/Substrate/Glints2/dict_0000_0156.uasset" 10382
"/Engine/EngineMaterials/Substrate/Glints2/dict_0000_0168" 10383
"../../../Engine/Content/EngineMaterials/Substrate/Glints2/dict_0000_0158.uasset" 10384
"../../../Engine/Content/EngineMaterials/Substrate/Glints2/dict_0000_0157.uasset" 10385
"../../../Engine/Content/EngineMaterials/Substrate/Glints2/dict_0000_0160.uasset" 10386
"../../../Engine/Content/EngineMaterials/Substrate/Glints2/dict_0000_0162.uasset" 10387
"../../../Engine/Content/EngineMaterials/Substrate/Glints2/dict_0000_0159.uasset" 10388
"../../../Engine/Content/EngineMaterials/Substrate/Glints2/dict_0000_0154.uasset" 10389
"../../../Engine/Content/EngineMaterials/Substrate/Glints2/dict_0000_0155.uasset" 10390
"../../../Engine/Content/EngineMaterials/Substrate/Glints2/dict_0000_0153.uasset" 10391
"../../../Engine/Content/EngineMaterials/Substrate/Glints2/dict_0000_0163.uasset" 10392
"../../../Engine/Content/EngineMaterials/Substrate/Glints2/dict_0000_0152.uasset" 10393
"../../../Engine/Content/EngineMaterials/Substrate/Glints2/dict_0000_0166.uasset" 10394
"/Engine/EngineMaterials/Substrate/Glints2/dict_0000_0169" 10395
"/Engine/EngineMaterials/Substrate/Glints2/dict_0000_0170" 10396
"/Engine/EngineMaterials/Substrate/Glints2/dict_0000_0171" 10397
"/Engine/EngineMaterials/Substrate/Glints2/dict_0000_0172" 10398
"/Engine/EngineMaterials/Substrate/Glints2/dict_0000_0173" 10399
"/Engine/EngineMaterials/Substrate/Glints2/dict_0000_0174" 10400
"/Engine/EngineMaterials/Substrate/Glints2/dict_0000_0175" 10401
"/Engine/EngineMaterials/Substrate/Glints2/dict_0000_0176" 10402
"/Engine/EngineMaterials/Substrate/Glints2/dict_0000_0177" 10403
"/Engine/EngineMaterials/Substrate/Glints2/dict_0000_0178" 10404
"/Engine/EngineMaterials/Substrate/Glints2/dict_0000_0179" 10405
"/Engine/EngineMaterials/Substrate/Glints2/dict_0000_0180" 10406
"/Engine/EngineMaterials/Substrate/Glints2/dict_0000_0181" 10407
"/Engine/EngineMaterials/Substrate/Glints2/dict_0000_0182" 10408
"/Engine/EngineMaterials/Substrate/Glints2/dict_0000_0167" 10409
"/Engine/EngineMaterials/Substrate/Glints2/dict_0000_0184" 10410
"../../../Engine/Content/EngineMaterials/Substrate/Glints2/dict_0000_0151.uasset" 10411
"../../../Engine/Content/EngineMaterials/Substrate/Glints2/dict_0000_0147.uasset" 10412
"../../../Engine/Content/EngineMaterials/Substrate/Glints2/dict_0000_0146.uasset" 10413
"../../../Engine/Content/EngineMaterials/Substrate/Glints2/dict_0000_0149.uasset" 10414
"../../../Engine/Content/EngineMaterials/Substrate/Glints2/dict_0000_0141.uasset" 10415
"/Engine/EngineMaterials/Substrate/Glints2/dict_0000_0152" 10416
"../../../Engine/Content/EngineMaterials/Substrate/Glints2/dict_0000_0139.uasset" 10417
"../../../Engine/Content/EngineMaterials/Substrate/Glints2/dict_0000_0135.uasset" 10418
"../../../Engine/Content/EngineMaterials/Substrate/Glints2/dict_0000_0143.uasset" 10419
"../../../Engine/Content/EngineMaterials/Substrate/Glints2/dict_0000_0137.uasset" 10420
"../../../Engine/Content/EngineMaterials/Substrate/Glints2/dict_0000_0140.uasset" 10421
"../../../Engine/Content/EngineMaterials/Substrate/Glints2/dict_0000_0145.uasset" 10422
"../../../Engine/Content/EngineMaterials/Substrate/Glints2/dict_0000_0148.uasset" 10423
"../../../Engine/Content/EngineMaterials/Substrate/Glints2/dict_0000_0142.uasset" 10424
"../../../Engine/Content/EngineMaterials/Substrate/Glints2/dict_0000_0150.uasset" 10425
"../../../Engine/Content/EngineMaterials/Substrate/Glints2/dict_0000_0138.uasset" 10426
"../../../Engine/Content/EngineMaterials/Substrate/Glints2/dict_0000_0144.uasset" 10427
"../../../Engine/Content/EngineMaterials/Substrate/Glints2/dict_0000_0136.uasset" 10428
"/Engine/EngineMaterials/Substrate/Glints2/dict_0000_0153" 10429
"/Engine/EngineMaterials/Substrate/Glints2/dict_0000_0154" 10430
"/Engine/EngineMaterials/Substrate/Glints2/dict_0000_0155" 10431
"/Engine/EngineMaterials/Substrate/Glints2/dict_0000_0156" 10432
"/Engine/EngineMaterials/Substrate/Glints2/dict_0000_0157" 10433
"/Engine/EngineMaterials/Substrate/Glints2/dict_0000_0158" 10434
"/Engine/EngineMaterials/Substrate/Glints2/dict_0000_0159" 10435
"/Engine/EngineMaterials/Substrate/Glints2/dict_0000_0160" 10436
"/Engine/EngineMaterials/Substrate/Glints2/dict_0000_0161" 10437
"/Engine/EngineMaterials/Substrate/Glints2/dict_0000_0162" 10438
"/Engine/EngineMaterials/Substrate/Glints2/dict_0000_0163" 10439
"/Engine/EngineMaterials/Substrate/Glints2/dict_0000_0164" 10440
"/Engine/EngineMaterials/Substrate/Glints2/dict_0000_0165" 10441
"/Engine/EngineMaterials/Substrate/Glints2/dict_0000_0166" 10442
"/Engine/EngineMaterials/Substrate/Glints2/dict_0000_0151" 10443
"../../../Engine/Content/EngineMaterials/Substrate/Glints2/dict_0000_0134.uasset" 10444
"../../../Engine/Content/EngineMaterials/Substrate/Glints2/dict_0000_0129.uasset" 10445
"../../../Engine/Content/EngineMaterials/Substrate/Glints2/dict_0000_0130.uasset" 10446
"../../../Engine/Content/EngineMaterials/Substrate/Glints2/dict_0000_0128.uasset" 10447
"../../../Engine/Content/EngineMaterials/Substrate/Glints2/dict_0000_0131.uasset" 10448
"../../../Engine/Content/EngineMaterials/Substrate/Glints2/dict_0000_0132.uasset" 10449
"../../../Engine/Content/EngineMaterials/Substrate/Glints2/dict_0000_0122.uasset" 10450
"../../../Engine/Content/EngineMaterials/Substrate/Glints2/dict_0000_0125.uasset" 10451
"/Engine/EngineMaterials/Substrate/Glints2/dict_0000_0135" 10452
"../../../Engine/Content/EngineMaterials/Substrate/Glints2/dict_0000_0127.uasset" 10453
"../../../Engine/Content/EngineMaterials/Substrate/Glints2/dict_0000_0121.uasset" 10454
"../../../Engine/Content/EngineMaterials/Substrate/Glints2/dict_0000_0120.uasset" 10455
"../../../Engine/Content/EngineMaterials/Substrate/Glints2/dict_0000_0123.uasset" 10456
"../../../Engine/Content/EngineMaterials/Substrate/Glints2/dict_0000_0119.uasset" 10457
"../../../Engine/Content/EngineMaterials/Substrate/Glints2/dict_0000_0133.uasset" 10458
"../../../Engine/Content/EngineMaterials/Substrate/Glints2/dict_0000_0126.uasset" 10459
"../../../Engine/Content/EngineMaterials/Substrate/Glints2/dict_0000_0124.uasset" 10460
"/Engine/EngineMaterials/Substrate/Glints2/dict_0000_0136" 10461
"/Engine/EngineMaterials/Substrate/Glints2/dict_0000_0137" 10462
"/Engine/EngineMaterials/Substrate/Glints2/dict_0000_0138" 10463
"/Engine/EngineMaterials/Substrate/Glints2/dict_0000_0139" 10464
"/Engine/EngineMaterials/Substrate/Glints2/dict_0000_0140" 10465
"/Engine/EngineMaterials/Substrate/Glints2/dict_0000_0141" 10466
"/Engine/EngineMaterials/Substrate/Glints2/dict_0000_0142" 10467
"/Engine/EngineMaterials/Substrate/Glints2/dict_0000_0143" 10468
"/Engine/EngineMaterials/Substrate/Glints2/dict_0000_0144" 10469
"/Engine/EngineMaterials/Substrate/Glints2/dict_0000_0145" 10470
"/Engine/EngineMaterials/Substrate/Glints2/dict_0000_0146" 10471
"/Engine/EngineMaterials/Substrate/Glints2/dict_0000_0129" 10472
"/Engine/EngineMaterials/Substrate/Glints2/dict_0000_0147" 10473
"/Engine/EngineMaterials/Substrate/Glints2/dict_0000_0148" 10474
"/Engine/EngineMaterials/Substrate/Glints2/dict_0000_0149" 10475
"/Engine/EngineMaterials/Substrate/Glints2/dict_0000_0150" 10476
"/Engine/EngineMaterials/Substrate/Glints2/dict_0000_0134" 10477
"../../../Engine/Content/EngineMaterials/Substrate/Glints2/dict_0000_0118.uasset" 10478
"../../../Engine/Content/EngineMaterials/Substrate/Glints2/dict_0000_0116.uasset" 10479
"../../../Engine/Content/EngineMaterials/Substrate/Glints2/dict_0000_0117.uasset" 10480
"../../../Engine/Content/EngineMaterials/Substrate/Glints2/dict_0000_0112.uasset" 10481
"../../../Engine/Content/EngineMaterials/Substrate/Glints2/dict_0000_0114.uasset" 10482
"/Engine/EngineMaterials/Substrate/Glints2/dict_0000_0119" 10483
"../../../Engine/Content/EngineMaterials/Substrate/Glints2/dict_0000_0115.uasset" 10484
"../../../Engine/Content/EngineMaterials/Substrate/Glints2/dict_0000_0101.uasset" 10485
"../../../Engine/Content/EngineMaterials/Substrate/Glints2/dict_0000_0106.uasset" 10486
"../../../Engine/Content/EngineMaterials/Substrate/Glints2/dict_0000_0102.uasset" 10487
"../../../Engine/Content/EngineMaterials/Substrate/Glints2/dict_0000_0108.uasset" 10488
"../../../Engine/Content/EngineMaterials/Substrate/Glints2/dict_0000_0113.uasset" 10489
"../../../Engine/Content/EngineMaterials/Substrate/Glints2/dict_0000_0105.uasset" 10490
"../../../Engine/Content/EngineMaterials/Substrate/Glints2/dict_0000_0107.uasset" 10491
"../../../Engine/Content/EngineMaterials/Substrate/Glints2/dict_0000_0111.uasset" 10492
"../../../Engine/Content/EngineMaterials/Substrate/Glints2/dict_0000_0109.uasset" 10493
"../../../Engine/Content/EngineMaterials/Substrate/Glints2/dict_0000_0103.uasset" 10494
"../../../Engine/Content/EngineMaterials/Substrate/Glints2/dict_0000_0110.uasset" 10495
"../../../Engine/Content/EngineMaterials/Substrate/Glints2/dict_0000_0104.uasset" 10496
"/Engine/EngineMaterials/Substrate/Glints2/dict_0000_0120" 10497
"/Engine/EngineMaterials/Substrate/Glints2/dict_0000_0121" 10498
"/Engine/EngineMaterials/Substrate/Glints2/dict_0000_0122" 10499
"/Engine/EngineMaterials/Substrate/Glints2/dict_0000_0123" 10500
"/Engine/EngineMaterials/Substrate/Glints2/dict_0000_0124" 10501
"/Engine/EngineMaterials/Substrate/Glints2/dict_0000_0125" 10502
"/Engine/EngineMaterials/Substrate/Glints2/dict_0000_0126" 10503
"/Engine/EngineMaterials/Substrate/Glints2/dict_0000_0127" 10504
"/Engine/EngineMaterials/Substrate/Glints2/dict_0000_0128" 10505
"/Engine/EngineMaterials/Substrate/Glints2/dict_0000_0130" 10506
"/Engine/EngineMaterials/Substrate/Glints2/dict_0000_0131" 10507
"/Engine/EngineMaterials/Substrate/Glints2/dict_0000_0132" 10508
"/Engine/EngineMaterials/Substrate/Glints2/dict_0000_0133" 10509
"/Engine/EngineMaterials/Substrate/Glints2/dict_0000_0116" 10510
"../../../Engine/Content/EngineMaterials/Substrate/Glints2/dict_0000_0098.uasset" 10511
"../../../Engine/Content/EngineMaterials/Substrate/Glints2/dict_0000_0097.uasset" 10512
"../../../Engine/Content/EngineMaterials/Substrate/Glints2/dict_0000_0099.uasset" 10513
"../../../Engine/Content/EngineMaterials/Substrate/Glints2/dict_0000_0096.uasset" 10514
"../../../Engine/Content/EngineMaterials/Substrate/Glints2/dict_0000_0095.uasset" 10515
"/Engine/EngineMaterials/Substrate/Glints2/dict_0000_0101" 10516
"../../../Engine/Content/EngineMaterials/Substrate/Glints2/dict_0000_0092.uasset" 10517
"../../../Engine/Content/EngineMaterials/Substrate/Glints2/dict_0000_0094.uasset" 10518
"../../../Engine/Content/EngineMaterials/Substrate/Glints2/dict_0000_0086.uasset" 10519
"../../../Engine/Content/EngineMaterials/Substrate/Glints2/dict_0000_0087.uasset" 10520
"../../../Engine/Content/EngineMaterials/Substrate/Glints2/dict_0000_0088.uasset" 10521
"../../../Engine/Content/EngineMaterials/Substrate/Glints2/dict_0000_0090.uasset" 10522
"../../../Engine/Content/EngineMaterials/Substrate/Glints2/dict_0000_0093.uasset" 10523
"../../../Engine/Content/EngineMaterials/Substrate/Glints2/dict_0000_0089.uasset" 10524
"/Engine/EngineMaterials/Substrate/Glints2/dict_0000_0102" 10525
"../../../Engine/Content/EngineMaterials/Substrate/Glints2/dict_0000_0100.uasset" 10526
"../../../Engine/Content/EngineMaterials/Substrate/Glints2/dict_0000_0091.uasset" 10527
"/Engine/EngineMaterials/Substrate/Glints2/dict_0000_0103" 10528
"/Engine/EngineMaterials/Substrate/Glints2/dict_0000_0104" 10529
"/Engine/EngineMaterials/Substrate/Glints2/dict_0000_0105" 10530
"/Engine/EngineMaterials/Substrate/Glints2/dict_0000_0106" 10531
"/Engine/EngineMaterials/Substrate/Glints2/dict_0000_0107" 10532
"/Engine/EngineMaterials/Substrate/Glints2/dict_0000_0108" 10533
"/Engine/EngineMaterials/Substrate/Glints2/dict_0000_0109" 10534
"/Engine/EngineMaterials/Substrate/Glints2/dict_0000_0110" 10535
"/Engine/EngineMaterials/Substrate/Glints2/dict_0000_0111" 10536
"/Engine/EngineMaterials/Substrate/Glints2/dict_0000_0112" 10537
"/Engine/EngineMaterials/Substrate/Glints2/dict_0000_0113" 10538
"/Engine/EngineMaterials/Substrate/Glints2/dict_0000_0114" 10539
"/Engine/EngineMaterials/Substrate/Glints2/dict_0000_0115" 10540
"/Engine/EngineMaterials/Substrate/Glints2/dict_0000_0117" 10541
"/Engine/EngineMaterials/Substrate/Glints2/dict_0000_0118" 10542
"../../../Engine/Content/EngineMaterials/Substrate/Glints2/dict_0000_0085.uasset" 10543
"../../../Engine/Content/EngineMaterials/Substrate/Glints2/dict_0000_0082.uasset" 10544
"../../../Engine/Content/EngineMaterials/Substrate/Glints2/dict_0000_0083.uasset" 10545
"../../../Engine/Content/EngineMaterials/Substrate/Glints2/dict_0000_0081.uasset" 10546
"../../../Engine/Content/EngineMaterials/Substrate/Glints2/dict_0000_0084.uasset" 10547
"../../../Engine/Content/EngineMaterials/Substrate/Glints2/dict_0000_0074.uasset" 10548
"../../../Engine/Content/EngineMaterials/Substrate/Glints2/dict_0000_0076.uasset" 10549
"../../../Engine/Content/EngineMaterials/Substrate/Glints2/dict_0000_0075.uasset" 10550
"../../../Engine/Content/EngineMaterials/Substrate/Glints2/dict_0000_0070.uasset" 10551
"../../../Engine/Content/EngineMaterials/Substrate/Glints2/dict_0000_0072.uasset" 10552
"../../../Engine/Content/EngineMaterials/Substrate/Glints2/dict_0000_0080.uasset" 10553
"../../../Engine/Content/EngineMaterials/Substrate/Glints2/dict_0000_0069.uasset" 10554
"../../../Engine/Content/EngineMaterials/Substrate/Glints2/dict_0000_0071.uasset" 10555
"../../../Engine/Content/EngineMaterials/Substrate/Glints2/dict_0000_0073.uasset" 10556
"../../../Engine/Content/EngineMaterials/Substrate/Glints2/dict_0000_0079.uasset" 10557
"../../../Engine/Content/EngineMaterials/Substrate/Glints2/dict_0000_0077.uasset" 10558
"/Engine/EngineMaterials/Substrate/Glints2/dict_0000_0086" 10559
"../../../Engine/Content/EngineMaterials/Substrate/Glints2/dict_0000_0078.uasset" 10560
"/Engine/EngineMaterials/Substrate/Glints2/dict_0000_0087" 10561
"/Engine/EngineMaterials/Substrate/Glints2/dict_0000_0088" 10562
"/Engine/EngineMaterials/Substrate/Glints2/dict_0000_0089" 10563
"/Engine/EngineMaterials/Substrate/Glints2/dict_0000_0090" 10564
"/Engine/EngineMaterials/Substrate/Glints2/dict_0000_0091" 10565
"/Engine/EngineMaterials/Substrate/Glints2/dict_0000_0092" 10566
"/Engine/EngineMaterials/Substrate/Glints2/dict_0000_0093" 10567
"/Engine/EngineMaterials/Substrate/Glints2/dict_0000_0094" 10568
"/Engine/EngineMaterials/Substrate/Glints2/dict_0000_0095" 10569
"/Engine/EngineMaterials/Substrate/Glints2/dict_0000_0096" 10570
"/Engine/EngineMaterials/Substrate/Glints2/dict_0000_0097" 10571
"/Engine/EngineMaterials/Substrate/Glints2/dict_0000_0098" 10572
"/Engine/EngineMaterials/Substrate/Glints2/dict_0000_0082" 10573
"/Engine/EngineMaterials/Substrate/Glints2/dict_0000_0083" 10574
"/Engine/EngineMaterials/Substrate/Glints2/dict_0000_0099" 10575
"/Engine/EngineMaterials/Substrate/Glints2/dict_0000_0100" 10576
"/Engine/EngineMaterials/Substrate/Glints2/dict_0000_0085" 10577
"../../../Engine/Content/EngineMaterials/Substrate/Glints2/dict_0000_0068.uasset" 10578
"../../../Engine/Content/EngineMaterials/Substrate/Glints2/dict_0000_0066.uasset" 10579
"../../../Engine/Content/EngineMaterials/Substrate/Glints2/dict_0000_0062.uasset" 10580
"../../../Engine/Content/EngineMaterials/Substrate/Glints2/dict_0000_0061.uasset" 10581
"../../../Engine/Content/EngineMaterials/Substrate/Glints2/dict_0000_0057.uasset" 10582
"/Engine/EngineMaterials/Substrate/Glints2/dict_0000_0069" 10583
"../../../Engine/Content/EngineMaterials/Substrate/Glints2/dict_0000_0058.uasset" 10584
"../../../Engine/Content/EngineMaterials/Substrate/Glints2/dict_0000_0060.uasset" 10585
"../../../Engine/Content/EngineMaterials/Substrate/Glints2/dict_0000_0064.uasset" 10586
"../../../Engine/Content/EngineMaterials/Substrate/Glints2/dict_0000_0055.uasset" 10587
"../../../Engine/Content/EngineMaterials/Substrate/Glints2/dict_0000_0054.uasset" 10588
"../../../Engine/Content/EngineMaterials/Substrate/Glints2/dict_0000_0063.uasset" 10589
"../../../Engine/Content/EngineMaterials/Substrate/Glints2/dict_0000_0059.uasset" 10590
"../../../Engine/Content/EngineMaterials/Substrate/Glints2/dict_0000_0053.uasset" 10591
"../../../Engine/Content/EngineMaterials/Substrate/Glints2/dict_0000_0052.uasset" 10592
"../../../Engine/Content/EngineMaterials/Substrate/Glints2/dict_0000_0051.uasset" 10593
"../../../Engine/Content/EngineMaterials/Substrate/Glints2/dict_0000_0065.uasset" 10594
"../../../Engine/Content/EngineMaterials/Substrate/Glints2/dict_0000_0056.uasset" 10595
"../../../Engine/Content/EngineMaterials/Substrate/Glints2/dict_0000_0067.uasset" 10596
"/Engine/EngineMaterials/Substrate/Glints2/dict_0000_0070" 10597
"/Engine/EngineMaterials/Substrate/Glints2/dict_0000_0071" 10598
"/Engine/EngineMaterials/Substrate/Glints2/dict_0000_0072" 10599
"/Engine/EngineMaterials/Substrate/Glints2/dict_0000_0073" 10600
"/Engine/EngineMaterials/Substrate/Glints2/dict_0000_0074" 10601
"/Engine/EngineMaterials/Substrate/Glints2/dict_0000_0075" 10602
"/Engine/EngineMaterials/Substrate/Glints2/dict_0000_0076" 10603
"/Engine/EngineMaterials/Substrate/Glints2/dict_0000_0077" 10604
"/Engine/EngineMaterials/Substrate/Glints2/dict_0000_0078" 10605
"/Engine/EngineMaterials/Substrate/Glints2/dict_0000_0079" 10606
"/Engine/EngineMaterials/Substrate/Glints2/dict_0000_0080" 10607
"/Engine/EngineMaterials/Substrate/Glints2/dict_0000_0081" 10608
"/Engine/EngineMaterials/Substrate/Glints2/dict_0000_0084" 10609
"../../../Engine/Content/EngineMaterials/Substrate/Glints2/dict_0000_0047.uasset" 10610
"../../../Engine/Content/EngineMaterials/Substrate/Glints2/dict_0000_0048.uasset" 10611
"../../../Engine/Content/EngineMaterials/Substrate/Glints2/dict_0000_0045.uasset" 10612
"../../../Engine/Content/EngineMaterials/Substrate/Glints2/dict_0000_0041.uasset" 10613
"../../../Engine/Content/EngineMaterials/Substrate/Glints2/dict_0000_0043.uasset" 10614
"/Engine/EngineMaterials/Substrate/Glints2/dict_0000_0051" 10615
"../../../Engine/Content/EngineMaterials/Substrate/Glints2/dict_0000_0049.uasset" 10616
"../../../Engine/Content/EngineMaterials/Substrate/Glints2/dict_0000_0046.uasset" 10617
"../../../Engine/Content/EngineMaterials/Substrate/Glints2/dict_0000_0042.uasset" 10618
"../../../Engine/Content/EngineMaterials/Substrate/Glints2/dict_0000_0038.uasset" 10619
"../../../Engine/Content/EngineMaterials/Substrate/Glints2/dict_0000_0037.uasset" 10620
"../../../Engine/Content/EngineMaterials/Substrate/Glints2/dict_0000_0039.uasset" 10621
"../../../Engine/Content/EngineMaterials/Substrate/Glints2/dict_0000_0044.uasset" 10622
"../../../Engine/Content/EngineMaterials/Substrate/Glints2/dict_0000_0040.uasset" 10623
"../../../Engine/Content/EngineMaterials/Substrate/Glints2/dict_0000_0050.uasset" 10624
"/Engine/EngineMaterials/Substrate/Glints2/dict_0000_0052" 10625
"/Engine/EngineMaterials/Substrate/Glints2/dict_0000_0053" 10626
"/Engine/EngineMaterials/Substrate/Glints2/dict_0000_0054" 10627
"/Engine/EngineMaterials/Substrate/Glints2/dict_0000_0055" 10628
"/Engine/EngineMaterials/Substrate/Glints2/dict_0000_0056" 10629
"/Engine/EngineMaterials/Substrate/Glints2/dict_0000_0057" 10630
"/Engine/EngineMaterials/Substrate/Glints2/dict_0000_0058" 10631
"/Engine/EngineMaterials/Substrate/Glints2/dict_0000_0059" 10632
"/Engine/EngineMaterials/Substrate/Glints2/dict_0000_0060" 10633
"/Engine/EngineMaterials/Substrate/Glints2/dict_0000_0061" 10634
"/Engine/EngineMaterials/Substrate/Glints2/dict_0000_0062" 10635
"/Engine/EngineMaterials/Substrate/Glints2/dict_0000_0063" 10636
"/Engine/EngineMaterials/Substrate/Glints2/dict_0000_0064" 10637
"/Engine/EngineMaterials/Substrate/Glints2/dict_0000_0065" 10638
"/Engine/EngineMaterials/Substrate/Glints2/dict_0000_0066" 10639
"/Engine/EngineMaterials/Substrate/Glints2/dict_0000_0067" 10640
"/Engine/EngineMaterials/Substrate/Glints2/dict_0000_0068" 10641
"../../../Engine/Content/EngineMaterials/Substrate/Glints2/dict_0000_0034.uasset" 10642
"../../../Engine/Content/EngineMaterials/Substrate/Glints2/dict_0000_0036.uasset" 10643
"../../../Engine/Content/EngineMaterials/Substrate/Glints2/dict_0000_0027.uasset" 10644
"/Engine/EngineMaterials/Substrate/Glints2/dict_0000_0037" 10645
"../../../Engine/Content/EngineMaterials/Substrate/Glints2/dict_0000_0022.uasset" 10646
"../../../Engine/Content/EngineMaterials/Substrate/Glints2/dict_0000_0025.uasset" 10647
"../../../Engine/Content/EngineMaterials/Substrate/Glints2/dict_0000_0024.uasset" 10648
"../../../Engine/Content/EngineMaterials/Substrate/Glints2/dict_0000_0029.uasset" 10649
"../../../Engine/Content/EngineMaterials/Substrate/Glints2/dict_0000_0020.uasset" 10650
"../../../Engine/Content/EngineMaterials/Substrate/Glints2/dict_0000_0028.uasset" 10651
"../../../Engine/Content/EngineMaterials/Substrate/Glints2/dict_0000_0032.uasset" 10652
"../../../Engine/Content/EngineMaterials/Substrate/Glints2/dict_0000_0019.uasset" 10653
"../../../Engine/Content/EngineMaterials/Substrate/Glints2/dict_0000_0035.uasset" 10654
"../../../Engine/Content/EngineMaterials/Substrate/Glints2/dict_0000_0023.uasset" 10655
"../../../Engine/Content/EngineMaterials/Substrate/Glints2/dict_0000_0031.uasset" 10656
"../../../Engine/Content/EngineMaterials/Substrate/Glints2/dict_0000_0026.uasset" 10657
"../../../Engine/Content/EngineMaterials/Substrate/Glints2/dict_0000_0033.uasset" 10658
"../../../Engine/Content/EngineMaterials/Substrate/Glints2/dict_0000_0030.uasset" 10659
"../../../Engine/Content/EngineMaterials/Substrate/Glints2/dict_0000_0021.uasset" 10660
"/Engine/EngineMaterials/Substrate/Glints2/dict_0000_0038" 10661
"/Engine/EngineMaterials/Substrate/Glints2/dict_0000_0039" 10662
"/Engine/EngineMaterials/Substrate/Glints2/dict_0000_0040" 10663
"/Engine/EngineMaterials/Substrate/Glints2/dict_0000_0041" 10664
"/Engine/EngineMaterials/Substrate/Glints2/dict_0000_0042" 10665
"/Engine/EngineMaterials/Substrate/Glints2/dict_0000_0043" 10666
"/Engine/EngineMaterials/Substrate/Glints2/dict_0000_0044" 10667
"/Engine/EngineMaterials/Substrate/Glints2/dict_0000_0045" 10668
"/Engine/EngineMaterials/Substrate/Glints2/dict_0000_0046" 10669
"/Engine/EngineMaterials/Substrate/Glints2/dict_0000_0047" 10670
"/Engine/EngineMaterials/Substrate/Glints2/dict_0000_0048" 10671
"/Engine/EngineMaterials/Substrate/Glints2/dict_0000_0049" 10672
"/Engine/EngineMaterials/Substrate/Glints2/dict_0000_0034" 10673
"/Engine/EngineMaterials/Substrate/Glints2/dict_0000_0050" 10674
"../../../Engine/Content/EngineMaterials/Substrate/Glints2/dict_0000_0015.uasset" 10675
"../../../Engine/Content/EngineMaterials/Substrate/Glints2/dict_0000_0013.uasset" 10676
"../../../Engine/Content/EngineMaterials/Substrate/Glints2/dict_0000_0016.uasset" 10677
"/Engine/EngineMaterials/Substrate/Glints2/dict_0000_0019" 10678
"../../../Engine/Content/EngineMaterials/Substrate/Glints2/dict_0000_0011.uasset" 10679
"../../../Engine/Content/EngineMaterials/Substrate/Glints2/dict_0000_0018.uasset" 10680
"../../../Engine/Content/EngineMaterials/Substrate/Glints2/dict_0000_0009.uasset" 10681
"../../../Engine/Content/EngineMaterials/Substrate/Glints2/dict_0000_0014.uasset" 10682
"../../../Engine/Content/EngineMaterials/Substrate/Glints2/dict_0000_0012.uasset" 10683
"../../../Engine/Content/EngineMaterials/Substrate/Glints2/dict_0000_0010.uasset" 10684
"../../../Engine/Content/EngineMaterials/Substrate/Glints2/dict_0000_0006.uasset" 10685
"../../../Engine/Content/EngineMaterials/Substrate/Glints2/dict_0000_0017.uasset" 10686
"../../../Engine/Content/EngineMaterials/Substrate/Glints2/dict_0000_0008.uasset" 10687
"../../../Engine/Content/EngineMaterials/Substrate/Glints2/dict_0000_0004.uasset" 10688
"../../../Engine/Content/EngineMaterials/Substrate/Glints2/dict_0000_0005.uasset" 10689
"/Engine/EngineMaterials/Substrate/Glints2/dict_0000_0020" 10690
"../../../Engine/Content/EngineMaterials/Substrate/Glints2/dict_0000_0007.uasset" 10691
"/Engine/EngineMaterials/Substrate/Glints2/dict_0000_0021" 10692
"/Engine/EngineMaterials/Substrate/Glints2/dict_0000_0022" 10693
"/Engine/EngineMaterials/Substrate/Glints2/dict_0000_0023" 10694
"/Engine/EngineMaterials/Substrate/Glints2/dict_0000_0024" 10695
"/Engine/EngineMaterials/Substrate/Glints2/dict_0000_0025" 10696
"/Engine/EngineMaterials/Substrate/Glints2/dict_0000_0026" 10697
"/Engine/EngineMaterials/Substrate/Glints2/dict_0000_0027" 10698
"/Engine/EngineMaterials/Substrate/Glints2/dict_0000_0028" 10699
"/Engine/EngineMaterials/Substrate/Glints2/dict_0000_0029" 10700
"/Engine/EngineMaterials/Substrate/Glints2/dict_0000_0030" 10701
"/Engine/EngineMaterials/Substrate/Glints2/dict_0000_0031" 10702
"/Engine/EngineMaterials/Substrate/Glints2/dict_0000_0032" 10703
"/Engine/EngineMaterials/Substrate/Glints2/dict_0000_0033" 10704
"/Engine/EngineMaterials/Substrate/Glints2/dict_0000_0035" 10705
"/Engine/EngineMaterials/Substrate/Glints2/dict_0000_0036" 10706
"../../../Engine/Content/EngineMaterials/Substrate/Glints2/dict_0000_0001.uasset" 10707
"../../../Engine/Content/EngineMaterials/Substrate/Glints2/dict_0000_0003.uasset" 10708
"../../../Engine/Content/EngineMaterials/DefaultCalibrationColor.uasset" 10709
"../../../Engine/Content/EngineMaterials/Substrate/Volume/SubstrateSimpleVolumeLUT2D.uasset" 10710
"../../../Engine/Content/EngineMaterials/Substrate/Glints2/AGlintTex2dArray2.uasset" 10711
"../../../Engine/Content/EngineMaterials/Substrate/Volume/SubstrateSimpleVolumeLUT3D.uasset" 10712
"../../../Engine/Content/EngineMaterials/Substrate/Volume/SubstrateSimpleVolumeEnvLUT2D.uasset" 10713
"/Engine/EngineMaterials/Substrate/Glints2/dict_0000_0004" 10714
"../../../Engine/Content/EngineMaterials/PPM_DefaultCalibrationColor.uasset" 10715
"../../../Engine/Content/EngineMaterials/DefaultCalibrationGrayscale.uasset" 10716
"../../../Engine/Content/Functions/Engine_MaterialFunctions03/Procedurals/HeightToNormalSmooth.uasset" 10717
"../../../Engine/Content/EngineMaterials/PPM_DefaultCalibrationGrayscale.uasset" 10718
"../../../Engine/Content/EngineMaterials/Substrate/Volume/SubstrateSimpleVolumeEnvLUT3D.uasset" 10719
"../../../Engine/Content/EngineMaterials/Substrate/Glints2/dict_0000_0000.uasset" 10720
"../../../Engine/Plugins/Interchange/Assets/Content/Functions/MX_Surface.uasset" 10721
"../../../Engine/Content/Functions/MaterialLayerFunctions/MatLayerBlend_OverrideOpacity.uasset" 10722
"../../../Engine/Content/EngineMaterials/Substrate/Glints2/dict_0000_0002.uasset" 10723
"../../../Engine/Content/Functions/Engine_MaterialFunctions02/Utility/BlendAngleCorrectedNormals.uasset" 10724
"/Engine/EngineMaterials/Substrate/Glints2/dict_0000_0005" 10725
"/Engine/EngineMaterials/Substrate/Glints2/dict_0000_0006" 10726
"/Engine/EngineMaterials/Substrate/Glints2/dict_0000_0007" 10727
"/Engine/EngineMaterials/Substrate/Glints2/dict_0000_0008" 10728
"/Engine/EngineMaterials/Substrate/Glints2/dict_0000_0009" 10729
"/Engine/EngineMaterials/Substrate/Glints2/dict_0000_0010" 10730
"/Engine/EngineMaterials/Substrate/Glints2/dict_0000_0011" 10731
"/Engine/EngineMaterials/Substrate/Glints2/dict_0000_0012" 10732
"/Engine/EngineMaterials/Substrate/Glints2/dict_0000_0013" 10733
"/Engine/EngineMaterials/Substrate/Glints2/dict_0000_0014" 10734
"/Engine/EngineMaterials/Substrate/Glints2/dict_0000_0015" 10735
"/Engine/EngineMaterials/Substrate/Glints2/dict_0000_0016" 10736
"/Engine/EngineMaterials/Substrate/Glints2/dict_0000_0017" 10737
"/Engine/EngineMaterials/Substrate/Glints2/dict_0000_0018" 10738
"C:/Arcadia/Unreal/Projects/BonkSouls/Content/CR/Demo/Materials/M_Mannequins.uasset" 10739
"../../../Engine/Plugins/Interchange/Assets/Content/Functions/MX_Displacement.uasset" 10740
"C:/Arcadia/Unreal/Projects/BonkSouls/Content/Characters/Mannequins/Textures/Manny/T_Manny_02_D.uasset" 10741
"C:/Arcadia/Unreal/Projects/BonkSouls/Content/Characters/Mannequins/Textures/Manny/T_Manny_02_BN.uasset" 10742
"C:/Arcadia/Unreal/Projects/BonkSouls/Content/Characters/Mannequins/Materials/Manny/MI_Manny_01_New.uasset" 10743
"/Engine/Functions/Engine_MaterialFunctions02/Utility/BlendAngleCorrectedNormals" 10744
"C:/Arcadia/Unreal/Projects/BonkSouls/Content/Characters/Mannequins/Materials/Manny/MI_Manny_02_New.uasset" 10745
"C:/Arcadia/Unreal/Projects/BonkSouls/Content/Characters/Mannequins/Textures/Manny/T_Manny_02_MRA.uasset" 10746
"C:/Arcadia/Unreal/Projects/BonkSouls/Content/CR/Demo/Meshes/SKM_Manny.uasset" 10747
"C:/Arcadia/Unreal/Projects/BonkSouls/Content/CR/Demo/Rigs/PA_Mannequin.uasset" 10748
"C:/Arcadia/Unreal/Projects/BonkSouls/Content/Characters/Mannequins/Meshes/SKM_Manny_Simple.uasset" 10749
"/Engine/Functions/Engine_MaterialFunctions03/Procedurals/HeightToNormalSmooth" 10750
"/InterchangeAssets/Functions/MX_Surface" 10751
"/Engine/EngineMaterials/PPM_DefaultCalibrationGrayscale" 10752
"/Engine/EngineMaterials/PPM_DefaultCalibrationColor" 10753
"/Engine/EngineMaterials/Substrate/Volume/SubstrateSimpleVolumeEnvLUT3D" 10754
"/Engine/EngineMaterials/Substrate/Volume/SubstrateSimpleVolumeLUT3D" 10755
"/Engine/EngineMaterials/Substrate/Glints2/AGlintTex2dArray2" 10756
"/Game/CR/Demo/Materials/M_Mannequins" 10757
"/Game/Characters/Mannequins/Meshes/SKM_Manny_Simple" 10758
"/Game/CR/Demo/Meshes/SKM_Manny" 10759
"../../../../../../Arcadia/Unreal/Projects/BonkSouls/Content/CR/Demo/Meshes/SKM_Manny.uasset" 10760
"/InterchangeAssets/Functions/MX_Displacement" 10761
"../../../Engine/Plugins/NNE/NNEDenoiser/Content/NNEDIM_ColorAlbedoNormal_Default.uasset" 10762
"../../../Engine/Plugins/NNE/NNEDenoiser/Content/NNEDIM_ColorAlbedoNormal_Alpha.uasset" 10763
"../../../Engine/Plugins/NNE/NNEDenoiser/Content/NNEDIM_HighQuality_Alpha.uasset" 10764
"../../../Engine/Plugins/NNE/NNEDenoiser/Content/NNEDIM_HighQuality_Default.uasset" 10765
"../../../Engine/Plugins/NNE/NNEDenoiser/Content/NNEDOM_Output_Alpha.uasset" 10766
"../../../Engine/Plugins/NNE/NNEDenoiser/Content/NNEDTIM_ColorAlbedoNormal_Alpha.uasset" 10767
"../../../Engine/Plugins/NNE/NNEDenoiser/Content/NNEDOM_Output_Default.uasset" 10768
"../../../Engine/Plugins/NNE/NNEDenoiser/Content/NNEDTOM_Output_Default.uasset" 10769
"../../../Engine/Plugins/NNE/NNEDenoiser/Content/NNEDTOM_Output_Alpha.uasset" 10770
"../../../Engine/Plugins/NNE/NNEDenoiser/Content/NNEDT_Oidn2-3_Balanced_Alpha.uasset" 10771
"../../../Engine/Plugins/NNE/NNEDenoiser/Content/NNEDTIM_ColorAlbedoNormal_Default.uasset" 10772
"../../../Engine/Plugins/NNE/NNEDenoiser/Content/NNEDT_Oidn2-3_Balanced.uasset" 10773
"../../../Engine/Plugins/NNE/NNEDenoiser/Content/NNED_Oidn2-3_Balanced.uasset" 10774
"../../../Engine/Plugins/NNE/NNEDenoiser/Content/NNED_Oidn2-3_Balanced_Alpha.uasset" 10775
"../../../Engine/Plugins/NNE/NNEDenoiser/Content/NNED_Oidn2-3_Fast.uasset" 10776
"../../../Engine/Plugins/NNE/NNEDenoiser/Content/NNED_Oidn2-3_Fast_Alpha.uasset" 10777
"../../../Engine/Plugins/NNE/NNEDenoiser/Content/NNED_Oidn2-3_HighQuality.uasset" 10778
"../../../Engine/Plugins/NNE/NNEDenoiser/Content/NNE_oidn2-3-0_rt_hdr_alb_nrm_small__dyn__fp16_opset11_DenoiseAlpha.uasset" 10779
"../../../Engine/Plugins/NNE/NNEDenoiser/Content/NNE_oidn2-3-0_rt_hdr_alb_nrm_small__dyn__fp16_opset11_ForwardAlpha.uasset" 10780
"../../../Engine/Plugins/NNE/NNEDenoiser/Content/NNE_oidn2-3-0_rt_hdr_alb_nrm__dyn__fp16_opset11_ForwardAlpha.uasset" 10781
"../../../Engine/Plugins/NNE/NNEDenoiser/Content/NNE_oidn2-3-0_rt_hdr_alb_nrm__dyn__fp16_opset11_DenoiseAlpha.uasset" 10782
"../../../Engine/Plugins/NNE/NNEDenoiser/Content/NNED_Oidn2-3_HighQuality_Alpha.uasset" 10783
"../../../Engine/Plugins/NNE/NNEDenoiser/Content/NNE_oidn2-3-0_rt_hdr_calb_cnrm_large__dyn__fp16_opset11_ForwardAlpha.uasset" 10784
"../../../Engine/Plugins/NNE/NNEDenoiser/Content/NNE_oidn2-3-0_rt_hdr_calb_cnrm_large__dyn__fp16_opset11_DenoiseAlpha.uasset" 10785
"/NNEDenoiser/NNEDTOM_Output_Alpha" 10786
"/NNEDenoiser/NNEDTIM_ColorAlbedoNormal_Default" 10787
"/NNEDenoiser/NNEDTIM_ColorAlbedoNormal_Alpha" 10788
"/NNEDenoiser/NNEDOM_Output_Default" 10789
"/NNEDenoiser/NNEDOM_Output_Alpha" 10790
"/NNEDenoiser/NNEDIM_HighQuality_Default" 10791
"/NNEDenoiser/NNEDIM_HighQuality_Alpha" 10792
"/NNEDenoiser/NNEDIM_ColorAlbedoNormal_Default" 10793
"/NNEDenoiser/NNED_Oidn2-3_Fast" 10794
"/NNEDenoiser/NNED_Oidn2-3_Balanced_Alpha" 10795
"/NNEDenoiser/NNED_Oidn2-3_Balanced" 10796
"/NNEDenoiser/NNEDT_Oidn2-3_Balanced_Alpha" 10797
"/NNEDenoiser/NNEDT_Oidn2-3_Balanced" 10798
"/NNEDenoiser/NNEDIM_ColorAlbedoNormal_Alpha" 10799
"/NNEDenoiser/NNEDTOM_Output_Default" 10800
"/NNEDenoiser/NNE_oidn2-3-0_rt_hdr_calb_cnrm_large__dyn__fp16_opset11_ForwardAlpha" 10801
"/NNEDenoiser/NNE_oidn2-3-0_rt_hdr_calb_cnrm_large__dyn__fp16_opset11_DenoiseAlpha" 10802
"/NNEDenoiser/NNE_oidn2-3-0_rt_hdr_alb_nrm__dyn__fp16_opset11_ForwardAlpha" 10803
"/NNEDenoiser/NNE_oidn2-3-0_rt_hdr_alb_nrm__dyn__fp16_opset11_DenoiseAlpha" 10804
"/NNEDenoiser/NNE_oidn2-3-0_rt_hdr_alb_nrm_small__dyn__fp16_opset11_ForwardAlpha" 10805
"/NNEDenoiser/NNE_oidn2-3-0_rt_hdr_alb_nrm_small__dyn__fp16_opset11_DenoiseAlpha" 10806
"/NNEDenoiser/NNED_Oidn2-3_HighQuality_Alpha" 10807
"/NNEDenoiser/NNED_Oidn2-3_HighQuality" 10808
"/NNEDenoiser/NNED_Oidn2-3_Fast_Alpha" 10809
"C:/Arcadia/Unreal/Projects/BonkSouls/Intermediate/ORTOptimizerPass_OptimizedC7CAF60141C2967E0AE0D3A5F15977C0.onnx" 10810
"C:/Arcadia/Unreal/Projects/BonkSouls/Intermediate/ORTOptimizerPass_OptimizedD104FBEC481D484F3E811C85C05EE2E5.onnx" 10811
"C:/Arcadia/Unreal/Projects/BonkSouls/Intermediate/ORTOptimizerPass_Optimized1258843B43D89DD2820EEEBB3A46C68B.onnx" 10812
"C:/Arcadia/Unreal/Projects/BonkSouls/Intermediate/ORTOptimizerPass_OptimizedA705CCC942B78EFACC8CE3B6F30EE4DD.onnx" 10813
"C:/Arcadia/Unreal/Projects/BonkSouls/Intermediate/ORTOptimizerPass_OptimizedBA35AE0E4BEF0A48C4932CB321E3D879.onnx" 10814
"C:/Arcadia/Unreal/Projects/BonkSouls/Intermediate/ORTOptimizerPass_Optimized459D9BE242AC98F17D065A9F2EA68B19.onnx" 10815
"C:/Arcadia/Unreal/Projects/BonkSouls/Intermediate/ORTOptimizerPass_Optimized3C45B42745FD100D4F41D3BFF4246964.onnx" 10816
"C:/Arcadia/Unreal/Projects/BonkSouls/Intermediate/ORTOptimizerPass_Optimized6CD9BD59489DB97A96B42083A105F292.onnx" 10817
"C:/Arcadia/Unreal/Projects/BonkSouls/Intermediate/ORTOptimizerPass_Optimized7136BFC54FC9246EC2868A9AEE718FE5.onnx" 10818
"C:/Arcadia/Unreal/Projects/BonkSouls/Intermediate/ORTOptimizerPass_Optimized605D496743590F69DC6C65A3C2C30974.onnx" 10819
"C:/Arcadia/Unreal/Projects/BonkSouls/Intermediate/ORTOptimizerPass_Optimized242961F24F371E250F56A0A244C09309.onnx" 10820
"C:/Arcadia/Unreal/Projects/BonkSouls/Intermediate/ORTOptimizerPass_Optimized66789FE24DD3B49B44F65EA816C3C378.onnx" 10821
"../../../Engine/Content/EditorResources/BSPVertex.uasset" 10822
"../../../Engine/Content/EngineMaterials/DefaultBloomKernel.uasset" 10823
"../../../Engine/Content/EngineResources/FilmGrains/Marcie_Grain_v3_128_M2_000.uasset" 10824
"C:/Arcadia/Unreal/Projects/BonkSouls/DerivedDataCache/VT/TEXTURE_7C16439390E24F1F9468894FB4D4BC55_VTCHUNKD2DAB16BFF152507817E734DBB935160EA97A322" 10825
"../../../Engine/Content/EngineDebugMaterials/DebugEditorMaterial.uasset" 10826
"../../../Engine/Content/EngineMaterials/FastBlueNoise_scalar_128x128x64.uasset" 10827
"../../../Engine/Content/EngineResources/Development/ZenLogo_64.uasset" 10828
"C:/Arcadia/Unreal/Projects/BonkSouls/DerivedDataCache/VT/TEXTURE_7C16439390E24F1F9468894FB4D4BC55_VTCHUNK84C05FFC339C0CEFE446DED1628C0AFB5362331E" 10829
"C:/Arcadia/Unreal/Projects/BonkSouls/DerivedDataCache/VT/TEXTURE_7C16439390E24F1F9468894FB4D4BC55_VTCHUNK38740DBD4108040D6985AA56705D97D46F27920C" 10830
"C:/Arcadia/Unreal/Projects/BonkSouls/DerivedDataCache/VT/TEXTURE_7C16439390E24F1F9468894FB4D4BC55_VTCHUNKC0393DE8C5B4673D99D1BECB92AA8C1F72FEB491" 10831
"C:/Arcadia/Unreal/Projects/BonkSouls/DerivedDataCache/VT/TEXTURE_7C16439390E24F1F9468894FB4D4BC55_VTCHUNK02D4C3BCAD7DFA48AB32B8281FB06B8B83DB6275" 10832
"../../../Engine/Content/EngineMaterials/SMAAAreaTex.uasset" 10833
"../../../Engine/Content/EngineMaterials/FastBlueNoise_scalar_128x128x8.uasset" 10834
"../../../Engine/Plugins/Interchange/Runtime/Content/Pipelines/DefaultMaterialXPipeline.uasset" 10835
"../../../Engine/Content/EngineMaterials/SMAASearchTex.uasset" 10836
"../../../Engine/Plugins/Interchange/Runtime/Content/Pipelines/DefaultGLTFAssetsPipeline.uasset" 10837
"../../../Engine/Content/EngineSounds/Master.uasset" 10838
"../../../Engine/Content/EngineMaterials/FastBlueNoise_vec2_128x128x64.uasset" 10839
"../../../Engine/Plugins/Interchange/Runtime/Content/Pipelines/DefaultAudioPipeline.uasset" 10840
"../../../Engine/Plugins/Interchange/Runtime/Content/Pipelines/DefaultAssetsPipeline.uasset" 10841
"/Engine/EngineMaterials/FastBlueNoise_scalar_128x128x64" 10842
"../../../Engine/Plugins/Interchange/Runtime/Content/Pipelines/DefaultSceneAssetsPipeline.uasset" 10843
"../../../Engine/Plugins/Interchange/Assets/Content/Functions/MX_UsdPreviewSurface.uasset" 10844
"../../../Engine/Plugins/Interchange/Assets/Content/Substrate/MX_SimpleVolume.uasset" 10845
"../../../Engine/Plugins/Interchange/Runtime/Content/Pipelines/DefaultTexturePipeline.uasset" 10846
"../../../Engine/Plugins/Interchange/Assets/Content/Functions/MX_OrenNayarBSDF.uasset" 10847
"../../../Engine/Plugins/Interchange/Runtime/Content/Pipelines/DefaultMaterialPipeline.uasset" 10848
"../../../Engine/Plugins/Interchange/Assets/Content/Functions/MX_SurfaceUnlit.uasset" 10849
"../../../Engine/Plugins/Interchange/Assets/Content/Functions/MX_ConductorBSDF.uasset" 10850
"../../../Engine/Plugins/Interchange/Assets/Content/Functions/MX_DielectricBSDF.uasset" 10851
"../../../Engine/Plugins/Interchange/Runtime/Content/Pipelines/DefaultGLTFPipeline.uasset" 10852
"../../../Engine/Plugins/Interchange/Assets/Content/Functions/MX_GeneralizedSchlickBSDF.uasset" 10853
"../../../Engine/Plugins/Interchange/Runtime/Content/Pipelines/DefaultGLTFSceneAssetsPipeline.uasset" 10854
"../../../Engine/Plugins/Interchange/Assets/Content/Functions/MX_SubsurfaceBSDF.uasset" 10855
"../../../Engine/Plugins/Interchange/Assets/Content/Functions/MX_TranslucentBSDF.uasset" 10856
"../../../Engine/Plugins/Interchange/Assets/Content/Functions/MX_BurleyDiffuseBSDF.uasset" 10857
"../../../Engine/Plugins/Interchange/Runtime/Content/Pipelines/DefaultSceneLevelPipeline.uasset" 10858
"../../../Engine/Content/EngineMaterials/EnergyConservation/SheenLegacy_Energy.uasset" 10859
"/Engine/EngineDebugMaterials/DebugEditorMaterial" 10860
"/Engine/EngineResources/Development/ZenLogo_64" 10861
"/Engine/EngineResources/FilmGrains/Marcie_Grain_v3_128_M2_000" 10862
"/Engine/EngineMaterials/DefaultBloomKernel" 10863
"/Engine/EditorResources/BSPVertex" 10864
"../../../Engine/Plugins/Interchange/Assets/Content/Functions/MX_UniformEDF.uasset" 10865
"../../../Engine/Plugins/Interchange/Assets/Content/Functions/MX_SheenBSDF.uasset" 10866
"../../../Engine/Plugins/Interchange/Assets/Content/Functions/MX_ConicalEDF.uasset" 10867
"../../../Engine/Plugins/Interchange/Assets/Content/Functions/MX_ChiangHairBSDF.uasset" 10868
"../../../Engine/Plugins/Interchange/Assets/Content/Functions/MX_MeasuredEDF.uasset" 10869
"../../../Engine/Plugins/Interchange/Assets/Content/Functions/MX_AbsorptionVDF.uasset" 10870
"/InterchangeAssets/Functions/MX_SubsurfaceBSDF" 10871
"/InterchangeAssets/Functions/MX_GeneralizedSchlickBSDF" 10872
"/InterchangeAssets/Functions/MX_ConductorBSDF" 10873
"/InterchangeAssets/Functions/MX_DielectricBSDF" 10874
"/InterchangeAssets/Functions/MX_TranslucentBSDF" 10875
"/InterchangeAssets/Functions/MX_UsdPreviewSurface" 10876
"/InterchangeAssets/Functions/MX_SurfaceUnlit" 10877
"/InterchangeAssets/Functions/MX_BurleyDiffuseBSDF" 10878
"/Interchange/Pipelines/DefaultGLTFSceneAssetsPipeline" 10879
"/InterchangeAssets/Functions/MX_OrenNayarBSDF" 10880
"/Interchange/Pipelines/DefaultSceneLevelPipeline" 10881
"/InterchangeAssets/Substrate/MX_SimpleVolume" 10882
"/Engine/EngineMaterials/EnergyConservation/SheenLegacy_Energy" 10883
"/Interchange/Pipelines/DefaultSceneAssetsPipeline" 10884
"/Engine/EngineMaterials/FastBlueNoise_vec2_128x128x64" 10885
"/Engine/EngineMaterials/FastBlueNoise_scalar_128x128x8" 10886
"/Interchange/Pipelines/DefaultAudioPipeline" 10887
"/Interchange/Pipelines/DefaultTexturePipeline" 10888
"/Interchange/Pipelines/DefaultMaterialPipeline" 10889
"/Interchange/Pipelines/DefaultGLTFPipeline" 10890
"/Interchange/Pipelines/DefaultGLTFAssetsPipeline" 10891
"/Interchange/Pipelines/DefaultMaterialXPipeline" 10892
"/Interchange/Pipelines/DefaultAssetsPipeline" 10893
"/Engine/EngineSounds/Master" 10894
"/Engine/EngineMaterials/SMAASearchTex" 10895
"/Engine/EngineMaterials/SMAAAreaTex" 10896
"/InterchangeAssets/Functions/MX_AbsorptionVDF" 10897
"../../../Engine/Plugins/Interchange/Assets/Content/Functions/MX_AnisotropicVDF.uasset" 10898
"../../../Engine/Plugins/Animation/ControlRig/Content/Controls/ControlRigGizmoMaterial.uasset" 10899
"/InterchangeAssets/Functions/MX_MeasuredEDF" 10900
"/InterchangeAssets/Functions/MX_ConicalEDF" 10901
"/InterchangeAssets/Functions/MX_UniformEDF" 10902
"/InterchangeAssets/Functions/MX_ChiangHairBSDF" 10903
"/InterchangeAssets/Functions/MX_SheenBSDF" 10904
"/ControlRig/Controls/ControlRigGizmoMaterial" 10905
"/InterchangeAssets/Functions/MX_AnisotropicVDF" 10906
"C:/Arcadia/Unreal/Projects/BonkSouls/Saved/Cooked/Windows/BonkSouls/Metadata/CookedSettings.txt" 10907
